N,s_gap,s_gap0,s_rms,sky,s_tempel,m_gap,m_rms
7,248.97168540886454,249.07207819290105,238.75543217177372,0.4796287415531857,238.673631,56412314000526.31,51915857297236.59
42,648.4991015703656,648.5376509791636,650.8783234997163,0.6506454486071823,650.607788,509350613752015.75,513065466052665.06
18,845.3610951473817,845.3906677913949,785.9428352201154,0.30552911908727676,778.004717,407214416633579.4,352419957469723.56
6,259.8093506912027,259.9055572829953,237.65186110414575,0.26888456106715364,237.436911,34587769098125.67,28984715164747.08
14,656.7073661725257,656.7454337757177,608.3595924877911,0.460221045232127,585.923833,370467148288886.5,318341116442266.4
21,519.9548475591158,520.0029264342878,503.1452505418034,0.3814754316000216,502.823648,193544342709975.16,181338219706253.06
12,345.02768418621895,345.10013453330504,317.552451465672,0.32766276640313363,317.247662,73835772424373.69,62635988759631.21
7,331.92140782147686,331.99671831238203,284.55196671438716,0.2592083627913326,284.410684,54205315191947.5,39945438488090.11
10,681.0834948415593,681.1202000716117,620.6577545632551,0.5374558531366924,620.63402,464448531108758.44,386304899743059.3
8,628.2189088221943,628.2587026072528,544.9805629821842,0.2431778579856185,544.944891,180221284265104.88,135969106068957.25
7,596.8386170793561,596.8805029796151,560.6047320975086,0.7049013027524875,560.31753,467745644504168.25,413117927481698.7
9,516.6599249062782,516.7083103687816,474.03585053336207,0.32971593999082777,482.873841,165402862875467.72,139449979986377.5
14,936.8684268256671,936.8951110891766,878.781907270828,0.3945702089816227,878.533792,643477278826436.0,566727327524775.1
14,473.0484921553372,473.1013379081041,466.67007302102553,0.5354546571704311,466.546162,224584145284623.72,218616591023284.28
12,746.3458350125236,746.3793307967076,704.2037747465533,0.640282941035869,703.751457,662527147152717.9,590358890579045.4
18,686.2775279773805,686.3139554218202,672.694034054405,0.5149245259749585,672.220298,451897297256321.4,434333821165391.7
11,588.9046643317148,588.947114494714,559.1708495922868,0.6185868220344127,558.624246,400167608320237.4,361097797971391.25
6,353.9947399013836,354.0653553764449,301.7642476189742,0.41372582200451447,301.701997,97890754386412.92,71336670073035.89
5,492.4573461791584,492.50810938076893,401.4208653708781,0.23830382801244918,401.47022,109014319126426.25,72698029895373.06
11,1105.1768386928793,1105.1994592756487,1019.7419118309391,0.18957721260052068,978.569036,431636245259508.8,367985940972739.9
14,811.1275649683821,811.1583856754098,751.8944089152279,0.6449902793735283,751.460759,787209509109798.8,677240541232810.1
11,781.4964838832368,781.528473135728,738.2827411527271,0.5834612832748207,737.705013,661943083901410.0,591288665338596.4
6,631.820549159718,631.8601161178696,558.2284070215654,0.23605407908202217,557.682667,176982187121989.72,138458363896013.77
13,553.3841987830025,553.4293735091277,511.64676146314974,0.25243163357012116,492.406625,145442115641435.53,124503153151403.77
6,560.7004009185024,560.7449862372104,469.6324894514364,0.43364203573533433,469.662931,255260792625383.78,179606058175988.47
7,282.5596933177811,282.6481563496188,253.23486864059694,0.28649544468344923,253.054916,43501661350722.29,35007863146837.406
5,424.62437411055515,424.6832455946204,347.8755771312693,0.32901308107445826,347.63368,111876038010493.94,75355386350477.98
6,462.9535269557705,463.00752490730355,386.49805984094695,0.59836491101608,386.40075,240240952844012.88,167955708635489.47
7,363.33039687622227,363.3991982575542,326.6908376000417,0.30733285635230134,326.528744,76770423430160.61,62183722407404.484
6,319.07585341822306,319.15419507593407,268.5032547987958,0.30745994181818054,268.160444,59367490854395.81,42167217887346.29
5,401.0827703663362,401.1450967975742,354.2858332983665,0.34168043165600154,353.934768,103728353649551.08,81114036871402.33
5,658.9572944497476,658.9952320833067,541.4522135931446,0.3338273302816046,541.080545,271276058071177.66,183749769752257.22
18,537.3558854559025,537.4024075440088,504.54227993553127,0.5857914110266058,504.385566,316153679428013.56,279005917850864.44
8,582.0333240491817,582.076275331455,529.5279829453157,0.31372146016481445,529.095467,199391553939468.1,165317032479896.7
8,1205.7927336817013,1205.8134667516324,1059.9034382975221,0.32141939845350476,1059.363038,866852657892245.5,670678220289737.8
7,385.9894442431232,386.05420742055793,345.62554027796966,0.4791833012329032,345.442256,134416093466167.97,107985550799883.36
10,659.4232954842826,659.4612063096292,598.7957563244948,0.6405666854544448,598.573803,518425153880627.3,428173833198158.3
32,771.9513350718239,771.98371985371,745.7592837349468,0.8259906222389343,745.399045,913025355240110.5,852119158779701.2
12,883.1625581361278,883.1908650419508,808.1828501967132,0.6293382572709129,807.467601,910528003314277.0,762730083416682.5
5,605.7897118943196,605.8309789347213,487.7400286290059,0.3728059348574904,487.340729,256156383136981.44,166657088893444.72
6,585.4613195835517,585.5040193956944,535.0412965434786,0.301806130745253,534.621303,194131199554526.75,162393085581124.28
6,545.6436736875974,545.6894892109406,477.7572055749254,0.47216186221210993,477.712589,263143249704621.1,202172896040371.0
23,771.1919922928383,771.2244089605808,742.443846641342,0.5616620923616038,742.11816,620833093866787.2,575752433547162.4
18,1009.6369169429026,1009.6616780159429,967.8219301038001,0.47484894359009133,942.579782,897870693635620.5,825038603905766.4
10,928.650866810863,928.6777871945507,851.3897935601891,0.6615014040394838,851.181294,1058189830605155.5,889437683925333.0
5,706.9627872861943,706.9981489420356,592.519974317178,0.4713557440237216,591.936775,439082525823239.6,309359337441123.9
17,607.2720801196016,607.3132464328338,573.7823149925633,0.5441064065402962,573.574425,374497993082410.8,334654918500281.56
7,409.253478289465,409.3145605668403,364.38730958396764,0.42909319042083094,345.346691,135303675727989.53,107485174194072.97
15,292.00611734311786,292.09171944066253,306.548249651023,0.4500879424004175,306.422068,72656623695322.69,80004979488753.17
10,407.9629961678601,408.0242716337564,370.4573285034446,0.23956768824075292,396.400273,75460153339816.16,62328899220620.05
11,316.3978628637935,316.47686744022207,302.4832760127105,0.3134788485979575,302.383534,59516576841813.91,54439823692692.31
6,257.7203346903442,257.81732081631566,227.23114816870734,0.41233396610994816,227.146936,52002993403613.01,40515894943412.83
8,635.3840938257836,635.4234388868671,557.8467980511572,0.3296259878722542,557.523865,249212717960207.16,192510673409424.22
8,574.7467389637304,574.7902347373714,515.6422971199188,0.7256461192407302,515.771073,446701885306867.4,360218638212712.75
12,695.4228576582519,695.4588060795329,643.3788719210842,0.6757697781302823,642.82236,607499519647242.2,520608308671472.2
6,612.121739250085,612.1625794366633,508.2632402260672,0.7921521277210305,508.123753,552155246679457.06,381867077426167.9
6,439.0447829033603,439.1017210108141,388.1803178252445,0.1989519316893037,516.712181,72604328544565.78,56879041850196.24
15,317.46053747598364,317.5392776563876,314.04024972982506,0.31964693291550467,313.720083,61081922426234.62,59784212756842.85
5,356.8692081807253,356.9392549826061,300.2045423198146,0.3725443532209126,300.244287,89654963664900.14,63638109430763.9
9,606.8412499089172,606.8824454464118,540.6504658275315,0.45578079999862936,540.182303,313736262050333.9,249494662137092.16
8,978.5212563300886,978.5468047517272,874.755846211097,0.3021670313399712,874.242069,538333678193117.25,431016978755829.7
27,517.763671317433,517.8119536435083,496.71953434676595,0.5881861716669688,496.324824,294887674904089.6,271586554554097.84
22,518.8579644675076,518.9061449736025,511.46099783336126,0.6087494168245368,511.165564,306392557828813.75,297788203615816.3
17,380.30648505006957,380.37221582436695,358.29872017531176,0.3965399350060163,357.93681,108193012980598.42,96135429161944.58
7,330.51442763271166,330.5900586426927,291.02394134089445,0.37703288928454204,290.845653,77926270689349.48,60552607125862.375
5,220.94513317334804,221.0582544782902,192.40234211562492,0.2418638997222183,192.131272,22584243655422.85,17166564712141.33
13,474.38363417999176,474.43633121612453,456.2376486022333,0.5009641012840421,455.835093,211409884895057.28,195672119876534.12
26,708.3627251517916,708.398016925847,674.8491661821816,0.5782882890013314,674.245859,539895622362985.3,490397656889466.94
12,481.4463430915387,481.49826715806114,446.6982333929194,0.48398202852802946,446.330321,210378634515073.72,181340031212900.7
5,235.85005797758961,235.95603371821707,194.67865194944022,0.05071994711695138,194.472234,5463188680586.721,3734529187487.9355
7,240.18594514453838,240.29000862494303,219.38514144518493,0.34063564343911573,219.38985,37422302709798.65,31270682598495.02
6,933.9962467384887,934.0230130578068,804.0776159187657,0.3676851343333362,803.945146,596319943855952.4,443039748531501.56
5,1101.4036627729497,1101.4263608474555,901.7808268139969,0.38895288498623126,901.42874,875221356265534.2,588111349542411.4
9,489.3950817438259,489.4461625501277,441.23729208962766,0.5205437373351622,441.009116,233604867021987.44,190218053866061.06
7,435.83722184240816,435.8945789331504,384.91053580674856,0.3632948117421037,384.830265,129968182490025.69,101594291274001.83
6,497.06663249235686,497.11692501592796,430.42678617462377,0.2237854258510636,430.278617,104339190725987.69,78438433456643.8
7,612.9134159352069,612.9542033735995,535.4442135807948,0.49692917237846496,534.941689,348625487799102.8,266660631701306.34
24,307.2466399193935,307.32799700280714,305.047742737062,0.4858575889609676,304.686624,86694662264778.88,85469112273063.69
6,1011.2843211447171,1011.3090418824165,883.5797243317229,0.3706037859231971,883.402286,703721272652524.8,538350562061684.5
7,235.9863309007295,236.09224547195234,202.18511504285914,0.19989503837897582,202.021722,21304042539945.39,15679335267379.275
9,1316.558539373036,1316.5775281372769,1162.6326629462208,0.3277118310047426,1162.151393,1053659641443583.5,821684390059360.1
7,619.4575829536774,619.4979395274952,537.8724359551729,0.44490473292577104,537.591399,319070880415109.56,241112039681729.06
8,645.4555579981213,645.4942891696767,583.3818143716086,0.6704525984878934,583.292314,519857668278400.1,425399049731793.06
5,134.96422626322175,135.14933359373293,128.69182131481145,0.16983902988815144,128.575639,5985804859952.74,5446860044704.718
14,551.089353806109,551.1347166332699,531.5566787760395,0.5971953404832512,531.025339,338792389816500.4,315395378759830.56
8,628.1378557352233,628.1776546548311,558.1336635201658,0.3300338965188933,558.04189,243905124820971.16,192943311461888.12
8,535.2931385387884,535.339839883701,477.5927909240501,0.35760173051197286,477.159732,192305011825152.75,153391561856890.88
12,817.5060456395254,817.5366258811734,770.7339885430237,0.5476447471147918,769.97198,679742263108593.4,604745707703715.8
6,434.6171597599304,434.67467784285395,405.9472405909816,0.49736605071181955,405.880561,176454218582539.34,154128534107300.84
5,494.1144414301541,494.16503440635415,399.6471106180636,0.40621654666489415,399.28047,186185619882595.44,122258262878765.16
29,482.41554620931817,482.4673659683469,457.74014721156584,0.3055495556015115,458.947126,133886959727836.23,120653128830593.45
10,288.73679354563905,288.8233646141132,262.5272919534343,0.1715947632413587,262.320584,27318285283347.594,22621031822018.895
11,705.0633421180163,705.0987990336014,675.3971311621938,0.3285296824751462,650.171731,305341457939002.2,280382462386969.75
10,352.4733436001036,352.54426381468284,319.37530793001525,0.6792883519676118,319.15374,158657999014998.56,130488001534238.75
5,492.87838752968986,492.9291073713006,439.596983921334,0.4521691792050091,439.195585,206030303651507.62,164222146092017.88
11,560.340080218733,560.3846942052719,556.725521066716,0.46983171863629514,556.179527,276031754687484.97,272510669484138.44
17,717.7067111253422,717.7415434502558,673.7792177234471,0.3670202248012726,673.924276,353023479059807.25,311465209793914.8
5,397.60430678234377,397.66717839402855,353.8022078877442,0.6116541084451055,353.676248,181567934927834.3,144064443149422.84
7,350.5720560960759,350.64336086033376,317.9385265963357,0.4611075144078281,317.720693,106917287638626.5,88091759635636.88
25,452.17498122807535,452.23026617931083,461.52443207711246,0.4905039428665657,461.409695,188254776842908.5,196048946730602.03
11,928.1829151283666,928.2098490838118,851.0420265875028,0.6238234097920907,850.849512,996911681459692.1,838091737104860.8
14,593.29319533922,593.3353315249497,554.6315949735072,0.3412805042505269,554.525981,225157411161513.12,196985727172608.22
17,439.62591138053955,439.6827742329349,457.1723142076112,0.38184332836590607,457.125434,138906654283279.86,150111957262432.78
16,666.4622907277788,666.4998011718521,664.2483206079227,0.49208947005946185,663.702769,407640521016982.25,404959677861071.0
8,381.2580258383606,381.32359259055033,343.12630268104635,0.2860011794033537,342.959885,78649142418888.95,63821866870913.21
6,649.101398410818,649.1399120520009,546.8673232959449,0.4488951424271919,546.453894,353173402336260.75,251393488582144.44
15,835.8213838095187,835.8512939711578,786.3891434088802,0.4095692393138738,753.234699,532422125180828.94,471778153252747.0
13,591.5436697124578,591.5859305095764,543.8986533651341,0.5174663707158794,543.337784,338247777574306.56,286352569199942.75
8,415.7846653027592,415.8447882334556,381.22522838205833,0.31821319607602666,380.928017,103815265174961.36,87409478812424.16
6,482.3796780761944,482.43150168795256,406.12337542931755,0.3973150747136207,405.559618,173666923696050.47,123475146523932.23
8,561.6320778750469,561.6765892381867,497.23587228742787,0.5008269135616301,496.93535,295436077999044.7,232028870079149.75
6,455.5012527645554,455.5561340494488,389.838005476494,0.3214141500748067,389.680429,125633344251687.89,92278195528208.4
6,387.8560369545695,387.9204885051889,323.28717202316227,0.31977779765082964,298.301716,90889620607955.31,63350126824962.52
11,537.1371780530015,537.1837190819747,494.56556625925015,0.4153600470770124,494.476804,224615498811643.84,190683472328177.56
6,505.5151767045917,505.56462878515794,429.9646129593483,0.5301293308846193,397.917682,253666702742992.84,184003692206160.47
6,351.012088791516,351.0833041854641,309.8933801047996,0.4156124115680885,309.660845,96697652606870.17,75536541954653.14
6,310.8162463205832,310.8966692919328,326.350912429227,0.3504221893904822,326.345038,64161166853305.19,70674356813240.52
15,832.4104815909216,832.4405143086382,770.5432627143531,0.6153801735267476,770.045759,790971839105166.1,678588959475299.6
6,359.61858162592927,359.6880930064896,311.6745328172354,0.25355754727117036,311.357665,62166394195091.305,46812857203054.1
15,438.5393824884727,438.5963862064654,406.63124520812516,0.34928644897091154,402.031402,126541138727586.38,108943433199580.55
7,619.7988732209593,619.8392075740053,543.8434284298311,0.23178859181281528,543.238853,167317906019790.3,129120267356316.45
17,369.11436192457023,369.18208539822547,344.5692253713838,0.5195899525954228,344.385906,133294996749197.36,116299084251632.4
8,560.4399949971013,560.4846010305287,496.0405251275215,0.7549616350108495,495.814267,441939784463345.0,346931530136673.44
5,549.3732653529368,549.4187698691666,478.54236261709957,0.3105311635541094,478.192603,176032036847012.8,133893597638297.36
10,449.2088040774296,449.2644540364556,418.0993599906316,0.4457533717908211,417.765736,169005546495349.4,146593909461656.03
54,788.7601577405102,788.7918524166147,758.4682291098065,0.3602033772145237,750.653536,417856607804605.06,386636110419439.3
8,625.7693911800825,625.8093407243864,556.3838592061943,0.34507217366592624,556.166575,253023473551628.72,200404574784325.03
5,414.7367291669305,414.79700399121,352.88037568185985,0.34787868293140467,352.670034,112837500306561.53,81924245545681.75
30,425.4184804632616,425.47724207020815,410.4181705684938,0.4176056150305006,410.013874,142225903323994.28,132457074565677.03
17,383.2460209574285,383.3112476561335,383.2630069220282,0.3705503207328647,382.882248,102718825848707.33,102727850200134.61
8,728.6154934250449,728.6498042674694,661.2926736548739,0.42046151439334895,660.688137,416224130680624.44,343428341826054.44
6,603.7561285589849,603.7975345863325,527.8262579561604,0.2199686042196415,527.733627,150812027291912.8,115539600708468.14
11,585.5385992511896,585.5812934282013,532.8319399504747,0.5623872631113866,532.718302,359992221954774.25,298572988189175.3
18,595.2306606132895,595.2726596561722,563.5542974793268,0.38532348588847354,545.075597,255612558581747.53,229333709207813.16
28,417.55184177128257,417.6117102843144,408.29443087148366,0.3234347442280794,407.888917,106394155692486.78,101769437044580.22
13,483.0136537213683,483.06540931975854,449.6206036378603,0.4183415272966612,449.217265,183250438161297.2,158990256479012.47
7,452.38690326089966,452.4421623168939,390.2438436568653,0.3388936982759149,389.952507,130615135246353.17,97451514110964.52
8,470.70400424578304,470.7571131836609,433.50771691413814,0.5095643294148192,433.014944,211713720809668.53,179829603647293.75
13,206.98084517225772,207.1015940745559,200.0513878318743,0.19083627935282482,199.877316,15687244255342.03,14662884986813.863
5,251.32948263735918,251.42893398088182,234.07120253681074,0.24741901572713268,222.113556,29821723740832.43,25898604233815.05
8,351.4468705867077,351.5179978965374,308.58182109062056,0.4348134043002517,308.151533,101372770639596.2,78333458053183.67
12,609.1847138236924,609.2257508973615,567.4990150965883,0.5834226845181096,567.217089,403829953735184.5,350877789680790.2
5,621.074747067078,621.1149985666382,516.6531956591616,0.3711062478227331,516.252866,267920061849449.28,185966414873335.66
5,366.26102088940814,366.3292718620114,295.31386385594783,0.22452535725386433,295.084071,57143395641023.92,37289957468977.63
6,495.03826407026776,495.0887626413108,451.77767038355995,0.19908876324111033,451.310565,92171056487934.2,76890330418322.23
5,781.1436058531366,781.1756095560334,666.25095375471,0.2026947353523882,860.332435,231759641424485.97,169054537463716.06
6,444.87583114850275,444.93202305528774,376.58880257690186,0.2168234272506572,376.341006,81161466939667.1,58328558882643.13
11,472.19838394520895,472.2513248265874,453.16173454400064,0.6336923982509641,452.815385,264479849057876.72,243747235348184.97
5,821.174665482329,821.2051091110034,684.5683447707781,0.18966560239116478,683.874949,239593679302196.03,167023600040698.75
6,662.645310038237,662.6830365383372,568.589174759884,0.41212108347823256,568.676547,338040377315545.56,249513363191593.97
5,705.0561167874915,705.0915740664166,602.7508575530356,0.3855076052232609,602.496019,357807659435503.06,262183090104275.38
8,376.91389526007964,376.98021757132864,341.2181491348889,0.28419724084418513,340.944405,76401906758764.45,62725553711686.734
5,610.9935388374284,611.0344544304227,497.5041064896457,0.5831764205471544,497.281698,406041105549391.25,270136504813573.12
6,679.0323602807335,679.0691763792728,567.5994251848668,0.5787044838052063,567.345817,496797945512728.3,348186423471341.4
10,855.2754169215203,855.3046467722951,784.6572149324838,0.7792439340950599,784.489275,1057336647733910.8,889941074047229.2
15,365.2979383126473,365.36636919053,351.9927341112562,0.3205283249915535,352.076715,80898331369329.58,75161768934879.69
16,450.15336548460357,450.20889868717063,432.30801699999154,0.23428253355943116,432.046794,89709153417475.38,82797042707976.08
7,395.99026280151446,396.0533906351674,354.05337645056466,0.34670946587729107,353.837343,102609228896556.5,82190225436257.75
5,362.8611296206202,362.9300199619102,299.1271511255717,0.5109851476849706,299.101456,126740631827640.03,86425351989239.36
5,225.83253441434044,225.94320879372378,203.2052561752262,0.2673834075223165,212.266052,26051485383457.83,21131068631438.21
6,445.9864341391829,446.0424861335338,395.33094013430565,0.31895176565592237,395.217049,119570068621427.08,94152949176987.25
7,183.80311407129398,183.93907888837842,161.4846442727649,0.2001342358022475,161.328918,12994192336663.281,10052387183669.379
12,456.1064572860574,456.16126575810677,423.5111878021874,0.3346438710814362,423.060258,131102460596357.77,113183038248091.31
5,527.6310763029878,527.6784557670035,426.7935349724121,0.2802984239904162,425.997927,146804075898965.44,96416410495237.56
28,481.08681529497,481.1387781614121,466.8590277524597,0.36863597362365513,510.577744,160382831314296.38,151117084630928.56
13,342.3236894041529,342.39671191071756,343.9433599884644,0.47753095377360505,343.807214,105588208326504.1,106580766303305.47
11,457.01500676622663,457.06970629164886,431.5043504133985,0.3875097187190347,431.414293,152215797523536.25,135834777879092.88
5,514.7071355749697,514.7557045937327,436.2183068548576,0.4441928184110734,435.692347,220597436136879.12,158901718926132.3
7,575.5857177518054,575.6291501304125,506.2447228813398,0.40866793985431804,506.160742,253516320989302.34,196523637549578.6
35,607.2184107221061,607.2595806736032,590.336964175425,0.5101903207812718,594.946198,351285387545309.1,332184132088178.8
8,365.7310431809235,365.79939303695755,327.39324466858506,0.19459223308970972,327.192927,49445286745249.945,39699371829953.625
8,403.82204825527543,403.88395196774775,398.1474548271198,0.7058412060713941,397.823679,215810887450663.34,209836315459978.06
7,954.5880782927431,954.6142672402462,829.1416615486676,0.3986593970197061,828.555862,674718938974038.4,510161531745596.6
19,552.6886804566949,552.7339120272634,543.9394706197255,0.327766959009997,559.454497,187941733723909.97,182090065179539.94
10,719.9988173762615,720.0335388183074,652.6176478066367,0.6351804780743202,618.896124,612046421801360.4,503624903242854.0
18,404.31818428794094,404.38001205041945,388.0295799739855,0.3566021853184107,387.596686,109954321308778.1,101347646158686.03
8,355.416797508655,355.4871305002592,348.4750164053756,0.29866193304212596,348.079785,71435659796394.19,68696278586880.88
5,193.04520277204895,193.1746627104639,158.67992296490075,0.17125580468357246,158.54283,12271529953546.924,8319264207685.791
9,836.4643907318402,836.494277901761,745.6031934862475,0.41148122853231295,745.179859,535704965322499.56,426460576013776.7
7,589.3159917106536,589.3584122466661,535.8331850558059,0.3115650308372012,535.296914,202977838459739.6,168088831404894.06
6,227.38374596118373,227.49366568619033,195.20201894893515,0.1777972498616411,194.978556,17621327341809.81,13019925812493.756
5,425.8261228261115,425.8848281884653,369.79872366806103,0.30381006026441576,369.6146,103960269950852.48,78600181310520.75
6,302.76177638782605,302.8443383018939,259.92268589084085,0.3387090713368396,259.762627,58888753395715.45,43519244763317.25
5,573.8446087592237,573.8881729065572,533.8727582085188,0.4283767919728466,533.520184,264049544866676.22,228812844195766.9
5,334.16814204762966,334.2429463123565,274.0718480791129,0.491882758712756,273.851428,103658207545589.22,69972843304486.05
8,485.33942978523635,485.3909373940333,448.8391129785185,0.33308436869472285,448.401238,147598243269387.25,126407412334260.92
5,488.0538256470439,488.10504681750126,418.77905207732016,0.43917787996265384,418.57707,196292491462778.7,144916323837414.25
5,506.7849686821786,506.8342968685098,428.97095245122034,0.38540416465635685,428.667849,185825289842082.66,133535397387097.6
5,661.0555934189138,661.0934106390959,552.1748367089817,0.24175345480911303,551.868411,198215905202154.1,138740050453041.89
13,647.5053904702455,647.5439990363784,611.114132714813,0.431297837883796,610.911797,337791174062386.06,301179626469873.5
5,516.3006472375762,516.3490663668717,448.06030263975117,0.2478033282671323,448.07556,124454361308518.86,93966941430150.55
5,233.37275099575666,233.47985118062638,195.16231359007622,0.10628511309721612,195.099249,11139664501120.617,7814403925533.458
12,494.06611669704904,494.1167146212543,451.55902860655624,0.3721497815470329,461.024994,170670949649493.47,142794348481749.62
9,601.4045026869217,601.4460706099122,559.6211552954657,0.3472307689297896,559.379871,235305077892346.88,203982274314597.8
6,473.8266735180352,473.879432490129,397.4596573040233,0.30089863467129474,397.050305,127253654679188.14,89820882030564.88
6,321.1031387768969,321.18098594464635,269.82814236313277,0.24232823025369413,269.631964,47481518136219.26,33630486548029.164
5,274.63234129206734,274.72335700402783,224.01351506598027,0.20291064666400754,223.76431,29207867425333.71,19501683323540.883
10,558.9467407634385,558.9914659545981,523.0218054528892,0.46122350873040585,522.49273,269679714725407.4,236382096370544.88
11,345.8995865753443,345.9718543364389,317.2659551687008,0.31373707834875036,317.098553,71079521529539.78,59889592246239.26
6,492.94876912300623,492.9994817237508,432.8848971430583,0.4215217771555743,432.551488,192235079950927.66,148584945451178.88
7,460.6931830112556,460.7474458670848,399.75900734059945,0.33319167367903985,399.301407,133153639991552.38,100513159316120.81
8,549.7677841151291,549.8132559795728,534.3438468846954,0.3656500387038334,533.932557,207278093826692.72,195903750107331.88
10,481.98786192557174,482.03972766109644,443.3382233057658,0.36782505998983367,442.854073,160627847847562.88,136101241686060.53
18,646.8992022720304,646.9378470148343,611.2846085633495,0.6991598874520947,610.854948,544346690190091.3,486501130657796.7
6,570.3090966618847,570.3529308553564,476.7644189590737,0.4480642526981572,476.657093,272720060332155.78,191152068369706.97
5,255.90402152866508,256.00169576497626,213.50757781795292,0.3825885686240664,213.323868,47610992251660.72,33247356178149.277
6,300.6133950571605,300.6965468504626,252.1704733977018,0.3648812839319554,251.962546,62508916393909.55,44121818925152.41
5,424.48712238940556,424.5460129060667,363.61702547949767,0.45923367701476,363.572427,155594319770064.84,114484365096463.06
5,566.1059782393642,566.1501378595146,473.11019772343496,0.47701673671253864,472.935144,285967621369655.3,200312709670556.62
5,336.11037755877135,336.1847496581304,298.95738986379536,0.2625534647185877,298.886638,56280685971090.56,44617659162434.42
5,358.3348005673555,358.40456093309757,344.0476960128598,0.24920921868685836,343.736568,60677865744751.9,55975772977049.55
16,525.457789567636,525.5053649748079,502.43921941487054,0.8826575049142308,502.132525,454094608897629.9,415499019597877.3
6,302.8260133500674,302.90855775546385,273.58254047782253,0.29206972919303015,273.356829,50867413455383.766,41591384120588.19
6,455.6413563890707,455.6962208007349,386.5977950885046,0.2265675799652199,386.218469,88890555344413.06,64178374138965.875
5,519.6491648328129,519.6972719876832,435.8836961125439,0.285893364275072,435.454356,145252130824722.38,102518089621345.16
5,467.4596915131114,467.5131690011879,418.8005826061224,0.31165788921911475,469.275026,128276313780529.47,103162862727369.75
20,441.9721669313342,442.0287279600492,421.48003728866547,0.3791974602633248,472.980541,139415912649001.89,126894103889629.3
8,363.2880935393037,363.3569029307437,351.50181062086085,0.32960826431953955,351.161128,82264768792424.02,77058447126031.83
6,629.6826466650882,629.7223479527706,537.5444427753441,0.3323268665554524,537.457911,246785535588965.12,180323383066727.06
15,379.7424543772949,379.80828276446516,359.18248010457285,0.3258023547752109,358.869274,88786851828046.8,79511611990589.52
15,479.88851050195694,479.9406031081209,448.26281893299404,0.5097909793609983,448.078308,220084597160195.78,192249993345621.9
6,309.36120043903435,309.44200157231467,271.15733733059557,0.2092253006097985,270.97694,38125865062694.64,29358179097807.426
7,426.4707721240744,426.5293887601465,388.1209517368453,0.30664286724904494,360.761829,105236026348097.94,87306925898893.1
7,362.39053622512694,362.45951600907796,332.334841060819,0.3675193615146847,332.295643,91189731499691.47,76808894641008.22
14,527.9565941196148,528.0039443738879,503.91076340246696,0.49236765735698207,503.629916,256952895511440.4,234256885106183.0
12,535.6851361174953,535.7318032908065,486.8318015702551,0.4665540253280379,486.514672,250712465408836.25,207389671261473.06
13,606.1218225361486,606.1630669667546,568.9105395628523,0.5385836461698986,568.859129,369337886202916.44,325732448622111.1
6,432.3707699665503,432.42858684581387,364.2269713841212,0.5870594492408678,363.814106,205848853297970.16,146517866558846.25
21,438.3351010931846,438.3921313736965,419.7867205857576,0.31332323272133794,409.70349,113517357270453.17,104193800274410.39
5,231.5189631150997,231.62692046023253,192.39530677300863,0.3033973237170304,192.19142,31020458350224.64,21490869659261.426
15,381.2279528569896,381.2935247804912,376.5271817517401,0.2259455614212431,364.366086,62253359430666.12,60740827715870.73
18,502.37533451458347,502.42509563977757,503.79639218871364,0.4465350671301925,503.390045,211335628672632.34,212523204905036.5
7,857.575449072059,857.6046005305379,743.8283514370884,0.43515995064607393,743.250056,594996245383290.2,448660546558307.75
8,669.4315300495373,669.4688741266949,603.2143031087013,0.382476816992853,602.625515,320331560760571.56,260535438283998.03
17,339.6550606301003,339.7286567418726,338.47163172587966,0.28196761485717414,338.123861,61673832072563.734,61248569556037.79
7,337.6558717400565,337.72990350358003,301.1644910714026,0.2766678924721091,301.002466,59820547083109.7,47684951896279.75
12,643.3191552600143,643.3580150464113,585.0342726668274,0.4724186722452172,584.433076,364985120002022.9,302328990047870.3
6,376.92193239111054,376.9882532884134,345.01096859232774,0.24622927484429585,316.151205,66281218309346.97,55619711530400.06
5,514.7017205521205,514.7502900818154,476.1864272325685,0.38274610422399075,476.238575,190313742435660.16,163121902272842.2
6,517.1659887024017,517.2143268225782,454.90086559765496,0.28779033430104495,455.200992,144825653133514.16,112307501627824.05
6,509.9896080414008,510.03862629238347,443.95225498110284,0.2724237659259616,443.505011,133412172122690.86,101348538254043.62
6,292.0631256788673,292.14871107247734,244.330466575326,0.2251010499853077,244.135599,36573303654006.445,25675144658717.023
16,395.42473834726394,395.4879564500064,370.3482985482692,0.4732819580764319,370.117866,139286272033636.42,122322363366598.3
6,525.17271059563,525.2203118257721,450.391137616338,0.31502507469866653,450.118778,163302412959162.4,120434470907668.27
20,426.6786379857379,426.737226069351,406.47088892280703,0.23393542294091843,406.018459,80555102944838.02,73168097447704.56
7,208.51160450567548,208.631467457647,188.16501653370895,0.31787608828616293,188.111351,26399341825551.957,21536784048115.156
7,219.73696055412307,219.85070350936846,200.73857388476557,0.15652234391674602,200.621863,14510970312307.115,12128788448583.172
6,484.19964710249974,484.25127594481904,405.2582619577728,0.3853766388724043,404.971691,169756686902634.9,119292297012286.02
13,498.43738198317476,498.4875362115298,508.5839242260776,0.6377377611303695,508.399445,296295521012104.94,308380625494791.2
6,442.6858370671665,442.74230692340427,367.0906039283327,0.3957028580938739,366.662434,145895288320503.06,100656638949575.53
9,408.0190462981638,408.08031334783004,368.50085049161345,0.3448965794710378,368.145467,108315389847528.52,88510372154231.94
5,379.0797131914929,379.14565664575997,311.11768938756427,0.5125115007024885,310.929678,138625726743812.83,93704180481921.38
7,225.04372216230118,225.15478428108742,195.47690306179956,0.1966908786309431,195.443202,19081723168506.734,14431429138280.219
16,566.1842924103338,566.2284459228363,532.6061633976835,0.5977312734893984,518.922071,357759706923787.5,316913443754375.5
11,459.8267109247477,459.88107601843274,419.4755893605206,0.3748304474975653,419.197984,149080300007932.16,124265857369839.94
9,676.0477364232274,676.0847150490607,612.9386956031238,0.4054806906742436,612.562937,346113302134748.44,284973442761719.44
14,426.90814657777634,426.96670316837606,393.18746320559853,0.4348294714940903,392.76167,149068257796998.56,126633400850455.58
6,779.6340513287323,779.666116995764,656.4849427689471,0.29724107233387526,656.353233,337503158854284.75,239976324117449.8
15,561.763215727033,561.8077167002755,537.8840872514977,0.44684723733291354,519.400757,263959780042163.4,242166622523741.44
6,310.5637623835657,310.64425072071725,270.29692464871454,0.36535139769352315,270.302259,66762475389648.5,50695885836293.695
5,184.7471381859683,184.88240875731057,147.7528896374431,0.16282579714878379,147.788671,10698672128002.906,6869392431476.427
6,629.9431756704606,629.9828605397014,570.8457284788146,0.37870068292294845,570.367732,281155684333441.34,231246429860804.6
6,564.357384752224,564.401681184925,493.4057792978242,0.5855894667905335,493.471819,348314377122820.0,266830464408185.75
5,699.7128012755373,699.7485293081077,572.9850048159971,0.3658841098246353,572.62629,334658762446397.56,225147047930724.28
10,314.7063727553913,314.78580186033696,283.52617426889213,0.3950387652843533,283.39598,74057841309939.89,60220365828660.84
8,293.7483919373438,293.83348646091264,281.8391524592224,0.4019225359549268,281.729998,65716481765002.75,60539939999048.89
5,402.1536182218393,402.2157787169927,328.24560341433175,0.24160678327120488,412.01417,73963636019112.98,49451810922609.28
16,656.9409458595098,656.9789999282987,631.40658538041,0.3960149776987197,621.488203,319416417329487.5,295259588091509.06
18,383.01942183783297,383.084687118903,363.6538936040063,0.4163720525793701,377.4713,115165925712164.53,103910769667980.02
10,504.60744902193244,504.656990052077,459.7991116835416,0.3064484293450907,459.68193,146798489380213.38,122086155834455.23
5,441.1149650669141,441.1716359944108,388.6903433261673,0.7814195058978479,447.180135,284442564446297.4,221303849783340.0
10,515.509574408816,515.5580678324786,492.09753431455465,0.3825905406526562,523.220367,190829408390174.8,174033348009204.78
8,255.27512102349243,255.37303579970754,229.64153252100604,0.2419493585819123,229.516984,30083001881788.086,24389337321012.043
9,382.5745123162965,382.6398534837322,341.1545802114499,0.39641847148288434,340.758514,109442480261731.81,87205222167590.4
8,949.4715812892084,949.4979113593826,830.0935423474301,0.43606470353838594,830.075822,729683690310725.6,558907985210085.6
10,333.8219399511489,333.8968217769503,297.4386874511682,0.26350175835570583,297.289298,55722349328461.72,44327569421203.15
51,477.18584947133786,477.2382370846686,471.7863105166824,0.4617121594411838,472.888619,197267225743934.5,192867150633787.8
5,648.668660253208,648.7071995859856,558.1752335232162,0.1505111005408249,557.641597,119364520810831.25,88620278324442.86
7,562.8764300616924,562.9208430312341,486.8429228349794,0.3967064060981444,486.630895,235489909499489.12,176598063636657.25
5,545.483822686744,545.5296516349439,448.8502911420492,0.1781073054707476,448.447696,100045133127347.52,67972869892584.125
7,285.43470081861557,285.52227309163214,248.37219010670688,0.2058737991432811,248.293666,31986097499598.6,24277228410658.617
5,285.3152573713942,285.40286629412975,263.1216342669773,0.3606750860387447,262.865105,55716355200876.51,47452932673200.57
6,486.9515260476071,487.00286315389707,464.54166810868657,0.5041792792181703,464.212712,224083272188364.0,204088474721267.88
5,493.10567550494414,493.1563719705822,428.3680953093007,0.33243628784936197,428.311552,152023088367869.3,115013461333098.55
9,435.89502867296295,435.9523781582149,412.8259580093562,0.42074445651718395,412.873528,150364716625301.12,135000171638519.77
5,527.8275724957954,527.8749343232771,431.0017966056723,0.29944254085339506,430.933909,156854610586694.22,104962663877876.06
9,288.21389169044187,288.3006197762151,285.36424001931135,0.2963120681712182,285.05701,46780812681834.52,45868306967112.35
5,328.00073435572614,328.0769448435773,279.38102983333494,0.2372428360782779,279.130183,48494568905162.28,35282380202010.984
7,392.9517237434586,393.01533964077714,353.0862593755713,0.4022106874885535,352.727069,117076182930589.22,94706477334745.53
5,334.0901381939908,334.16495992021646,279.3065864681741,0.3748923075116279,279.043945,79158418445923.67,55500941365885.11
9,491.18543110540156,491.2363257437292,454.66449145984444,0.7564900035269434,454.234835,340913378698150.6,292477915141720.8
6,485.6134402213983,485.6649187697847,417.9731449289976,0.43481443335171527,417.583934,192437763639593.6,142942337943899.22
5,398.58119548346775,398.6439130264381,341.56767587847077,0.26964812595476556,341.189284,81022150764192.06,59662864850802.12
8,812.7750193591276,812.8057775964871,708.4437922210293,0.3930148321725713,708.193126,483496416604988.75,368198602160336.6
7,328.83822019481227,328.9142366345547,289.57009995546986,0.332909141334718,289.441973,68191270918696.52,52995900850521.93
7,575.9332706650388,575.9766768359017,506.3184959707671,0.21405531396290606,505.810305,133687305443143.81,103559353410190.88
5,476.2307737287324,476.2832663932958,394.9979908216953,0.4512380688060921,394.648318,192067151922415.66,132570790758027.08
7,240.36045978916954,240.46444774656604,241.79721478703982,0.3036586666358317,241.528873,33441669609607.17,33839133197599.9
6,322.0327340193116,322.110356523898,271.6613010608117,0.3710325930088299,271.807597,72844384921223.23,51993633057951.125
5,656.2333470092314,656.2714421083232,568.2970831276017,0.5838789716816464,568.133,468383869463898.25,352129761405312.75
10,276.3029861875887,276.3934517606719,271.25242424997003,0.47737113220545535,271.161527,69026975190156.13,66548136724021.766
7,474.7061565648048,474.75881780176445,409.34120252260055,0.540367460191379,408.950544,228206112963980.47,170115728430447.1
5,456.20248652505944,456.2572834614775,389.49501016140795,0.28714887223999724,389.389839,112695859749647.23,82379460634382.77
5,803.0914268020452,803.1225559047291,669.5427709859788,0.33214818448947747,669.04636,399593585245336.7,278592285519383.75
5,441.11510049979734,441.1717714098969,356.13034415721023,0.2888509699404111,355.809916,106047568400506.34,69384649392865.016
9,294.73325190027464,294.8180621598866,272.7602797670902,0.36550295195858234,272.51274,60209801401446.35,51637136298912.29
9,659.8301703274198,659.8680577769406,618.5791774219124,0.6691320944922695,618.100579,542021770207133.7,476867542565031.25
17,741.5391691767542,741.5728820711764,688.5172027134072,0.628361208484375,687.838471,642003140784045.1,554119939199913.8
15,376.20542467268507,376.27187186016886,361.39343973012643,0.25222454771504055,351.096606,67625124688961.53,62448973277119.85
5,314.8329295678326,314.91232675184983,265.4359634939262,0.27873578406900845,265.188188,52456761835355.2,37398990695674.63
13,366.5994625483681,366.66765052394834,343.73836660293557,0.33783345016066196,343.343225,85829086105316.11,75544396772329.73
6,314.2850613105395,314.3645968663926,267.38056471664476,0.19377186372700006,267.158842,36457223658712.14,26461608744384.7
10,361.14999727573894,361.2192139577659,350.0255254359228,0.2955516331825589,349.652263,72976925906365.17,68588122475072.836
27,649.2360449870027,649.2745506412257,672.1470491314649,0.4128391359820723,659.421429,325171475609048.9,348320557592635.5
5,415.3522370486051,415.4124225649501,373.64892697331453,0.3267050241183719,373.351663,106341103462090.1,86221132431328.78
14,435.71277539303577,435.7701488637124,403.9565662943827,0.3348404535063659,402.006025,119807751442510.84,103119220857908.67
6,267.6869195507076,267.78029594902426,250.56154116781627,0.23283800123234002,250.431268,31818152284548.74,27909158710600.38
7,323.1378191104812,323.2151762208546,281.1241126858308,0.6810173308707369,280.900781,133889861715283.28,101588626568217.05
8,379.5882024715833,379.65405760456156,343.22579139496935,0.32591377706300867,342.93082,88745447233401.53,72686689342935.92
34,687.2876182675911,687.3239921783162,662.1200666389371,0.8694896129462087,661.773343,762099652707743.8,707722000590189.2
11,524.0648218936735,524.1125237450902,481.36596432071354,0.40537816029569834,480.847731,208801509120186.62,176422501102800.06
17,564.8256812583804,564.8699409678245,535.444419558951,0.6163012486814092,535.049775,367025495370561.5,330135057695105.9
8,587.235834492371,587.278405283177,531.5827703214142,0.26170121782202443,504.058224,169561744624153.03,139190913916039.16
5,427.67262508893623,427.7310770220721,346.90991068712026,0.3065609043336433,346.601175,105796659949539.77,69870665792071.37
10,629.9340619655067,629.9737474088605,567.8729492089641,0.43840426374354863,567.763735,325081548873659.5,264630688451507.5
7,849.1273413326563,849.1567828137896,736.7208872335043,0.39263888825184745,736.36929,526837792093381.06,397534870856689.5
7,321.7354018927088,321.81309611490775,296.54375025863993,0.45569760604506476,296.26264,89140503650995.3,75837316832567.1
6,404.3356984540826,404.3975235388452,369.12779561449605,0.2812132543626426,368.812033,86900009225353.25,72541964111803.25
7,1031.269206934049,1031.2934486218664,931.1955596969718,0.21808372760139047,931.232768,432344020354519.3,353121045782382.3
6,599.501109993974,599.5428098843375,504.05209456259746,0.40908733350716076,503.554724,275119332188690.66,195038168820917.1
12,749.0804160150818,749.1137895255487,704.9764919645959,0.7370918811493528,704.293357,767405629305962.0,680348196314419.9
5,282.2394736945782,282.32803706219556,234.47492273059825,0.46070628629083,234.160435,69506352479072.7,48127851459249.1
11,436.23402974055665,436.29133466490583,396.50024740215434,0.4381224073907071,396.341838,156760457642297.34,129723574994111.06
10,651.9762636560798,652.0146074827942,595.8525866668683,0.9590357295905063,595.794295,756474264524296.0,632735164142611.0
7,281.28909708083887,281.3779595784886,243.974543994778,0.29358021193781547,243.859785,44171445777836.95,33312471495795.203
5,414.38541950413975,414.4457454210646,357.5163715237059,0.42527622572309987,357.339585,137464890095014.9,102592431502904.38
19,765.39873617165,765.4313981887332,751.8426293537666,0.5332693008386217,751.550424,580931310221979.6,560692632259375.2
5,417.37925812000725,417.43915138473494,371.280672878634,0.23310738239667939,359.461241,76841469419427.48,60930248215018.6
13,286.72905965559534,286.816236728296,268.0870947349799,0.30753252397308717,267.806263,48041976784225.29,42047586405627.97
8,785.1378141254463,785.1696550234758,700.5981398144709,0.2835315558841333,767.694483,326590297850320.1,260530072758627.2
16,505.92429086310204,505.9737029582987,471.20731848170965,0.4862497218636203,470.975932,233207186880623.72,202532471417160.75
12,502.3609995789075,502.41076212390107,505.08859601511836,0.4949743160394713,504.591517,234052437900409.12,236580188441388.84
7,267.2561671868757,267.3496940327766,271.6320673036964,0.2465228681531734,271.462113,33564092238556.0,34662362917077.637
6,317.2504746459648,317.3292669501034,270.7361476180953,0.3679602801349084,270.640461,70135134647430.74,51219304210564.87
16,599.7541176170869,599.7957999174806,561.8476482404144,0.43543192096192346,561.311546,292933486376415.5,257347241916006.62
5,769.3049304661374,769.3374266467922,615.7136906759015,0.27430583515438206,615.318973,303534498890474.56,195138693372825.72
7,410.39050958272134,410.4514226501909,355.5019093572764,0.614357176031094,355.157196,194171555931380.38,146076654287622.75
7,336.81403074784663,336.8882475074062,291.0238659266266,0.48994444938493764,290.874366,104880184937192.98,78505357010091.4
17,375.0187792303407,375.085436634662,352.9539331511188,0.47463494098079023,352.583763,125754273343742.38,111512243807393.84
5,427.7939855722056,427.8524209254313,350.78511632563107,0.29330553916887697,350.588041,101318958672973.77,68364600806501.51
5,391.9097487540473,391.9735337602023,317.85078594276547,0.16456072765687496,317.519944,48027051166302.87,31706842025696.508
6,448.6227370470999,448.67845969650847,379.2212834797622,0.29117468409143465,378.99158,110529334320062.94,79213572343559.17
7,698.4770978329991,698.5128890702082,612.86114026502,0.7152601145711857,612.35563,648327258180688.0,500155390101707.9
7,368.5660179061017,368.63384211865423,323.7471828103312,0.2731626492784556,323.551105,70270748952484.48,54343282914578.0
14,499.2084109455638,499.258487718331,463.43437605111365,0.40411598593874887,481.557175,189035842418604.6,163128497924196.53
15,549.4073850700951,549.4528867606027,524.5835489974144,0.5760270061275375,524.253938,324908582306581.44,296436874609891.4
6,194.00347766251286,194.13229856247293,162.4929797060472,0.22912047445373954,162.299677,16539124140241.023,11637722522831.463
6,384.1053777876665,384.1704585797898,344.11036233432355,0.2526014241680359,343.808437,70573664894614.78,56751458506839.09
5,473.7890982298043,473.84186138564326,383.9160783560024,0.32950679387623255,383.677715,139218541944753.36,91753985792209.98
5,935.0447734662598,935.0715097716159,772.273187441509,0.43668869719467357,698.739828,708852828396713.0,485004567877127.1
27,466.2452742134551,466.29889097699976,443.3446421224121,0.43306501492438143,435.037673,176813833885115.1,160014088634330.8
9,539.6930521999851,539.7393728392768,490.1908280308188,0.4026384623665928,490.016058,219851517007236.75,181666399781591.8
31,441.7445438290315,441.8011339989058,449.22364609309346,0.559707993450851,449.220948,204868189052187.03,211806543780398.2
8,242.04838972076718,242.15165282610891,219.5067535688163,0.3223697569803795,219.343308,35979460641664.164,29640530194485.633
5,232.28961714231284,232.39721648961776,222.0003840618941,0.3431668127425275,221.905696,35280603963076.0,32249866811051.15
20,643.9603140794128,643.9991351774131,607.6166765123612,0.46335397535479744,599.726003,358748920533688.9,319714069063412.5
10,715.1000610694314,715.1350203573479,639.9499626635157,0.5326955913292949,639.894862,507086076457593.0,406874324822531.4
15,492.56022946101484,492.61098206057846,467.4838278751625,0.4168020010748336,467.276565,189804729535826.44,171129251753321.1
6,366.4377048065017,366.5059228769119,328.99996328570984,0.5143563448519864,328.645725,130073992248148.2,105054718127480.3
11,464.4782134879955,464.5320342075452,429.46480360008565,0.3634027318033541,429.02859,147488297091029.0,126265468709663.72
6,816.3135755362433,816.344200447805,677.3582584353207,0.3997036553247895,676.761952,495907726641397.0,342536727937236.94
5,306.55451441203263,306.6360551311557,254.76029151458496,0.2465124407311752,254.678171,44052812106535.51,30522982300869.168
7,665.1323822258263,665.1699676664625,584.184636549724,0.3672270120440514,583.840234,303755533211575.6,234812953916832.28
5,655.4442597893317,655.4824007483229,547.8131625755681,0.16756345543088466,547.203874,135524472920074.27,94972470690297.39
8,383.6281825800784,383.6933443124782,353.2742976773609,0.32669767670882144,352.886041,90843509911073.7,77149409233758.11
8,481.09228234065955,481.14424461666886,435.89891232635733,0.49655454632703927,435.656981,215484183503885.94,177200238196815.7
16,373.7149493561917,373.7818392756675,354.88482764865546,0.44396625160787206,354.668937,116889016446286.06,105503758509314.84
8,597.0391986030016,597.081070432244,525.8005451322686,0.8593063735804289,525.435793,569670334557540.9,442754700658309.5
6,522.0280462369316,522.0759341876887,467.2624466056661,0.27075315326054117,466.892398,138877944021647.61,111486677484858.67
6,482.2247038251496,482.2765440898544,413.21460650896483,0.33593070766832167,412.852979,146960696294331.6,108204529419302.84
9,440.90285057754653,440.95954876542396,391.09796130339214,0.33663863313313086,390.985442,123305845573442.53,97229251982628.56
5,590.412826139932,590.4551678752093,512.2132859263123,0.30577683352921475,511.863312,199973486441651.1,150888611118583.94
6,169.97479105844442,170.12180811219307,152.15917958571993,0.23101383418751234,151.956722,12828521963931.63,10299788780887.69
14,312.765156335963,312.84507830211965,298.4382241947704,0.3065010512340157,298.304033,56885989443176.445,51836426819980.41
5,156.7163156667559,156.87575847199045,130.0430037642592,0.13179248673958185,129.969365,6260312743702.046,4324524913055.435
5,380.9590555667786,381.0246737657968,327.3505256206349,0.5049095324611265,327.051773,137933175293215.66,102119817167764.78
5,287.3478041182864,287.4347935299432,247.89194869171254,0.2685157262723904,247.840202,42176635526748.914,31470472242230.03
50,522.2692690906634,522.3171349252251,504.92406941273657,0.482361390623839,504.582987,246420893176431.75,230450864189144.53
5,470.8498769430805,470.9029694292807,403.42538561805867,0.14116594198634463,360.548419,59356439795606.27,43692537558453.07
9,790.9649731309157,790.9965794616246,726.9131591537963,0.25881625419205134,726.227454,302754892433746.25,256056948140417.06
7,411.90773492105046,411.9684236537922,384.3079058104532,0.2721608235526358,383.950168,87278730068543.53,76067859834086.53
6,586.2919061922671,586.3345455169447,518.5187237206083,0.4632473579337758,518.129324,297772661418156.5,233373111774042.22
5,421.96934694876234,422.02858879981693,347.23290709591106,0.316545008532449,347.056806,106343131348751.31,72259061595564.45
5,511.63441089686694,511.6832715789955,426.02066408548075,0.3029161873768832,425.723754,149154734121739.6,103751008108856.27
7,405.2363667280732,405.2980544228771,358.0242789032566,0.3282898385434338,357.590895,101755661778094.5,79602007831083.0
32,708.7997643014194,708.8350343159879,688.6039992495913,0.5994831876141747,688.006123,560210777118609.4,528981067348261.94
6,342.2535643519187,342.3266018170264,293.5131375150317,0.27707290746845586,293.419032,61535283577863.695,45378968392353.79
26,511.9178219836622,511.9666556178209,510.1661465973719,0.33504787306042466,518.09456,165009949008400.56,163892583393071.28
5,633.2669451976511,633.3064217896143,509.23999400795225,0.2534663654274305,509.094268,190779888464957.16,123846047675947.7
5,343.79819556571135,343.8709049545179,279.9566804444955,0.29137204251302473,279.811843,65262353964917.65,43431363012446.46
35,698.7066950094235,698.7424744861239,668.6234183161206,0.39996758914918173,672.167926,364514298992709.5,334051753838517.06
10,483.09001039748813,483.1417578163217,463.8380070167537,0.25964775141412716,457.271434,114254304573391.9,105405669226761.33
9,649.017215402414,649.0557340388447,581.9627487024283,0.890381755858763,581.632932,696416133739892.9,560905497729712.7
6,263.06791734327203,263.162932677318,219.87962566742155,0.2705979195364141,219.965935,35677017446633.26,25002023386557.98
5,202.9471972027723,203.07034459137785,169.33150077387566,0.14452877690404967,169.144394,11452902025892.557,7997849772866.942
6,296.96149183699964,297.04566590687097,256.32811428080436,0.20419666567272896,346.364293,34318319416062.9,25634641012220.67
26,392.48704978606446,392.55074098741505,380.33194202925165,0.37579030547418796,392.768377,109195573672188.67,102594351613882.88
11,317.3541097194144,317.4328762995448,302.8852973847971,0.38785298221841047,302.965788,73940395537156.19,67407244985728.29
8,349.4083772493336,349.4799194403201,311.8047064024938,0.3872851124644632,311.50597,89348849089152.19,71295643046619.61
14,590.388547858495,590.4308913348475,569.8741165305943,0.4960536288156093,569.794035,323113057809774.5,301224037610115.3
6,86.10935132568945,86.39919204327674,87.86903958535157,0.09925729424514967,87.776441,1441744862803.2698,1500741834442.4626
5,154.86744169010586,155.0287860225911,127.13671189941765,0.1509202494398462,127.11251,6993948034668.466,4729651766505.077
5,407.0782872315594,407.13969584821865,327.58937032699424,0.34979392017375227,327.446855,109338178693018.23,71080482792514.17
7,612.7887297782689,612.8295255152645,525.666014002602,0.4171343513327276,525.244379,292954062725399.4,216111121083654.94
5,492.2225361533026,492.2733235685124,415.6669052040156,0.22086261483248132,415.464441,101008582250801.56,72248488335155.6
19,469.39676739043335,469.4500242161977,443.4220887401687,0.5755615217401274,443.089269,237584173562271.25,212213130421316.2
9,313.17849646969086,313.2583129799051,291.9853221827685,0.37228799921632705,308.336809,69158742418690.54,60189455312999.445
5,372.25953649934536,372.3266878894225,302.40922171626727,0.21986085129515665,302.30111,57798285768091.07,38282130392052.16
5,390.3363342694091,390.40037634572013,316.4796991266602,0.24912301342062224,316.101074,71866732086214.3,47417887180628.36
14,417.66533126968494,417.72518351736426,385.99633059339095,0.2984983440204265,378.686996,98314451349160.67,84088443174132.22
5,429.9379150043602,429.9960590032151,347.79731194869214,0.21201923918537655,310.98478,74182342515734.0,48725891100394.18
7,312.8851210896976,312.9650124204217,273.6063410483044,0.46134993163943905,273.302892,85382488025829.36,65445479031459.26
5,318.29440615068427,318.3729400982702,283.3201374381161,0.294431613260371,283.285055,56597679206678.36,44934774932997.23
5,396.7112387736691,396.7742518981531,325.05653807181517,0.28774240290436437,324.858662,85607368334638.38,57677327464665.7
6,216.00567368788307,216.1213803985071,196.94566168643075,0.22281401921540517,196.518594,19907433061645.77,16575127292781.584
9,380.1090848350186,380.17484973905806,350.35556457030776,0.6391170322495577,349.991497,173462471851603.5,147582421551512.88
6,465.1841054865613,465.23784454548854,395.9476197871374,0.28131913345244214,395.508304,114779146026496.73,83394054016103.11
8,546.3900467284756,546.4357996727024,503.82357093797384,0.19148580640233523,485.314001,107844885807514.86,91828680206187.42
6,329.1328548908993,329.20880329759376,296.1504885538928,0.2730724681364885,295.997346,56131722879043.23,45529779475992.25
5,884.5518873652696,884.5801498120228,719.4511465411052,0.20364305106521172,718.833467,297960065415451.5,197774696750714.8
9,412.55894427814684,412.61953722999965,389.2412505950161,0.42294820529767857,389.183052,135527059937759.83,120764757114335.62
11,461.60946418116714,461.6636193394756,423.858219133868,0.4586028126242714,423.583658,183474871462362.66,154926462739804.88
11,285.6181422590815,285.7056583050621,299.9698819160343,0.3628480177415406,299.615962,56167086225816.875,61900118273748.26
23,481.07467580433786,481.12663998187503,459.86773892650933,0.5888300894457429,459.485037,255156969475453.9,233327300814675.4
6,482.118994798036,482.17084642797374,415.5342103437958,0.4895581745190867,415.319249,213372936316463.16,158915705685728.12
8,456.3683875144487,456.42316453324105,405.361095819869,0.3680577515846696,405.031234,144235544923035.78,114035346293624.64
20,454.83783956532557,454.89280088879497,453.6132336870524,0.4194347160617164,453.258887,163089423138295.97,162220155451446.12
6,424.82629561863763,424.8851391247452,354.30666054099396,0.37180360608771523,353.992391,126407624598697.66,88209184907378.55
5,696.5465246178925,696.5824150502683,574.9174686718153,0.33189638740635774,574.969084,301097677791727.7,205763679528133.2
5,287.27863667191144,287.365647021477,234.00184840428196,0.21439891174930362,234.014161,33726630652149.24,22456815784249.203
5,382.5687256062436,382.6340677618569,310.2107596516536,0.25121120963517574,310.253938,69633106769091.18,45952585341563.29
7,481.8639067764603,481.9157858525421,424.23790298261565,0.4007381112016886,611.835288,174778777421806.72,135781041904003.3
6,579.8054242486587,579.8485405587973,482.08436277105886,0.3889523418421055,481.691848,244905682032121.75,169837349146716.06
6,530.5530744013555,530.6001929482595,461.0954626146466,0.2722085285029128,461.079276,144173779992785.1,109167465945398.8
5,274.8920174680815,274.982947230682,227.43666415244974,0.15803824224442076,227.310342,22840697038925.418,15685879432329.963
7,289.1124357514297,289.1988943722375,255.478255114069,0.44423677681272855,255.4135,70318262956136.63,55028383578844.22
5,769.8158933413204,769.8483679536478,617.140787268342,0.23077841235515964,616.505413,256064152218004.56,165181878862427.22
11,649.7300359912043,649.768512371238,623.1753415865635,0.49692178918615787,622.558102,391370681934308.7,360289874301288.1
5,496.3590671269028,496.40943133575655,408.60433368063116,0.28496773721938096,408.55119,132205841201512.06,89901948479270.6
6,728.3123080845733,728.346633209407,615.6900788959852,0.30785423468539197,615.161919,305306275003192.1,218779846453334.8
6,194.71489473285334,194.84324527893227,164.41292842861253,0.2462300558901987,164.281743,17892766791362.36,12793597139285.19
13,622.5665094912398,622.6066645484177,576.8308799692576,0.5081855366638715,596.083145,367672834674080.5,316047037886083.7
11,516.9381784516504,516.9865378720324,496.9413376128494,0.5276404493151127,496.425246,263929412096540.47,244061067863428.9
7,552.8194920888667,552.8647129573316,500.6489097023521,0.5933034127166229,500.274972,338701976725246.2,278245640939411.0
10,239.5113569492047,239.61571339886987,226.86096038505573,0.14706858106263124,226.816262,16183860450939.58,14532748935070.438
12,273.82193664374466,273.9132216365813,255.42627614725723,0.23288430683237615,255.225883,33286697502795.625,28999477202411.95
6,389.41915801290105,389.4833508989528,336.820330499879,0.4895202223444666,336.828114,139718507731257.33,104794066431288.53
6,377.84961960652674,377.9157777029122,320.54427073217016,0.5879908884250591,320.578658,157828050558892.1,113917399835611.58
8,296.0955705428679,296.1799907068444,288.68369966730677,0.28694148597427155,273.874073,47803825768022.26,45460731665536.34
6,322.87707285936625,322.95449242615047,274.8456540253296,0.22609726280268494,274.662829,44814980884586.28,32564994587408.63
9,467.6401209605586,467.69357781779075,444.51059244109314,0.4217244989107279,444.211965,173247042491435.88,156674087945720.1
7,382.5913346494497,382.6566729443604,327.43852277836345,0.3393079977050293,327.146088,93813587906200.39,68905197312052.195
5,568.3723617874523,568.4163453348668,474.43892705895547,0.3268165953603366,474.076922,198089894716363.34,138467640389979.69
7,244.0461993815855,244.14861751113108,215.0684082685372,0.4405507028907132,214.999364,49840813233645.95,38793271459087.28
6,333.12279600763736,333.19783495687057,293.69954380058886,0.3152690999141101,293.677039,66288420773024.67,51641238708424.37
11,514.2878338178248,514.3364424314404,471.3677639250793,0.20471257673608653,456.717659,102193805648315.69,85981606323282.69
17,469.28634622305697,469.3396155785136,439.546186910332,0.3331770320971658,426.480487,138116102017796.48,121305898296984.89
9,381.3272236714496,381.39277852756436,341.71269956686297,0.35432826532840894,341.48992,97288371778286.16,78277061874965.86
7,203.68429130473703,203.80699331552137,178.8713890337296,0.18772240786385094,178.504684,14949781062433.8,11554726966218.842
6,314.68055189735236,314.7599875181442,337.6800030311754,0.272364720339475,337.595516,51218980159495.445,58906581007540.68
5,345.7107599067593,345.7830671321384,285.75889448965455,0.3627485506081131,285.572208,81989454881575.4,56206694732367.43
9,490.86286774792876,490.91379582745543,448.2709816318417,0.800782291521785,447.815373,360229226537886.7,300886585668064.2
9,312.2035155172969,312.28358122283515,288.6453813682878,0.22766763476243287,288.364794,42214328588671.51,36133506375893.2
13,469.73546778169236,469.7886862112426,449.6244405679002,0.4638438649747781,449.184094,192083756234663.5,176125024324620.44
5,606.4651241638608,606.5063452488251,500.19618424412585,0.5005665825791793,499.956759,343867557786273.5,234656257128580.06
7,219.9729453582888,220.08656635424322,197.82068717427083,0.2863173613018337,197.895317,26463773320002.105,21441398392393.28
10,529.9698416297916,530.0170120261297,485.77453881200944,0.758226899997818,485.469705,397264716567594.0,334265905284457.9
11,353.1758107510542,353.2465899335257,338.83802747260364,0.2863608922914633,338.719768,67664979973382.086,62327956571086.01
11,566.626362489488,566.6704815570232,509.85447457901574,0.5956376736187855,509.662213,357069484928011.56,289612570502770.25
11,692.9649411755264,693.0010170976669,659.1438784077255,0.374312212097763,658.910578,335786306904973.8,304063462497970.5
5,346.8481253892883,346.92019555809014,305.7499966731027,0.28815843494222504,305.562371,65688992840354.49,51157480342694.11
8,475.06984414770426,475.1224650745574,458.17737579395475,0.4665104398806288,457.796448,197550991028581.56,183869947747813.25
8,290.48076804792,290.5668195195547,253.59248290309196,0.2783640951488126,253.620971,44659598989871.48,34118149893329.184
6,160.23914816229498,160.39508908871844,138.7583847874415,0.09245562802069024,138.663644,4603742170778.527,3460635213385.9443
16,500.9038574315831,500.9537647226935,504.8260543333133,0.5470041588274297,504.414957,256960774983908.5,260967661809266.9
10,382.583233080536,382.64857275881184,343.8618293664036,0.37482480717363015,343.478733,103537280931450.4,83798789151053.78
7,536.490135344128,536.5367324997989,503.68890285514993,0.34381518281517115,503.4214,185776390929300.16,163937352860405.84
10,377.96567121741964,378.0318090039971,339.23300873979343,0.4323889353779165,339.115611,116449283143636.3,93986395308246.67
7,467.8281617805798,467.8815971535922,415.0180372933375,0.3549933240010609,414.894411,146172730489231.9,115279245627739.77
5,620.8284416447331,620.8687091125045,506.56613679628,0.4198383750934599,506.006009,302560855208981.3,202103203731891.03
7,211.74335081759486,211.8613853807792,192.33851077533745,0.19532521673530087,192.250304,16793871794188.562,13879356212377.145
6,419.9161994416373,419.97573091014306,407.60648046314753,0.26013001041339856,407.221974,86701080957916.66,81735593156331.33
6,338.58092927730127,338.6547588182999,284.99331325896344,0.415217809189564,284.634736,89942852727338.02,63919458294507.68
8,634.789106571096,634.828488507983,559.3932634053191,0.18600380146301324,527.205982,141056289742269.62,109785263263552.45
7,423.1631232319744,423.2221979804924,363.9315128855159,0.7502250449518273,364.014697,251564838687244.2,186533591691570.06
10,543.3495005831977,543.3955095361116,491.2482941336168,0.32300852124235435,490.922597,179084161169049.56,146648267252947.8
6,921.7988932480955,921.8260137322085,781.0834159519193,0.35924874589249356,780.661494,567739554506916.8,408753994188278.06
5,347.9205399124797,347.9923879813916,286.87103542294614,0.5033254194434115,286.796569,114873479249876.69,78365406735502.4
6,287.5398519080669,287.62678323708496,248.63768514587403,0.33956435701715504,248.508992,53297335716271.65,39953080633899.055
6,512.754021663635,512.8027756674406,445.96047044143467,0.4456780446716205,445.86472,219666047209291.28,166563686073887.56
21,673.3597386993229,673.3968649327232,666.7658758542228,0.4319675962910906,666.237105,365623475555670.4,358557978518645.2
7,458.5695039516225,458.62401807410515,394.146725407619,0.3742336635557949,393.695978,148039425655270.6,109660670068548.06
6,344.2602115568158,344.3328233862458,314.9380214316351,0.3588147507432622,314.655299,80434993518375.52,67422163208655.61
5,578.7902968928141,578.8334888180468,468.8202014890026,0.3411303855279123,468.642106,214276458259061.84,141105322729133.25
13,354.5296849668873,354.60019391241224,322.7314742437685,0.49521671058774636,322.41756,117335226151144.92,97394224984903.23
11,333.74320104515647,333.81810053361056,303.14661222639717,0.19125760840767544,303.073967,40539828613809.41,33503738905185.957
15,406.5448846155017,406.6063737904653,407.4376712760232,0.3015443248080898,394.288106,94136092321364.53,94546306220091.52
6,561.1632713658261,561.2078199116578,478.25423253536115,0.6415299035210643,477.956698,377024255079553.9,274578562823936.56
13,696.4494629973814,696.485358431418,653.4823163436847,0.3203195777959938,653.107245,290598525735928.1,256112250548674.03
10,539.9582138968218,540.004511791009,515.3436015389491,0.4305775131511286,514.836591,235208413690238.1,214414626761332.16
8,430.62939105225286,430.6874416999341,402.1011987920255,0.29208235750125217,401.989034,102230108253185.62,89242603833499.52
5,748.782486226891,748.815873015606,637.1329253497535,0.34128426305131887,636.774718,357274892096269.7,259364642349085.84
8,320.0243062049823,320.1024157390573,298.26432844875893,0.41105836690133846,297.964445,79635990146544.2,69260344350622.375
6,350.4045482709293,350.4758871148685,293.64625869985866,0.23290511301149838,293.448965,54279466574604.586,38237594433501.79
17,400.25223194449967,400.31468768526787,382.70007722677207,0.3470673824394724,382.538921,104917082412462.39,95993688759040.52
8,513.7537971061947,513.8024562427014,456.91579020526865,0.1465554158986032,456.655206,73227751298435.94,58040811700378.98
5,362.86221101691797,362.93110115294104,303.27750843542003,0.18363605264045932,303.051782,45961889812632.125,32207615161930.55
11,473.2748408749758,473.3276613565213,426.59939155165,0.36616509646937284,426.302045,154230031480695.34,125539703886083.34
14,342.9687021215496,343.04158732570636,316.8080327102678,0.5307174909430735,316.772852,117676285556784.0,100551040154790.4
5,298.95708474491363,299.04069709519047,242.93876467462442,0.34333197392449527,242.73954,58207664296093.62,38577717003471.766
7,302.2033104547928,302.2860248999875,277.0221174691874,0.41705831953005895,276.652551,72113750301193.83,60689444302302.58
7,332.0769863621629,332.152261577994,310.4929346842723,0.3216578502568332,310.252008,67199595919617.35,58817384854054.84
6,205.47453356727917,205.596167144942,180.67670471740874,0.17254258483522272,180.609254,13991396944347.566,10841812476253.703
6,668.9587487425043,668.9961192108195,582.437476661987,0.23652163772186444,582.0251,198587589948849.88,150910390978464.72
15,475.3532115729714,475.40580113492314,465.8698940394408,0.5493846149025624,465.430974,232610833454576.9,223495139249260.97
19,400.99299531673165,401.055335699557,392.86508845206737,0.36722259850569255,404.743499,111361495102777.08,106931802002572.0
38,408.2456528963081,408.30688594332196,397.54443979251863,0.3789743804686385,397.499351,119048586855954.28,112942714293089.95
5,500.450022609804,500.49997515499774,424.4995285763853,0.7033561097753227,424.115325,329137817273590.0,237452757402878.03
6,271.08708362863604,271.179289235515,245.97024919046578,0.29901750893917783,246.032492,41805615551395.21,34476349368774.004
6,362.6888620058442,362.7577850620084,314.5955744791329,0.2612789498879812,314.367351,65131081184392.17,49125874781122.37
9,480.69126228368594,480.7432679049009,428.9441907716583,0.25998484007863254,428.898662,113278084941950.11,90384963653418.5
6,277.34785824621207,277.4379831129129,234.0408525048974,0.1984082137186217,233.85172,29128043239004.07,20802682050866.793
5,241.5540476703641,241.65752201397856,198.7823679527334,0.2558837232341125,313.93562,28500722115075.766,19366140310365.832
6,414.21585604897945,414.2762066573325,373.23051933473675,0.38505383518023006,372.988629,124472089980580.4,101246414203780.94
5,384.5390881022204,384.6040955040484,314.4409230168807,0.2999468463603404,314.225231,83861733826229.86,56273085649880.29
5,712.2001851829978,712.235286808156,574.6549529980729,0.869154088238415,574.051365,817765563374701.1,534075018671551.1
10,335.6592464034497,335.733718437889,309.7801141567041,0.28446641458573324,293.700138,60772963812416.836,51836096408729.84
5,339.4113834809001,339.48503241883674,281.7364169567881,0.21559793717183098,281.776433,47201049500252.125,32628795172802.203
5,648.271318127957,648.3098810810759,538.8109853678372,0.36095625534178155,538.400449,283780932476333.3,196629451827878.84
5,693.3092298481631,693.3452878563847,594.0067530626892,0.18001802829247643,593.594916,162640581038339.12,119714899151546.83
5,403.27612654689517,403.3381140465991,393.9367401495109,0.34207297868324,393.575634,104975152697682.64,100211083373009.33
9,216.8236834620807,216.938953878884,193.77280863140905,0.157564950570739,193.840001,14225269577017.707,11383173477935.766
10,608.6255937988328,608.6666685690797,554.8950844806254,0.49783408906736765,554.709218,344426595488750.0,286737570272772.3
23,353.14067273463394,353.2114589583269,336.58421823720175,0.293083646211699,338.034437,69225725357947.22,62939942559690.26
5,342.56478159966264,342.63775272498003,291.67198916434194,0.20322273416786324,265.508575,45338444121998.85,32960475385324.727
7,464.06564280187877,464.11951136439086,397.4488356384547,0.44215856281345034,397.09927,178824560392126.62,131529573861373.88
6,451.68555901913214,451.74090386683594,381.9123552195114,0.1401052635808963,381.688264,54255731648044.25,38902574438014.61
5,294.5388657974513,294.62373201296776,238.7348166843826,0.23643998299288452,238.400043,39047064928830.49,25746726900575.156
9,372.6384479655442,372.7055310860969,386.220109795247,0.3206720492285272,385.921782,84189856429263.9,90381099811788.05
7,741.940223121786,741.9739177936145,647.4837799217123,0.28777594968863757,646.896405,296247467092719.56,226117012980164.25
7,255.4184511107776,255.5163109623898,229.6119193028422,0.3139640045137933,229.437875,38991692912932.81,31569340407882.16
15,364.05732585220574,364.1259898807817,351.83386478814634,0.2308664682624075,341.070398,58044282894714.516,54244498064518.85
8,353.15532785675634,353.2261111435748,310.6969280630569,0.14143944775359565,310.455026,33624621027732.156,26083438825878.523
12,649.3727176433398,649.4112151938067,599.6173533778207,0.4057407482774327,599.011395,319761106870590.44,272991840207155.72
6,299.959617812169,300.0429507887537,278.5647436814907,0.2851546863822492,278.26378,48745733319780.25,42094632558813.734
5,206.0007815840076,206.12210462059136,167.48782865010904,0.13505053590770388,167.409239,11029876938655.79,7317203713603.449
6,388.3019295417405,388.3663070940099,338.6126961690745,0.33758552040983153,338.390552,96123465112889.47,73274282160556.28
19,467.45007816881736,467.5035567565593,460.5280838591293,0.33220548545940703,435.858926,136650764112825.81,132668713236201.77
14,447.1923884941717,447.24828935069417,437.8016557748959,0.7251003573942759,437.629937,271369317247440.4,260181355434051.0
7,491.0957643182321,491.1466682482012,421.6621475181575,0.29408675694444636,421.597354,133546268860306.67,98720466261171.78
15,331.1729616226448,331.2484422754525,340.40259311123424,0.3897011512811535,374.936378,80839381032560.27,85366341254700.66
24,448.484850473224,448.5405902524209,425.82298367222353,0.31916883707698906,457.575533,120982982253277.42,109166283467462.61
5,318.4579769775121,318.5364705973393,256.9827491856851,0.34579471093975195,256.720828,66444813832812.914,43431039766289.086
5,169.65148576922078,169.79878275094944,153.49402224330885,0.2426111969877269,153.382406,13416220489355.867,11001203013496.5
7,482.1747215221962,482.22656716009277,414.39753948509536,0.3857281807901749,414.509923,168504531376940.3,124796560085139.81
52,543.1698486989279,543.2158728678831,551.5493702921207,0.4046334110141241,550.751674,223764443467516.0,230664571575322.84
5,501.014932704005,501.0648289317448,404.15549958165263,0.2572684772327086,363.280996,121695136289848.98,79493296766749.73
6,563.7431099547292,563.7874546506245,474.1797808471993,0.21679779031670046,461.94911,129763535414957.7,92090452085128.34
10,280.2322631567385,280.32146067318416,262.8680185690661,0.17859589865610598,253.572434,26787197418249.28,23596452815711.14
9,577.4685802650391,577.5118710410375,527.3685324790647,0.5102707612332161,695.533357,318028911823223.6,265631020863013.22
15,575.6428113366436,575.686239407852,533.1250275622531,0.46783350628852977,533.043793,289958624978560.6,249016622053268.16
8,275.72470109985176,275.8153563466012,241.71584884080002,0.21216295549001596,242.019269,30769121132713.137,23700791608734.55
8,372.9117381427551,372.97877210995637,346.10638771961834,0.39358653951764766,345.803711,103294706296768.45,89096781145524.44
7,374.0631482203502,374.1299758860811,335.0383141697289,0.2573037251013192,334.851064,68198372065799.27,54816866082637.41
13,350.8210470315603,350.8923011984165,350.6861623811445,0.2895941854237739,350.597119,67520816867945.625,67469362126067.5
5,431.055019713483,431.11301304900456,376.7829928875858,0.253272368148548,337.870137,88933000548763.34,68110403641505.35
8,526.2098829425234,526.2573903579733,460.84562628276484,0.38980511220656155,460.397234,202477946360878.75,155663828200540.62
5,765.1212983331488,765.1539721931811,649.1573537714481,0.3278030224256365,648.744862,358292561915226.75,258617295848676.16
6,391.37478217679205,391.4386543558664,395.5890038268018,0.36128842816867424,395.198394,104429403909803.47,106670088116620.66
6,255.00020284680627,255.09822314534523,218.89146253796613,0.10588632065812953,218.684804,13230506110632.086,9774357340403.076
5,266.2733358788359,266.3672078166593,224.50641462557792,0.3088770040943983,224.254619,41665269237528.414,29707793216708.023
12,778.8146492317835,778.8467486341751,724.8700526362869,0.45737081149248454,724.375179,516349272767017.44,447836151313844.8
6,249.72874241647833,249.82883098016487,211.87175886706947,0.31079743681799576,211.673488,36915773536360.34,26647891621724.723
6,115.46275637910348,115.6790737802659,102.82251896699327,0.11155670169537445,102.893485,2895691609467.3657,2300985690923.173
25,348.83601006409754,348.9076696168188,341.3850449332283,0.2914046086286654,341.165731,67179250178626.41,64364506314212.04
5,490.0083710963902,490.0593879771488,413.98482315207406,0.34508732354424543,411.895449,155798006111499.56,111538225985860.53
7,234.3012697680995,234.40794571631685,209.72491297718753,0.20061256661317156,209.49441,21078224079238.316,16920118114103.621
5,756.7616841046295,756.7947188827859,609.5075286171531,0.22704915786885838,609.151247,243554251475681.12,158575218875349.5
7,454.8981995155614,454.9531535471531,394.9337059575408,0.5495638798018265,394.697043,213243259808803.12,161124621854708.66
12,348.37225193547704,348.44400686278925,319.99002561101076,0.29743007993513504,319.753281,68375433060739.07,57774308395549.9
7,792.0484500143772,792.0800131111613,692.624327058646,0.32851952977885684,692.053757,384560478526838.8,294738678135469.25
12,427.53117196596713,427.5896432358873,408.37097312547894,0.24527954286067494,408.030258,84760578005859.33,77396477565230.33
5,331.52823394536415,331.6036337299881,269.93891789298664,0.24168913050431529,269.875938,50454077962782.234,33569872168424.586
7,312.0848291139905,312.16492526084454,270.18964056909243,0.36677452640292846,269.977552,67672527791118.57,50851585356800.25
23,1027.1341098405271,1027.1584491196536,987.0674310273463,0.49123640800179236,986.129999,961330512796482.1,887793718795988.9
7,471.85870114932476,471.9116801376374,412.1818939000618,0.552141326047968,412.168843,230371666202431.75,176187914643825.66
5,313.9912784591204,314.07088841277994,295.4664914663732,0.4714990861366509,295.187133,87856364176832.36,77879553371708.69
6,310.9158338623816,310.99623108060337,281.99087257171476,0.29869775824746053,281.759244,54802182301611.055,45157132227744.06
5,522.6985224139567,522.7463489434751,497.7197807690386,0.6000941482301485,497.280661,306523024940222.3,278147664749702.72
11,372.57529981169847,372.6423943001883,358.6398618543198,0.3258525472525271,358.265374,85509032158227.0,79285779383436.23
5,487.4333842147865,487.48467057650095,420.07893813917406,0.34804028799694514,419.712694,155486867228458.22,115790000329548.58
6,569.4475776309126,569.4914781361651,502.8062677212005,0.22192281002136516,502.619622,135480747625263.88,105860329876437.83
5,214.32474714293375,214.44136083760168,185.64231634274026,0.2612050807625939,185.475353,22947297704379.688,17258672392800.633
8,345.21812070943514,345.29053109831165,318.16779646074303,0.31918435287957486,317.80717,72020578382992.25,61263983767997.32
10,550.3752609496422,550.4206826286479,499.93840155470656,0.4844609969178584,499.734352,274604951784358.6,226934216382836.88
6,516.8462757715753,516.8946437901511,467.2164034848438,0.19966024414841502,466.687995,100679303479908.47,82420238434442.64
6,517.425286594997,517.4736004937013,489.8820458326914,0.42683183174550743,489.661574,214271177418056.7,192242211862066.12
6,321.9020903163381,321.97974431635896,277.36634436122006,0.35522793645262485,265.685304,69712099857637.14,51892509664358.19
9,638.3001514780133,638.3393168032615,571.3442317152634,0.4242141620479454,571.072564,322988106310844.9,259248858022898.28
5,332.4345916096199,332.5097858690098,281.5668335848953,0.20293123282737793,258.988682,42658360474509.13,30691327619550.023
7,369.33890727184735,369.4065895795069,318.9385290893187,0.31384927236003624,318.792062,80974132788227.58,60538571237814.8
11,374.743177993707,374.8098844118484,339.13523731344776,0.48219188408285885,338.908676,127552597978982.75,104650317285029.7
5,822.240907026134,822.2713111784695,712.3820239882547,0.612524184252833,712.133104,768357971920018.6,578054647290878.2
8,488.3045421203237,488.3557369943953,424.97226725834366,0.3660546714436022,425.030564,164041269431199.0,124555128707177.66
10,401.8856914044573,401.94789333399757,377.0851686440393,0.29500347940584115,360.861758,90031417747298.62,79352362837366.5
5,213.97655838212077,214.09336173047762,177.68308181225686,0.1686327589127346,177.474886,14822099612397.402,10252865788355.19
9,340.38903672527334,340.4624741770515,310.24443056028025,0.3582866305459401,336.516837,78537198493373.9,65349328485820.25
20,462.4570155486052,462.5110714676168,449.48174785282504,0.45360599860429446,439.885505,182154576521315.0,172163375554518.38
5,308.36841527067025,308.44947647312443,270.0135442328887,0.3181448399627444,270.106718,57394074915307.836,44107312678940.805
11,426.1784778400481,426.2371346727786,389.77412490911865,0.43175954798054034,389.466847,147524012377628.5,123592686741253.62
5,139.6819039103938,139.86076747977785,115.31090783193295,0.22017967177875594,115.142867,8288331956889.986,5667269707505.492
11,402.2198821354382,402.2820323915123,391.3049114247691,0.2622715288758071,402.718248,80257916435687.83,75998013397009.28
22,481.2865805154197,481.33852181622194,468.3143089443829,0.4721513858228079,457.656805,205142041729459.2,194322530328011.4
8,317.2068163647104,317.28561951061556,280.831294309198,0.5628527328798685,280.781484,106849725604581.7,83930754938367.33
6,315.1009756307405,315.18030529118494,302.97814167621146,0.2955274689057196,302.692906,55682185384942.06,51515570960382.164
10,429.9061271547185,429.9642754522391,402.46884169386436,0.41598164030733703,402.161866,144655640064451.3,126928643727475.33
9,329.3111526325569,329.38705992826004,300.97501244571515,0.4084880937478434,300.64808,83759788668971.28,70076698309299.36
8,320.0188244501229,320.0969353218468,277.2638920467254,0.22876591319031575,277.2088,44547043778825.65,33523151667725.16
11,327.6060019733362,327.68230426581414,297.72236326783616,0.3441190057637688,297.605935,69944406754124.93,57863225753581.09
10,597.7034887211497,597.7453140171268,577.7933122045287,0.5677125713231068,577.612971,378494402948857.0,353902657830497.9
5,290.88123487535006,290.9671679117913,256.0270334871559,0.17477294008580907,256.038972,28230996490851.53,21919190590098.44
6,335.24443585230097,335.319000013312,284.0798062230742,0.28174152321865065,283.785731,60048529402787.375,43243628232488.8
5,293.4864647960994,293.5716352417449,238.0807389884108,0.28474808150957914,237.925383,46616438011870.4,30789385341109.766
9,384.5446162881539,384.60962275559814,346.9089920363576,0.34618820099769143,346.716257,96669648254565.33,78817616182663.25
7,295.1569858453549,295.24167438441856,266.04130309750235,0.21044471537632795,265.7917,34934383296015.387,28433457785861.152
9,585.2907487289337,585.3334609841435,543.2737845585457,0.32084892765420814,515.280606,206154289850248.7,177848278728137.2
6,222.32548599579087,222.4379053202592,188.86771557525933,0.3639103582808381,188.60404,34281054594249.62,24809604917501.32
11,403.2388554820704,403.3008487103518,368.1298986591508,0.43084731505848073,367.789468,131922684960519.47,110128856979152.6
5,367.8951955686289,367.96314342944686,308.65534119787463,0.22083269042543002,308.32624,56710063664203.66,40040257522490.234
5,388.5756645062223,388.6399967147646,324.62283092271736,0.3466868011756532,324.230876,98829521677312.81,69195454224830.15
5,590.2392997998872,590.2816539824537,479.1072583553825,0.5837155701335015,478.930857,379495840133498.94,250910463551623.4
5,260.1445068825065,260.2405895726923,229.23243158407425,0.1743960754161918,228.823775,22575280190856.523,17566896446540.568
17,429.80976123054546,429.8679225634991,407.8058215666617,0.32861877946799534,407.703875,114464192070974.67,103140862557575.83
6,521.6268372770069,521.6747620573693,447.1905117440838,0.5851476212164073,447.016185,297734953221643.4,219370848272251.03
15,496.61323584511695,496.6635742799725,461.0886186018478,0.5036331039029245,460.802442,232739165615755.7,200873865500991.25
5,782.4133881437392,782.445339909802,636.0034125163914,0.4158235317122617,635.384631,474131120341417.5,314397421366662.5
7,300.99845828243383,301.08150373013956,262.62720114005106,0.3317309706561537,262.333366,57021940780286.07,43514301440252.516
7,346.1105320640148,346.18275578895526,304.9001573725391,0.1652751883096466,304.576904,37701104027216.52,29322417472174.617
6,314.26009610013034,314.3396379727876,275.3163580876851,0.6445207853296032,275.089941,119965582612097.56,92292435376908.92
6,325.61486569164066,325.69163446331436,307.42523623764885,0.21039960689415255,307.174429,42434241281156.67,37863802034844.35
6,265.87174498256945,265.9657586609157,226.01573605525016,0.2615469585774116,225.809298,35226625888424.48,25528707013766.97
6,439.200475374694,439.25739330073566,389.05307713065304,0.6459975571074148,388.927563,233487545512909.22,183584801812202.44
8,376.78636532330916,376.85271007855334,357.8959878003299,0.3131895260359843,357.699378,84067204264814.34,75918119366409.69
7,308.64365610201884,308.7246450350559,276.2858366424769,0.16056420801949056,276.409671,29191554616470.035,23436430806065.336
11,362.74407239033224,362.81298495826,337.7024887733531,0.3943077274032905,337.482952,97964433526248.9,85013755051176.8
6,470.62008712378827,470.6732055305486,396.5446787294944,0.4478023808461892,396.170949,186191829503137.66,132593528474346.36
9,437.5895152585221,437.646642697266,404.062472353603,0.3326912298676498,403.691788,120064114043031.48,102516466264679.77
9,438.36657160903866,438.42359779585587,389.73268139407793,0.38124443338901076,389.674063,137904279241786.58,109230697010966.44
7,302.85079180464896,302.93332945831963,325.59755028074517,0.2969451306418994,325.512095,51717398273520.15,59702031115937.734
5,517.8958737769075,517.9441437791787,424.77401256730025,0.3103987997069818,424.402057,156535372170690.56,105675103932060.86
6,600.518022074748,600.5596513557729,521.382282744355,0.31419988434623103,521.058783,212471000143140.0,160556395890321.22
10,510.93770256696524,510.9866298685404,455.071562927822,0.4009279881280367,454.911986,196393926416276.94,156114691489708.03
14,611.5873122777889,611.6281881496059,574.9539926403493,0.4140228079184526,574.767355,289656607620026.9,256252260441496.4
6,591.8980376155804,591.9402731130692,520.7824208615025,0.38219298124923434,520.22282,250744175472255.25,194517407468588.72
11,298.14627065961486,298.23011033132843,271.7967568694345,0.3435702186077199,271.609361,57934941498483.45,48225396247203.87
12,449.44864945445255,449.504269719912,425.9351218008025,0.2721355635058018,434.016841,103741927986690.44,93260269938814.5
6,463.7380929419693,463.7919995487789,400.7572259352776,0.23749007299152847,400.427571,96446049673334.78,72214705965511.02
6,711.4992610139426,711.5343972172999,593.2671831542413,0.5096370543874982,592.899585,480481803768758.94,335101006942058.2
5,706.8178040835923,706.8531729924903,584.9655205505271,0.4136497811359591,584.903697,385600534665578.25,264942863318986.0
5,340.62792199152926,340.7013079520936,278.3548871172042,0.21228648893134341,278.328217,46813249115592.77,31371887500909.457
5,248.52910188469215,248.6296733771166,203.47723247352846,0.5404389273736948,203.272152,63274390301103.64,42562754856516.56
6,368.4149117410429,368.48276376672004,342.8054489872563,0.3966492630947716,342.495545,101618002300072.06,88094487828467.28
9,226.13738983891338,226.24791509129244,204.7934297663981,0.22693406579252945,204.572698,22201114816616.914,18238906519586.81
10,1006.2064697480116,1006.2313152365892,928.3509384849658,0.3283932845998969,927.836519,617958250637048.0,526692981436378.44
5,755.5888382085557,755.6219242619651,610.7077195879382,0.3646814187198516,610.464453,388460581554702.94,254671101701671.62
5,373.51613192787755,373.583057445548,363.7470636011026,0.509252666034852,363.187516,133773277017948.27,126926793491153.47
6,350.1831881909174,350.25457212084393,294.2021367484178,0.33156800330560654,293.965768,76937186960590.98,54471303319673.77
6,674.4095968629233,674.4466653048339,581.286061315704,0.40424504383197196,581.249831,343411497026569.2,255745964833593.1
8,345.0752731209559,345.147713478595,318.47163972734404,0.21566725175418092,318.163275,48790900905271.43,41616303567324.1
16,453.4566432629452,453.5117719743314,439.95881927101334,0.35129436298875616,439.808038,135986690412938.77,128079960462361.39
10,453.68760701413004,453.74270766394443,414.72888546339806,0.3854972313606294,414.581418,149254545818779.3,124920256671446.95
16,493.4954165605616,493.54607299246356,466.7606550759393,0.3218436426145295,474.04417,147452049429624.9,132038733813310.3
6,297.7502806016513,297.8342317437035,262.43717736176745,0.287252247613043,262.145025,48386778580727.98,37673308082133.83
9,348.8536669393549,348.92532286584526,335.4640593844421,0.46734788850386194,335.33373,107301061788892.27,99291545243927.25
6,135.26520922516633,135.44990522967532,118.35331031599452,0.2772791107072497,118.170078,9774175844706.45,7500084051854.712
6,808.0895823052927,808.1205188771921,704.6422821183432,0.3730373797490606,704.382641,453890930923126.7,345927543110121.94
8,482.99231689759785,483.0440747821151,428.9752794374119,0.4398502906977724,428.709679,192569551047983.62,152224792922689.66
5,644.4723895510474,644.511179805003,538.6988570338898,0.2978383202767287,515.106712,231804624117716.88,162456107585369.3
19,492.7163784050989,492.7671149220863,470.03722601769425,0.5488674984014011,469.75463,249535877163153.5,227266283224104.1
8,256.419309978954,256.5167880082762,234.29646493612574,0.23533122536650136,220.199365,29527818241288.418,24691026300083.434
6,449.6379384547602,449.6935353080437,416.22377260794485,0.45219920858457935,415.850919,171752410257208.97,147375471690746.66
5,368.6304733814938,368.6982857370837,296.97952873887334,0.20129519608972835,296.79525,51940053635727.14,33838991806474.6
32,491.23510281062704,491.2859923032279,469.54625810419606,0.2648573639646933,469.194873,120452623302166.69,110139726332604.98
5,330.39986614190155,330.4755233698654,295.5458458420337,0.24844386842719804,295.009446,51502352068155.88,41290103401594.69
10,426.57486848012314,426.63347081404004,383.1194923716446,0.3309055102463867,383.107935,113540527332680.2,91761423977568.3
5,548.2758373210526,548.3214329114824,439.5375832517916,0.2622779678409845,419.740518,148312268536619.72,95692495811516.67
8,552.449555989557,552.4948071367356,506.3187802757815,0.2663495026948067,505.981009,152875037390492.88,128608580658405.23
6,847.4772645916775,847.5067633947189,739.9590157101334,0.2513342054000133,739.778744,337208408700265.2,257646899496754.47
7,164.34805924226123,164.50010509631232,150.46218637842253,0.26168771653735934,218.591721,13579127953958.535,11398587930767.395
8,329.41762057754914,329.4935033456261,292.80450478625323,0.2856830241902815,292.551261,58801343348935.62,46552960234942.94
5,121.39184906353168,121.5976192985013,100.35212409237054,0.1357194045472568,100.25381,3884141871668.1387,2663082516195.5176
7,174.94756581836413,175.09040746360392,150.56153406736126,0.13080695872818138,150.459472,7728943360025.535,5739402105462.784
5,253.15229350232488,253.25102903144787,215.0732953136018,0.2481035650767966,214.951054,30335056569873.33,21957257435586.004
24,483.9111944197501,483.96285403401487,464.93039789817385,0.8054684374239554,464.857408,352215126649988.8,325348430134821.4
48,423.4852560882778,423.5442859066266,409.7118958769982,0.47821995290529634,432.691125,161212051163790.9,150984573154272.9
6,585.2327081114789,585.2754246023794,493.01649850862503,0.4140044867898463,492.665609,265408535584592.78,188888417027953.12
12,989.7815041358681,989.8067619133855,912.5827080270453,0.5052054846289084,912.183403,918067473728446.2,780549750586445.0
20,417.82333339335014,417.88316301082364,406.33636198780374,0.26864872641670173,406.061481,88632516395476.27,83867643455994.25
6,575.8016180340882,575.8450341286915,537.0284685469054,0.2576594730620662,536.617161,160583262759566.53,139857432331327.89
5,413.2437373109538,413.3042298679323,342.0562403818356,0.2580189698234187,342.05348,83315957722155.33,57273949867507.67
12,355.20715683916524,355.2775313325673,325.8345003801983,0.287892180033953,325.6518,68801424918041.42,57981203901571.62
5,281.8541823097311,281.94286670438595,231.45661147781598,0.26713315647912755,231.192388,40385893204112.69,27328182702756.26
30,551.456879926707,551.5022125236657,531.5021735056391,0.5010768447343918,526.853715,285053636234424.25,264955624241516.12
26,327.1405510711595,327.21696190011596,325.7372091918034,0.4346660658838038,325.513149,87918233858227.94,87172229036303.67
6,495.11928989541025,495.1697802032504,429.683928156076,0.16158172097180387,448.736767,74969563450278.0,56603879729260.766
8,470.56276911651076,470.6158939927535,463.3528977015937,0.4237271853568235,462.883498,176225465344411.94,170913462163381.78
6,737.6609933652464,737.694883493577,636.741984461233,0.5793149581403112,636.212877,586138809772188.9,437781153259894.9
5,189.9642416042273,190.09579976493234,158.22321066800086,0.2961291857216983,158.058534,20458058294853.715,14236594202548.832
10,801.421561732292,801.4527556939498,725.589413332566,0.6750662265349225,725.053382,804259690754878.4,660224647904540.0
6,653.5851360753943,653.6233855200499,637.4789165170552,0.48664583127793964,636.892428,387869193794529.25,369145401450880.4
19,467.8926285022358,467.9460565137089,465.35467814067346,0.44796498560579023,464.959069,184125180537765.38,182150712320365.84
6,203.63348987940495,203.7562224828133,190.91480154638475,0.3144544366802993,190.692955,24920071926628.85,21928753725122.523
10,436.7847244687745,436.8419571529998,396.58698811706495,0.28184120164491644,396.379253,101492462674612.72,83815072559552.67
5,449.627854717246,449.68345281723776,363.04563034705893,0.17237351254808903,362.983904,66029738123446.65,43210218970911.08
5,440.0733968031098,440.13020184239497,366.95198212494563,0.1549442202496699,366.773228,56932348093248.95,39711055687946.13
8,594.2921686641126,594.3342340261867,525.2987854882939,0.46842459202459763,525.320149,309278030063402.94,242120173169847.6
5,581.2495654400566,581.292574633682,480.19714883073414,0.5236353660438741,479.704004,330536574277085.1,226300858417512.0
5,716.5498577991162,716.5847463572844,601.921979017349,0.40549826450296816,601.512671,388458031846006.9,274914182129874.75
5,328.46207522794697,328.5381786992944,265.43047453907957,0.2020267152523191,265.170362,41469670420819.336,27181569325299.01
23,514.224733339073,514.2733479168844,489.96470864217787,0.44325559884427557,479.635718,219726642805897.9,199639293557414.5
5,783.8396762542449,783.8715698826942,640.4226216182007,0.16266928614509507,640.181004,187613361690367.22,125689190051361.31
5,460.7659530002299,460.8202072871914,407.1356833958952,0.373801854845918,406.869603,149277409648384.47,116806057763248.73
10,435.04490220513617,435.10236374292026,401.3036059384071,0.42354918723433843,401.163724,150773558715118.7,128476571948650.3
7,332.6760170243058,332.7511567269995,286.54431894505933,0.29717728609113225,286.345793,62350807023712.43,46378955351855.2
5,573.6079055706382,573.6514876936468,481.32533143947484,0.26132353764943844,480.866283,161618925871569.7,114154040378017.5
10,276.27751972813314,276.36799363734036,298.2551651998383,0.8262045025994397,298.252754,118865528121371.83,138340906274078.33
5,433.7212055908834,433.77884247529795,355.03615114264704,0.40190718904573747,354.935745,142273967812236.47,95674390971512.4
6,287.6337961262141,287.7206990711244,261.85102836439967,0.5264897923579207,261.692067,82371728588538.38,68379572320785.39
7,279.6974226141887,279.78679064069496,247.01505321865707,0.29646569836321385,246.723033,44102822790531.73,34473163409658.777
6,327.2278269486286,327.3042174025896,276.2442682359554,0.3356789259986697,417.805477,68087733340127.734,48668419192195.62
8,478.3473051085645,478.3995655355742,421.5156855808116,0.4550012788202117,421.273313,195364435802525.88,152041016603852.53
5,246.26420368113645,246.36569975283544,238.1261271561934,0.2886921133367785,237.8949,33375006473941.855,31223928547137.227
5,437.65441568456157,437.71153465289785,368.44194921454664,0.3502687848450159,368.072456,126386764515529.42,89848200506228.52
5,549.281298488519,549.3268106229966,458.1547041977793,0.2104661115879508,457.770864,119680218696205.97,83533429878009.97
8,542.4671834486286,542.513267228266,498.5805128273292,0.3270971974720047,492.203678,180747571035664.66,152913515989926.75
9,609.0327238022252,609.0737711164038,545.4656241293121,0.3040263876318609,535.197665,211470990904638.44,169955053227745.7
5,212.91042263181694,213.02781054420782,205.98583018924109,0.21257485469077678,205.966657,18464064680847.85,17292237480209.738
8,474.9228769205297,474.97551412938395,416.83903843906455,0.34634625593380264,416.436819,146963400321859.72,113476478343203.78
8,520.5298670734513,520.5778928417004,486.11854442709233,0.6036598353938561,485.852328,305796972485664.0,266998069533895.44
5,432.8284930962033,432.8862488413441,362.7351584850098,0.4974578769683637,362.352951,175049644562987.16,123330004632084.97
7,469.66903942550346,469.72226538123044,406.9273282327329,0.42821856177982887,406.451966,177406933631896.56,133513160882405.86
5,487.7713509501072,487.8226017802913,402.2320898503753,0.111254302933214,401.957519,50276043947821.586,34304326995362.37
5,408.35844673087416,408.41966286707134,343.3623054021074,0.41981458991901877,342.880649,131830129706361.69,93492659967108.77
14,511.42271638102613,511.4715972862496,473.1689086445843,0.32292798964097447,472.741498,158788038781197.16,136109448683103.14
29,877.6566794621814,877.6851639423912,857.7479308454509,0.7359932571844375,857.408303,1051601112148422.4,1004433225117533.0
10,519.4818715520083,519.5299941978108,508.1313523066403,0.7695243435591332,507.720288,387467229298699.25,370859870364876.06
6,449.5734858837895,449.62909070666444,380.63704883605396,0.4295077635529036,380.480616,163161961782018.97,117306480508322.56
6,434.6690421790247,434.7265533974555,381.5539411575578,0.21469732613815654,381.295953,76758439261033.53,59281120329820.45
5,306.40442368008996,306.48600433091246,281.62670956699424,0.21385424332774508,281.471247,38227120071413.36,32342217803094.773
8,653.110896518898,653.1491737357698,585.4623161519562,0.32534732056258797,584.912234,259806174249475.44,209142653260882.47
6,169.70570637974032,169.85295634120305,173.89301119884402,0.33850340383850863,173.738045,18678188730637.203,19603195061246.375
8,591.3594480743407,591.4017220356978,537.1416604069323,0.5890579129657395,537.062528,384381760211716.44,317650331578564.56
8,366.40255160080414,366.47077621493906,327.2957303240318,0.3840257801325072,327.0357,97349654839579.02,77834016740052.53
6,356.2866210811168,356.3567823984824,340.21522216841635,0.34870370109283877,339.815404,83695454477636.48,76377478506056.56
6,1003.45082010326,1003.4757338201582,840.4548083807846,0.159636237915277,766.427297,300562374161199.44,211455381707688.8
6,239.558934646878,239.66327037981262,204.84516767938186,0.34147598591350664,204.696644,37319915770311.68,27362178940850.824
8,213.33786051206,213.45501335846663,195.6453464014291,0.21760535536012562,195.619118,18972575490516.03,15979591104061.098
5,494.9064279145991,494.956939936383,410.0842418711505,0.5429748817160593,409.693375,249060113525534.75,171544874795745.75
6,718.3108246373224,718.3456276689865,608.6292797393686,0.3431806145594563,608.498914,330833505953904.75,238158145496376.34
8,587.4799105044059,587.5224636099157,525.9757992394143,0.5495500111510166,525.587591,354161074892951.5,284410678024573.8
5,295.2821856833445,295.36683832470624,260.4401737848853,0.2682796748440757,260.213764,44477948694532.6,34676957539010.105
6,488.5645194579801,488.61568709283887,409.8122755489048,0.5420865994203113,409.530381,242374702534853.7,171041643529885.44
54,452.66198527341436,452.71721075266043,449.0416863286031,0.46144995190968985,448.819377,177578397750625.38,174774183934371.88
10,205.11267930147534,205.2345273345347,219.01292598707684,0.3984715487315119,219.364238,31969143488762.76,36407216227713.02
6,223.9410423270173,224.05265104102418,191.0329240962025,0.3314915193724781,190.862692,31704456408187.477,23134674338263.547
6,532.5371324521228,532.5840754663341,452.29970931021165,0.1564044989539895,452.229929,83866278855384.38,60672295925153.69
14,456.6599552323118,456.71469728133013,423.0630226471114,0.42867747482343604,422.911134,167977086409480.47,144365206731477.06
5,463.833891803656,463.8877872780503,373.55734554175484,0.3952092101329206,373.481705,159837433673423.25,104072990731653.38
11,388.90198740779346,388.96626564489054,358.46699007147487,0.49152736243121603,358.479905,139917225567593.77,119046698223601.95
16,545.7092195952506,545.7550296160883,513.8851031661796,0.294051364973267,513.646858,164573098897652.88,146093472540016.2
5,450.25094552219934,450.306466690891,364.24205179873127,0.3270206527919581,364.013834,124901618762372.58,82050076235903.97
17,385.0818542583067,385.1467700487903,363.25116671513257,0.25676365494367237,362.803491,72088150762453.48,64212229975758.83
12,334.1151383208913,334.18995444984324,306.9152671521556,0.1895932127735729,306.578169,40278955024149.02,34038330283018.445
8,444.01447974286987,444.07078064350435,395.72696386166734,0.3262028244643893,395.270402,121194636336099.19,96465419981573.8
8,643.433175990958,643.4720288915527,575.6142365492076,0.43883967764119053,575.160304,339374782982597.2,272102902157845.28
8,173.49798073701956,173.64201484612877,155.21260531555473,0.3513404845519618,154.935655,20248619459004.95,16236045184296.252
7,568.7913222060837,568.8352733585928,519.9505559522804,0.2365904971275017,519.511842,144023760656741.5,120543519107400.66
6,447.7776149223045,447.8334427278825,437.1111283631549,0.44177210978401554,436.775356,166453137149265.12,158685265165198.22
8,532.9414268495593,532.9883342554921,470.95026622508243,0.4204716780673199,470.573515,223847588908293.56,175169070879254.25
6,241.93890078917372,242.04221060607102,246.39856589253856,0.19933100248014884,246.367714,22320112383591.684,23143248675707.547
5,738.8133246775202,738.847161949649,618.5444203533638,0.36281180289505094,617.877774,369656613044670.75,259866765518979.25
10,231.07476041374704,231.1829251918718,207.5570317741343,0.38225654372424267,207.298123,38856259812881.63,31408414254596.414
5,280.6122614206766,280.701338186383,232.82490915547768,0.2542525718031144,232.50413,38120013688645.836,26327483088523.324
13,607.1519016978478,607.1930761589043,554.4257638796479,0.6341749433857388,554.417959,435749148647080.6,363916690102792.6
5,312.3467583857654,312.4267873824133,250.66736138685832,0.30172958195819777,250.453391,55859696624712.36,36115610043540.59
15,751.9218967739516,751.9551441729335,730.5332696995291,0.387730602775319,729.979356,408833740321937.4,386095863972564.9
8,332.646035501421,332.7211819749573,292.18125225476166,0.27176218467720353,291.928253,57053075591232.09,44117152795655.17
5,699.8153326907898,699.8510554890381,595.8829170272053,0.5003066281954643,595.388905,456521958645981.1,331900591573922.0
5,317.2353846025321,317.3141806536803,261.39381029623945,0.24596976163605236,261.178823,47044834801645.766,32048777016461.316
6,357.4056002778328,357.4755419744937,309.2478361597908,0.18458471675581045,309.098758,44830196102271.11,33648190605846.598
5,348.0217277055409,348.0935548888397,286.3129293358217,0.8711051536592488,286.125427,197960327554526.3,134446765066697.3
13,531.6462760868754,531.6932977544876,529.8290683428794,0.40311500183463983,512.567209,213646857753922.06,212200589517866.75
6,211.2525476826042,211.37085632222565,193.88602646962994,0.39209842280081436,193.724293,33356843898162.29,28139798587079.71
5,222.09560833203258,222.20814395601172,179.45671833518654,0.3090327875994831,179.249787,29093171916028.797,19064565200820.75
10,754.7658194556403,754.7989415854689,692.1069256675056,0.39453416423630083,691.597409,419071161080400.75,352900188317078.94
14,591.2970147104693,591.3392931350943,548.4071509468924,0.6512155814259405,548.464724,424489376109008.06,365611406351805.7
5,353.8147371739824,353.8853885673923,287.9724233314841,0.32503952239996514,266.801614,76994242717355.47,51189449465254.28
6,255.57624273629594,255.67404219279294,224.1268267446219,0.28335957564712794,224.123011,35265627559607.81,27182512966854.926
7,463.08262716473774,463.1366100642396,400.81972749590363,0.40691580572252534,400.594895,164001611479806.38,123180119902643.78
5,429.0830794543136,429.14133927413326,392.5655897052231,0.45533847286696305,392.138298,157615158711345.6,132136822715902.23
5,780.9556784533721,780.9876898572517,698.4466808946544,0.4485038524486402,698.150284,509182842648412.9,408047830256525.1
8,359.3993479810589,359.4689017553678,332.845399248312,0.4542005210109819,332.809527,110651994269135.94,95035021842933.28
6,566.4574226840249,566.5015549085705,484.21708729887445,0.3200580641530311,484.245295,192735738383203.62,141226444077483.78
10,1021.7046875946749,1021.7291562116313,925.3488637563905,0.39689133286902056,925.381659,768710848464119.1,631536770469441.4
7,270.81724239792186,270.9095398468182,240.41221018340661,0.34528814605699104,240.380989,48118773621139.5,37999792899424.8
6,392.06889570212405,392.1326548211498,330.8382217642356,0.34885359720040743,330.728812,101221517454826.72,72291613698055.95
15,483.16842473870906,483.22016376025283,446.84299644640595,0.30895625732272003,435.125667,135785536542511.8,116297276567595.75
7,245.41336447892027,245.51521228808485,233.41597469606853,0.23076897012218825,233.51135,26547729100959.965,24036343254045.977
6,253.4405584541708,253.53918172456494,246.0925417903799,0.2396938958522182,245.878954,29381796932242.535,27716867032642.3
12,363.09615402808504,363.16499978658027,334.92528689960085,0.4611927279261732,334.699759,114642169978535.83,97683681628062.72
5,219.586773913519,219.7005946231073,193.43658122033452,0.3631599445318752,383.197487,33380552682944.016,25960522227567.64
7,596.8889811995325,596.9308635658035,518.6647479461527,0.412235149266831,518.371159,274828012341821.4,207986717548273.06
6,413.0205527762673,413.08107801691114,362.84445383286504,0.2675968636943609,362.695529,86288266346857.02,66748712157097.58
8,218.29798063819288,218.41247297421646,192.7243651867049,0.3056912061756413,192.527901,27813741899605.234,21725433078014.918
11,614.9959731600503,615.0366224893257,570.6204096349038,0.5317656893188984,570.46019,375366258197793.2,323563663515099.06
6,285.9359689111544,286.0233877100973,260.5407148821961,0.1960621927441972,260.301307,30580804521107.11,25430879809269.47
6,290.86260063039765,290.9485391705519,263.1019717757087,0.1972777848258339,409.865716,31828741570533.73,26088316676279.426
7,459.27910289067,459.3335327973113,405.39481340497133,0.2048437445759029,615.106207,81717587280600.77,63807773624169.8
6,233.51938153378646,233.62641449956408,195.8317210785534,0.1709900619010319,195.647488,17871427582412.6,12605824979378.76
11,714.2952524056831,714.3302510808978,695.6786644282648,0.5313903151639056,695.095609,504724186809076.75,478971674022935.7
25,341.50693731972245,341.58013443040977,332.8639751533745,0.32724923040784176,332.548504,72259139457001.75,68678886557119.93
5,301.43794267855554,301.5208670826617,242.54581915172193,0.21229432496722492,242.569315,36740909699927.4,23877066470825.77
9,363.6146622019864,363.68340980620036,332.1219424476164,0.2241245040936063,331.856572,56228111474496.24,46984691196030.07
5,499.7010287834859,499.75105619425585,401.09916945195897,0.2566044556127281,400.984931,120753672078070.25,78105686865302.2
8,380.2863657195596,380.3520999707911,342.89962951741944,0.2531680555515911,342.631704,69343271162102.94,56481602531234.91
6,429.83498276191665,429.89314068258545,365.9744583026903,0.33114548063775195,365.77521,115349828405268.69,83860796310183.05
5,499.0847223749295,499.1348115570186,447.5317572076631,0.36253713570112056,447.152144,169666338784911.25,136689111280321.5
6,209.33415321229978,209.45354544889088,189.8714788454927,0.23579206258527774,189.626349,19786744897753.43,16305380691671.648
18,438.64385425422074,438.7008443974072,420.5602880201668,0.3963713468716019,420.288434,143506390313493.28,132016243404920.8
5,237.4740181125042,237.5792694628426,206.44665093655638,0.4084322186047432,206.205262,43801953953002.03,33184968542213.496
5,873.9326042371548,873.9612100938665,714.2620880834093,0.2867992294971046,713.670683,408514960983932.8,273801184376562.03
6,405.8463383865887,405.90793338120585,358.4197784726716,0.3434188031472566,358.208859,106719968664861.89,83419419250392.05
5,322.99166932967427,323.0690614348109,260.44030100140924,0.6145784218932959,260.245677,120829550687476.44,78862656058440.06
6,481.682308497902,481.73420713072477,420.99100590968993,0.44244590320033933,420.67066,192655812696193.34,147517560151573.5
6,728.2280025392184,728.262331637618,616.2458465494959,0.41646380450160647,615.635975,411865649991030.9,295769458873142.4
5,466.2751442884697,466.32875761766314,409.07373844766965,0.29587933959413587,408.716272,121227051424539.61,93525753498856.34
10,522.721370356855,522.7691947960863,484.97075033693346,0.3985143426898284,484.48549,204251743432225.12,176046024064936.88
6,222.4757490645843,222.58809249788695,209.65956152307677,0.35988199734041176,209.497783,33950320034297.996,30182599990184.01
16,253.6205507300288,253.7191040355517,243.56329708451725,0.2968539991258299,243.415585,36371914849892.805,33568222414872.9
5,512.5214242265646,512.5702003542795,418.88252732466674,0.2282601223072107,379.233669,113064659733288.8,75795829117434.56
7,199.98203167585558,200.10700385844297,171.89422271430658,0.3411029990638499,171.838245,26061003038631.27,19304767032078.117
9,543.4174824818385,543.4634856794883,498.9578919326977,0.2550102148167358,486.093077,141715840250506.53,119656614684397.67
6,255.35889633263,255.4567789983638,217.58311031012093,0.18394681794838041,217.553599,22940384583414.586,16700758375140.236
21,432.8890359780481,432.9467836466785,421.28335723952654,0.3249604915568649,421.123217,114814441620483.02,108793357486292.12
11,578.2460116476575,578.2892442250874,528.8913511932226,0.6057557917580381,528.378815,377995961166674.0,316705251869421.7
6,362.4483354528588,362.51730423877433,335.7558302941238,0.17977139685215957,335.409875,44901300371978.664,38582985497393.836
5,436.38661843577086,436.4439033252808,351.6920854501456,0.35029847224498223,351.335545,125672613577271.94,81939316280675.39
12,448.60231358350836,448.6580387694802,420.91353951187847,0.3696748578983868,420.48005,140017817936869.36,123406043336424.25
7,298.079621094496,298.16347950719637,263.01441593898255,0.33144870371301427,262.927383,55883797665405.16,43604774269173.305
8,305.5519148917421,305.63372309679835,269.70316926573236,0.2716181045372056,269.576191,48184102976311.48,37623182089269.75
6,341.01850958922927,341.0918115148167,292.4101267632297,0.4333602162205998,292.3496,95180918970738.86,70171697286531.08
5,424.35802270401285,424.4169311340671,355.9381001619267,0.40624868236007344,355.642979,137708794292260.08,97186185276610.72
7,328.7256925964655,328.8017350517268,305.44267601915743,0.44312937853676754,305.241318,90477467407054.6,78216689839704.95
9,563.5524528805416,563.5968125776396,511.0848354949615,0.2734902287130133,510.719241,163250647247099.78,134500564287407.72
9,355.694862936197,355.7651409556591,346.4998466127611,0.22414284424312936,346.183687,53830583350363.805,51106914443345.25
6,460.2230287882512,460.2773470713408,444.75052401301815,0.6744314685574829,444.307985,267362894547136.4,249826279181615.16
6,368.0167309352838,368.08465636086095,313.771366491716,0.33052929511959905,313.576164,84634589327227.06,61696522091739.055
6,407.95881085950947,408.0200869539452,380.9088636175528,0.22033421798859604,380.909895,69451634654554.1,60620009005589.45
9,795.5989578052345,795.6303800514253,711.5524326044019,0.43759670873149337,711.03204,515554567452009.7,413161341990886.8
5,481.5627099199509,481.6146214406772,393.147892569719,0.3609300768034505,392.90447,157367749267910.3,105265705618864.6
6,303.80208633744553,303.884365611304,285.39380203783463,0.18074500584570138,285.384008,31813769573035.4,28105599815350.92
7,427.2706386392124,427.32914555780116,391.7073386142795,0.40286394027943284,391.696352,138435968397178.67,116529705307743.9
6,463.6990154338869,463.75292658306336,401.6222751169136,0.2341595169096159,401.418202,95089564218979.69,71515859207049.97
5,220.12259829677788,220.23614208599966,231.72982039903997,0.2678603919750214,231.61647,24805521414418.668,27466103364759.242
5,351.3924961249926,351.463634438832,283.3990823402954,0.27242855690265255,283.347948,63758061971836.69,41628062285872.57
8,370.3663745712626,370.4338691494891,342.05714300330607,0.23108387780464817,341.689813,60111432433486.07,51344957421225.086
6,326.01304657527277,326.08972160632567,273.6217350565016,0.2907043738930777,273.338705,58606189493913.69,41410412332419.695
7,532.5291837760158,532.5761274908496,464.02650273361826,0.5177710202428581,464.028803,274760496147584.1,209084472966828.97
7,189.92652151045542,190.0581057809992,169.32177720005294,0.25038688195047076,169.534124,17315792161936.164,13789223573496.035
9,367.6469267472478,367.71492048419276,327.70679299605683,0.38473675809806773,327.622866,98185926761635.52,78171109376278.38
5,356.58895054596513,356.6590523896355,309.14136023703225,0.3843278431705546,308.830963,92321221617128.89,69562918197386.44
7,313.67399201912434,313.7536824791284,272.68244284022427,0.29992044033667864,272.48314,55996432028067.46,42421366204024.41
6,314.0667342047389,314.14632503664615,260.36242537555006,0.23061376345988038,260.148566,43263127393687.195,29830022336837.797
5,543.1576987335809,543.2037239319696,449.6323885522858,0.5315428785253945,449.496438,293283896014523.94,201595642444325.44
21,449.2041808287375,449.25983136044675,431.555060499805,0.5873985308838711,431.25387,222179334194151.8,205196637736744.7
7,488.338691528839,488.38988282324044,433.80931105283565,0.29353682801080117,433.526266,131819375217921.1,104243827477472.88
6,789.7177129278776,789.7493691748274,666.3817663276823,0.6443344153493902,665.642877,745761443417475.9,532426080341644.6
5,408.54177802502073,408.6029666948655,331.59152945517496,0.30919605203523826,331.291455,97445126117079.81,64431439471967.02
6,476.13150257172265,476.18400617955064,400.00809165056984,0.6284021469761978,399.806013,266641473413970.97,188736422216025.28
16,287.0940057448306,287.1810720340267,274.52939209108047,0.34351996478846347,274.428022,53747123014189.18,49184218439946.38
5,349.74359251096985,349.8150661456412,310.1764247722931,0.278717529958201,278.75109,64611541464518.26,50926536252884.27
9,369.39187269206855,369.4595452968476,329.2081070502191,0.4372852818732829,328.80188,112520374802202.34,89554716697324.53
13,408.28115624827194,408.34238397137494,381.7688782430192,0.3849224718017157,381.497992,120921127178297.89,105853324603101.34
5,392.27733245402584,392.3410577001167,328.7628129874812,0.1730098674633123,378.800857,50564649243232.91,35626242635012.65
6,318.01392688027823,318.0925300754718,300.3576493099871,0.2684978048766618,300.123308,51564102904129.32,46043440418633.18
13,695.448585368418,695.4845324598771,714.0801682161983,0.8642889469121994,815.261605,775531175691870.4,817486856759745.0
7,367.8962857471186,367.96423340662545,325.7920678693533,0.28621455718387895,325.448796,73333212521673.89,57631410341524.99
10,487.5096700966018,487.5609484338317,447.7671293023873,0.3607202085149698,424.802212,161150496552692.1,136151950073160.08
8,512.0618465202137,512.1106664205413,466.15171949644076,0.3313931523875895,465.834533,163316926391833.38,135570031937582.84
7,514.9420797454283,514.9906266064917,446.58858909049707,0.15757281206334697,446.566274,79043637652045.55,59601019704327.61
5,365.6537136077091,365.72207791587937,294.54294890946284,0.29371677681961683,294.243494,74331816411571.33,48415304205579.93
6,465.09474407913615,465.14849346207404,406.795842261076,0.4023212292490848,406.457201,163565884783253.78,125427609766275.39
11,438.47031837341405,438.5273310689803,424.98186633901787,0.48367178455497084,424.888853,174667810687360.34,164177623151316.34
6,425.6308108210628,425.68954311821585,436.519326254221,0.5579204834667677,436.240736,189713762261856.06,199454964402797.7
9,301.16249633627,301.24549656300894,274.01834708692485,0.1290989637763782,348.477068,22398625629874.953,18572989395535.312
6,452.5477962284033,452.60303564070847,397.820550946054,0.35107246202519043,397.628716,135362140199454.2,104842854565164.95
5,308.4936383051674,308.5746666120851,268.6491840862376,0.25015277026381183,268.4022,45259869959942.63,34406746117767.918
5,396.9085599273313,396.9715417301194,353.6268723584056,0.5556482780633377,353.416611,164511184784552.88,130855902447461.67
8,549.8118476971455,549.857315917638,485.4413342801144,0.4671809525464807,484.944544,264350508575633.44,206491089866866.88
5,663.0021266649118,663.0398328623972,535.763219461514,0.30873570178617255,535.592032,254111148208585.97,166532775185664.1
21,405.04234446456695,405.104061704339,408.4522001420176,0.3892054652083106,408.1585,120339686923813.89,122356075533704.16
5,231.63842283480372,231.7463245304989,189.89730947718752,0.25344497210564776,200.285863,25980068731170.184,17520132769415.707
13,399.85316143724765,399.91567950176903,378.6059741300388,0.27089917445317174,378.503369,81910396373399.78,73507497244133.66
5,391.35840162303845,391.422276475087,319.0418788324003,0.3768741486612261,318.889133,108884388524324.67,72625199724146.88
11,589.1215752919703,589.1640098262051,532.8358043815157,0.5627888905283539,532.814123,364631455884417.94,298788781339305.06
6,438.51374317512654,438.57075022561736,420.8068430444576,0.27173681172194003,389.132093,98655197670970.28,90915477869163.78
6,298.6625648991064,298.74625967886686,259.78324602707164,0.3273756077128245,259.444486,55417275272084.5,42030864711343.016
5,376.6083607357843,376.67473684346635,305.88943128414786,0.15805810939658638,305.877261,42642336123857.63,28233582292863.777
6,331.3478155495639,331.42325637991644,276.79186284920576,0.3291339586171339,276.792166,68448649192902.9,47915481493517.97
7,289.22329569558786,289.30972118651226,250.40212522224041,0.4828863634116828,250.228207,76438067726306.81,57440767113163.055
5,268.85270694867876,268.9456785925963,220.31385141942894,0.18655790771113812,220.145272,25763779183105.203,17359907355836.95
7,175.66462160436058,175.8068806486344,153.7350831079931,0.12556958058115483,153.544644,7482558771992.293,5744271150395.675
5,518.450357616978,518.498575999175,427.2165472483396,0.4224347465749062,426.842088,212915916838641.97,145063707036154.28
7,425.031087883489,425.0899030410181,364.78652807512736,0.401177761178813,364.705205,136432935293477.17,100771260607518.02
7,546.5841771157577,546.629913811264,473.15862848696486,0.2784808140774709,462.322829,156429826927944.34,117525039360745.69
8,277.7638865692901,277.8538764928023,257.3123128870503,0.41093224921069954,257.101182,60123649332235.73,51665219344054.016
6,430.36956628777216,430.4276519773388,367.47257079997235,0.3554278957489883,367.106258,124035342112473.94,90684910747808.22
7,482.181638313176,482.2334832074381,453.59150650900267,0.3501162086648029,419.739911,153083258244620.3,135614571966401.84
7,597.0319904578747,597.0738627926129,610.9698726614441,0.3519365171718619,610.739533,235040806043911.88,246051090612745.38
10,393.21315319788044,393.27672680673567,351.8834053055045,0.3036873154444496,343.545127,88736251878589.48,71202642780835.36
6,415.13040289129805,415.190620564448,388.85146767434424,0.34477305814983206,354.789595,112049628089475.08,98427150908468.19
6,432.6808499407424,432.7386253911745,444.20937605116745,0.2920286145492466,443.728796,103178891022471.53,108699471715293.81
9,451.6017456330094,451.6571007509804,410.91429578572803,0.43001278590835945,410.65416,164816209975530.47,136684012192724.69
5,786.5072119795624,786.5389974412358,664.9942663870505,0.2582587096410561,664.312027,298739706612926.4,214143329678906.66
5,741.6549996394697,741.6887072689066,604.6334289864891,0.2865432938213795,604.053227,294763876272010.44,196560853341499.62
6,473.0935482166325,473.14638893708485,408.37422822512184,0.3847832444277058,408.346214,161877845634562.7,120932405020651.1
12,450.0552758436515,450.11082114819817,415.3662677723892,0.2210584401148558,414.929993,84652695079370.39,72208338566944.53
5,241.98016788158196,242.08346008762885,197.34994798049215,0.28721190854760387,197.085715,32069973504833.98,21406450176986.703
6,219.1969767882071,219.3109997995764,210.1567173541103,0.162570226599272,209.971557,14993498072684.78,13792068494265.945
6,384.6058766298153,384.6708727447254,338.2046345758075,0.43472999198602563,337.902632,121186187774513.67,93923771842787.92
8,398.6761793148452,398.7388819178318,390.94852343523297,0.6366120979328767,390.679701,189920410947036.22,182692671026025.16
7,517.3218380315161,517.3701615906218,454.7765921034252,0.4573147855838437,454.357313,229354585293432.6,177634655388914.3
15,327.13700890739347,327.21342056351546,318.8106831243637,0.2888094036487979,318.50573,58626144573151.06,55705029086548.65
6,205.67993343035616,205.80144561182203,187.95780867983953,0.21798332289434263,187.961115,17676257758820.547,14783897780763.176
5,365.9995601672553,366.06785988751363,334.27847235696987,0.5010392697456375,334.373434,126435470930006.94,105639580629567.27
12,409.0235094418796,409.084626056946,385.0275142147686,0.2280813574496321,369.575498,72244073409538.55,64084230610296.67
7,589.7033577888874,589.7457504615769,510.83742410141065,0.2943080472156293,510.284837,192079730033692.25,144505876248944.6
31,476.456526286217,476.50899408167373,456.5628298632681,0.40038137001332735,456.436242,170761536678957.22,156918098279607.44
6,355.13839043964265,355.2087785571467,305.4230724031327,0.32235499976577353,305.190316,76931297038502.94,57051039698208.43
5,519.7263490096785,519.7744490208519,434.8241044161273,0.18068636269330135,434.449585,92202730920484.55,64742738724901.47
9,319.807385337129,319.8855478388652,282.1386759305092,0.1398291972377704,281.83689,27309965005629.414,21301484783777.668
5,526.1203443065776,526.1678598064232,425.9204306018262,0.34799973509989635,425.442117,180881821592563.0,118989612667694.4
5,252.90793599075465,253.0067668800652,205.1778527165722,0.3329299567198129,205.06111,40524491496911.05,26769231622074.234
5,341.66363567805473,341.7367992252905,297.6234450192445,0.23495699333281672,297.255474,52078940318260.62,39614083225902.61
10,322.3524898077875,322.4300353336825,293.8297622437,0.2789156602037056,293.551486,55004847733538.414,45775857450569.836
6,488.21007101259954,488.2612757920983,419.0059592803175,0.3910353874613323,418.547269,175066237042989.22,129302104914470.48
10,442.9923129128786,443.04874370649304,403.02674868980927,0.7818594397448231,402.86043,287009263730460.2,237923277779083.25
5,294.30491532690587,294.38984898528213,257.2562496751894,0.22954997036189068,257.021782,37859335782896.29,28995356233919.65
5,494.75855477688117,494.8090818941262,403.7360807112654,0.2128863184790472,403.378973,98389774716481.69,65753917724725.94
21,492.90028233281276,492.9509999216621,470.0541571388518,0.42619551063774935,469.538545,194309617262322.1,176863344272673.66
5,220.7525335631426,220.86575351227813,182.9671208801153,0.2026332230992242,182.764372,18917064779543.04,13036675887549.045
8,437.6979988755522,437.7551121570859,407.5417915803852,0.43388477297962363,407.242118,156292135449404.7,135669260865756.7
5,249.53201447504262,249.6321819156594,217.66004537540726,0.46843966953482713,217.536435,55353856928712.06,42217626110718.79
9,397.58604772149124,397.64892222008586,371.5805462524719,0.33162445118051903,371.352655,98969523725750.4,86550198092922.06
6,246.8910760428414,246.99231451523366,218.2646030424419,0.34544031654011476,218.036285,40074346432812.26,31387616284563.586
8,463.1924781320476,463.2464482304288,413.6688119266198,0.5087463833817482,413.413045,204737418888015.22,163622290444557.12
7,424.23662696562326,424.29555225004344,371.02702415387984,0.6602054871593525,370.692515,222725516791885.66,170749765722353.0
8,207.55201462462665,207.67243142685365,192.89186741153873,0.29352451042240646,192.748706,24171681456845.297,20904037505907.535
6,216.99238685469604,217.1075677006632,217.68461883459725,0.2880179330871092,217.730214,25909216694464.516,26073351489902.508
6,466.7652955185906,466.8188525547755,408.5053577082998,0.3652807223588438,408.419502,149694183003823.4,114929399805099.89
5,260.6322386089037,260.72814156183546,210.2577662635024,0.10253854485245112,210.105255,13383095298254.904,8741803720998.109
5,236.54875046671515,236.65441332745996,206.26539794592523,0.28660751370110066,206.233528,30594590841278.605,23317664042514.805
6,257.80756205047663,257.9045153742182,214.82987513331886,0.24229008664055915,214.611415,30720419597049.27,21399049513973.047
7,405.31991932894005,405.3815943093846,352.7485691005511,0.36299325482766354,352.492996,112457460787275.75,85388098668122.73
7,301.4647874195,301.5477044414106,276.83284767851734,0.2700747801146771,276.609571,46650524583925.055,39397373383729.2
6,516.6779476807225,516.7263314556008,455.8978188381178,0.4595015303383291,455.454454,229873738238407.78,179349793617712.34
10,416.5985293328528,416.65853482473614,371.8640307156368,0.42016522363366715,388.992679,137269119758216.08,109593060666204.56
5,392.4784019357722,392.542094540264,357.0660437621026,0.2370189531247947,357.025924,69151118118086.15,57330645709178.34
6,338.6705221021689,338.7443321163554,295.44900184548965,0.3707957356279001,295.271703,80443359684966.36,61368347801945.62
15,307.447020253701,307.5283243261987,285.3854059607291,0.26885564688046193,285.069782,48286599077147.414,41659730059209.82
7,286.0433911320131,286.1307771112744,255.26642634218672,0.34339586238003095,255.150017,53338796955172.74,42563161636081.34
5,350.40934065722195,350.48067852569136,322.39925633222447,0.31553948762714673,322.137074,73343680490934.66,62177886401122.86
9,583.1707501153631,583.2136176308945,560.6574482686815,0.526192720166468,560.323974,334317509192740.06,309207632193453.5
5,323.604230280596,323.6814759226994,268.5944323167373,0.24691950211861172,268.597059,49122974575640.38,33952174185888.062
6,652.7393690173867,652.7776680196835,579.6389696358443,0.4046217684233034,579.710854,322173454046581.56,254545461665036.0
5,350.3517682316767,350.42311782053207,314.5257592038082,0.418406195866071,314.329024,96979215428321.73,78309674238415.8
7,464.5263338411685,464.5801489860675,432.3718463122073,0.35978323730755796,432.22914,146062250746545.25,126702042058470.2
6,448.270177036356,448.3259435056218,382.0655076265416,0.19119096217589862,381.859773,72733901963944.39,52985000165736.34
6,351.1614819085794,351.23266701181075,296.9716952929258,0.19276961306235993,296.576612,45193246382374.56,32416354119843.156
7,243.02730700116877,243.13015433763113,208.22712284361276,0.16664260437658482,208.021556,18855583230867.414,13878400138286.672
5,753.5434133641934,753.5765892227276,609.3560903303662,0.3626728774922835,609.29446,384268190710860.0,252168963908008.5
11,404.40515199233306,404.4669664607259,378.0116844314629,0.2174043843213308,377.61006,67357746057848.445,58922341241613.336
10,321.21669725465574,321.2945169080686,292.7451992631229,0.2975868833399254,292.696486,58244616421186.09,48455912551447.52
8,420.19390732055643,420.2533994500418,364.384733716083,0.46133595177516945,364.473764,153182247208628.53,115485552411306.33
5,619.0351857962961,619.0755699055284,496.79581286677023,0.3675262026301401,496.624514,263630402651822.0,170420394198261.94
5,200.04633003495923,200.17126207439426,162.78030642702916,0.21933036994902647,162.633183,16831568825546.09,11183739128298.564
10,604.318758837392,604.3601263177163,565.6447946111263,0.3247742037636499,565.076497,222328188611219.7,194994658566945.12
5,329.62099972822983,329.6968356867225,283.46882491176814,0.406086686927639,283.362485,83427128150185.72,61864710075005.35
5,459.92368800493745,459.9780416368406,386.0330888641025,0.21605057213738876,385.803025,86387300626518.2,61047699615714.41
5,382.89836298840095,382.9636489005154,321.8290875316095,0.2288304706476555,321.466996,63589960383954.33,45060597681868.375
10,528.6496373260444,528.696925511165,496.4364076112853,0.19176832329227497,470.4971,101162576275500.27,89309441396557.14
5,311.4972326240541,311.5774798223454,275.20963273953174,0.33030515996373355,275.065424,60772341619659.49,47541106438959.17
7,214.36173518904212,214.4783287729952,187.8717263352768,0.19822193187823153,187.735003,17461228766905.79,13442232609458.125
5,651.5018679675483,651.5402397129473,564.2530519276096,0.45181649726795386,563.93582,358063505433565.4,269222854844813.62
5,334.5119981835173,334.5867255716064,315.499411586599,0.3426874566589494,315.400687,72597005601519.52,64645688356541.484
5,239.5865998227134,239.69092351319648,208.0096951358396,0.23947476742545257,207.834948,26259095570098.133,19841824135815.066
7,230.54740174949583,230.65581382970478,199.57022678068586,0.18949404180269494,199.717126,19291898253080.742,14491254245694.463
15,411.59970854259257,411.66044268589513,386.3650584545276,0.41037208532326475,378.582337,130926829613927.48,115495001031629.3
8,674.3902623678829,674.4273318724722,593.8104883439886,0.321933302152863,593.247777,273985913836016.34,212861285682747.03
9,423.62054351271166,423.6795544819283,401.553644856937,0.37833226943511244,401.271222,127884899887178.22,115018152097690.5
5,209.12062447221584,209.2401385481512,169.64427061109188,0.17462747883339227,169.542356,14661620948119.018,9683155191075.621
5,378.3356276050993,378.40170072998404,305.2836348556462,0.31915701472623575,305.161515,86354166536962.67,56438885096570.14
5,364.3552379633438,364.4238458599065,306.9006277130918,0.44444886488548174,306.81921,111277374152973.8,79191579537305.66
13,301.9805916269185,302.0633670595356,282.1695640193914,0.46783129306786186,282.090182,80693013990472.5,70537116261146.75
16,764.6386260160416,764.6713205003178,749.1207598035302,0.5012788381178033,748.38774,545270338770023.2,523531215406725.4
5,444.5598646327719,444.61609647234826,405.4044186016974,0.5561814736250852,405.329519,206169880306064.4,171728023946990.47
13,580.3980409731905,580.4411132625922,569.9890391109952,0.37004863286079,569.609332,233569791021660.66,225333145522982.1
8,667.4446261271189,667.4820813669604,583.9517199985702,0.3446250692260252,583.38178,287177307445119.06,220299790961379.66
5,285.1191222937135,285.20679146461003,236.31130883403495,0.2043399452813822,236.267845,31680306850490.582,21833121671221.035
43,609.9037312532594,609.9447199514461,605.0178350936873,0.6779595244161394,601.494318,469761969133711.2,462329199720223.06
7,376.3777039699203,376.4441207479125,340.0599490628399,0.19889990366258506,339.761855,53487947365956.67,43741346634664.11
5,393.2859516620965,393.34951350517895,337.33804331259716,0.32253592905964723,337.054598,94227826450286.58,69514141597198.555
5,419.9560156902861,420.01554151538227,378.0479934449434,0.47728872205155437,377.570543,158253725605777.94,128483922997864.33
9,322.92696227749735,323.00436988649585,285.4108993157217,0.2990465296803149,285.273445,59147169902737.25,46302871694909.12
6,260.33089264999296,260.4269065744593,243.69826098750747,0.23768469597883257,243.469825,30729234400346.645,26958852865543.367
5,440.86458615439943,440.9212892627094,396.2621966786623,0.37907581504848065,395.927798,138680091209188.11,112251549757671.31
14,324.5919961644887,324.6690067962254,301.07642582241175,0.3219817321612253,300.741298,64294244305396.06,55389056289057.664
6,565.2677852806522,565.3120103766535,522.6828726060708,0.47819250143048647,522.182092,285825362977787.5,244692306394416.53
6,443.6761373006684,443.7324811302882,381.4968461152772,0.355630930744988,381.218641,131827438429607.38,97728968387437.05
8,313.04839501663145,313.12824468975793,272.5334983820034,0.26587040493549924,272.48078,49495397354876.71,37604206086242.54
5,262.3462160115663,262.4414926332866,215.51207574397847,0.33432527802736245,215.283904,43758649539839.484,29631219661701.03
8,510.2243043643981,510.27330006980964,463.17207227803954,0.4616738990164675,462.908202,225264087248638.16,185933970488514.62
5,275.7272270479439,275.81788146447,225.54586115631116,0.2786954342940542,225.393938,40322561336985.62,27075627555687.812
6,433.71291482982593,433.77055281586814,373.42864861785773,0.16025633120987132,373.362416,57192077498972.18,42509571134841.48
6,491.4171862427296,491.46805688134157,473.4394157668107,0.286682944553609,473.581435,130382532684824.6,121097514893488.81
5,595.7153915477629,595.7573564186216,486.4027761358903,0.4170618659662739,486.136142,276936274719827.03,185244664583913.8
5,309.15576694843253,309.2366217598969,254.61554149780764,0.365581200246083,254.51616,66205027365804.234,45059490124663.05
6,1152.0043366685534,1152.0260377713491,962.1403201318193,0.2579918388533883,961.269465,636216431763752.5,445078175531378.0
16,504.8304002322943,504.8799193854896,512.7316813223078,0.6805753800367055,512.307663,324119868951322.3,334256638158193.25
5,315.23641408829207,315.31570967404264,262.7233017110213,0.23157510094538655,262.564497,43763223648474.63,30494202182567.117
8,815.0588520356367,815.0895240902375,731.8126935732338,0.35953905654238266,731.377174,445120053775680.2,359498972678637.1
5,402.2819771576872,402.3441178219187,380.11244797819404,0.23155931584292283,380.228644,70959166584226.42,63416843915487.12
12,375.4022119156332,375.4688012487189,347.3844766157515,0.33524535606832273,347.032361,89279344398782.3,76555409604572.5
6,337.6854030100151,337.75942830073046,283.2324590733018,0.34748900641869623,283.038561,74995870534232.16,52922647391126.65
8,192.55557308680233,192.6853619940728,172.5543957576964,0.14959599006545293,172.454784,10678017470556.69,8591066329422.004
7,326.257983181626,326.3346006627893,292.34244915301906,0.2766185251687984,292.177549,55873934042790.305,44947668210316.33
5,442.18443355767494,442.2409674382529,381.50294570833495,0.1979517872783195,381.289389,73270275413259.02,54681935629676.68
7,854.0294505822666,854.0587230757894,748.356012149592,0.5022817197151446,708.556027,680382653425579.5,523508300739177.9
7,463.4175812993356,463.4715251850175,401.1701801687822,0.3579963362785013,401.153056,144656353697860.8,108683353763099.67
6,417.9020398765639,417.96185822751005,376.26916138864095,0.21434211274505396,375.910641,70883588334998.8,57569888112417.89
6,246.41133765876415,246.51277315137543,206.62312838489837,0.18996846689058497,206.331761,22067647331463.695,15563032359843.14
6,626.1401729152731,626.1800988041444,525.9188000537266,0.2384004710006683,525.333085,175554628850346.12,124236440490324.42
5,358.9923498589878,359.0619824727729,296.85325235150503,0.2797182632544641,296.644548,68284857992712.45,46847623683555.555
9,266.47769209911996,266.5714920738401,237.3115127691111,0.34543403966995956,237.233219,46621746213889.22,37049839753858.914
5,523.2275020746571,523.275280256277,434.68537719752266,0.7636489049987647,434.61907,390051399283832.25,270044283233290.28
5,367.90664030887245,367.97458605637706,313.32081281617957,0.6569983478059184,313.089548,167106461361664.28,121543834963371.16
17,476.185892038338,476.2383896499186,459.5010627118451,0.5388663568854292,459.056184,228986758419159.56,213344340936943.7
17,593.6700051330529,593.7121145763148,562.2772283156933,0.3974315375568795,562.090946,262209389064064.8,235418912560047.88
7,463.311478436787,463.3654346747083,396.3600036362889,0.4444501955519003,396.069046,179164568995163.34,131488231144932.8
5,463.0401917466608,463.09417959286037,404.76937512756444,0.2028063309909914,404.574587,82230695013543.7,62985599349651.44
9,362.5167144246179,362.5856702039119,328.84049476130576,0.6372810409194419,328.67086,157460541175569.84,129788485014148.31
5,557.647298867402,557.6921282698095,450.3497142543954,0.5908916761515963,449.878421,343203715386547.94,224621916033905.03
21,413.6839251248626,413.7443533230549,414.2892260520079,0.3288207503470656,413.821802,106173202820155.97,106481360009764.05
5,172.6778580683402,172.82257568694504,146.05122513793617,0.1706617192320986,145.87847,9803674487198.62,7033631163182.044
6,376.36405720497163,376.4304763907768,345.2827557905342,0.3593978479265634,344.9134,96138568790844.28,81039576607775.19
6,239.62632668689506,239.73063308942093,206.0493663578084,0.11836312781429133,205.898189,13061366235574.564,9682448342109.412
5,222.33300591015302,222.4454214342119,188.65647729154315,0.2667733552020178,188.721467,25200037521468.492,18195408434811.016
9,448.2805373650608,448.33630254565344,401.65078438709423,0.36686557156453675,401.230202,138765640885401.98,111616230596050.38
5,353.6737549663032,353.7444345173005,299.8657107453241,0.45352043440865597,299.434559,107026098995048.1,77163557704846.19
7,179.69571686298755,179.83478712113234,166.38125077234935,0.25689157835654775,166.306987,15914662494218.916,13661414823053.055
7,335.6406984927239,335.715174641665,328.4082837840858,0.2955549782443369,328.281174,63113773421213.766,60446259058200.82
7,435.6338030600717,435.69118693012524,382.1697509173213,0.13442770336996232,382.064393,48471240541689.41,37389528952453.04
5,1126.077957443146,1126.10015817392,921.8614665439635,0.1564142834439796,920.939119,370216106306934.25,248936027391704.2
5,566.0200135132956,566.0641798396992,495.13148482963635,0.3753547185379883,494.638108,225391638703887.06,172864190053084.84
9,210.12735335765404,210.24629516139495,188.88521141002394,0.4031432514876006,188.918677,33927011112910.234,27465034874492.066
6,328.2020607194475,328.2782244689585,299.41714483433003,0.33305403910601244,299.133261,67959305531069.97,56652681238176.914
5,289.0042978534804,289.09078881518036,241.2756842404703,0.38133843424562147,241.155803,60398364183005.984,42229826250663.36
8,191.2666766846171,191.39733961050203,172.0432703909049,0.1936662536100616,171.886952,13610790401166.338,11032276337123.123
6,268.8049343288996,268.8979224902343,231.38563638619036,0.24209506813096235,231.200343,33346293922494.05,24772756701482.11
7,488.06681413973524,488.1180339472317,426.15733367152933,0.41273966759866215,396.717482,184587263148056.25,141067683614209.34
7,457.66218011248765,457.71680229735404,392.7914355685199,0.5556397300879234,392.35824,218187975199934.94,161143276854272.72
5,510.76527068880796,510.8142145064204,417.82758718357695,0.14001390157933932,417.513995,69182576213188.5,46460128568611.36
5,701.9175184350437,701.9531342518601,586.5464947763554,0.4375265320080973,585.963854,402077745839942.0,281612254183826.8
6,338.52240981196945,338.59625211290063,299.2784770994951,0.31609417288708114,299.192746,68612945129308.99,53743102981123.086
5,327.1936009022086,327.2699993451183,301.12911988184743,0.4878908583666891,301.197807,98614093634087.17,83652032692021.58
6,386.31263439130356,386.3773433967745,332.2296469144572,0.47154706548589276,331.988108,132512521194112.42,98270269724503.48
5,416.88528631977937,416.9452505424716,352.74426964210437,0.23386864311187416,352.365081,76909436079661.86,55225863181806.03
5,354.5161279005504,354.5866395418747,321.78149616477174,0.35148021526296136,321.426035,83527024947819.02,68931839235994.1
19,429.1966310795214,429.25487548775817,401.52953800779176,0.3105620180613332,406.55744,107923374370731.39,94570003679286.92
7,262.3416117154829,262.4368900087737,247.85351917838034,0.23256703453931435,247.660172,30535540283111.39,27282766856107.27
5,256.8514263976404,256.9487404960423,250.717476610963,0.18726945044542012,250.48019,23622532589284.273,22517129756558.004
5,125.45736824113928,125.6564811141583,107.18476582875708,0.13877057809792467,107.173566,4238753949835.0483,3102241046880.3633
5,327.19692048680565,327.27331815479397,278.4055294709027,0.2577102505191441,278.234733,52384626269646.164,38033867392869.65
5,275.6903627029314,275.781029237462,229.32783858368177,0.2844588832724991,229.343588,41138152800442.086,28556841042427.43
5,721.367512864742,721.4021684308024,589.6468592505022,0.27795888848883027,589.049375,270692614166287.25,181467060144079.0
19,405.7644474508354,405.8260548745999,385.71866909189606,0.2907832742197674,412.318963,90460860759170.55,81817357103470.17
9,359.46726758939633,359.53680822439674,334.15656492639084,0.28179154622662145,333.848634,68967033010043.71,59673353722917.94
6,638.0990496826826,638.1382273504249,539.9593312605514,0.32048593312946705,539.4056,244416311072189.44,175506889419635.5
7,347.5477372484014,347.61966237036114,305.43325362663705,0.2963740135997135,305.214429,67815479700113.234,52495055862940.25
5,595.9737447125507,596.0156913930207,503.4967116492477,0.143224477106983,514.25304,96068331674276.78,68772732424111.72
6,298.5067020576123,298.5904405256674,251.29121592118872,0.2976197625099189,251.200026,50370288945167.36,35803961641289.8
13,642.8195296026366,642.8584195906242,607.2460095971568,0.4053017583064213,584.805037,313056571483668.7,279624517356720.3
6,305.5310016983901,305.61281550161095,295.4888078839184,0.1705883019921654,295.193978,30381005653409.305,28433143720376.57
6,142.02560103940849,142.201516695868,125.30143938638953,0.2901166692594725,125.205286,11260682338558.143,8783683505345.019
18,422.36873497393555,422.42792081428826,412.4665458570854,0.33957957969662694,433.292797,114224170869048.44,108977199511098.28
6,341.0909495866831,341.16423594794514,286.81719863693127,0.25850598410690817,286.656088,57060532789501.29,40469327896194.1
6,239.26655863877065,239.37102181099587,202.45114679185215,0.26453241446811704,202.45752,28905072583292.953,20754130928302.86
5,737.9531725418263,737.9870492525912,606.9525497488329,0.25501954897083745,606.426299,259990179197271.78,176451430819779.2
9,210.7436732637093,210.8622674180496,193.57501658756266,0.2527266505461405,193.411265,21479071617084.18,18148268029975.125
6,653.6393913574781,653.6776376274274,572.0699468649851,0.4837178397529367,571.727792,385618826714398.06,296043232973997.2
7,183.41532579814373,183.55157786747355,158.38495482292763,0.23827716753688719,158.37217,15383370280496.799,11499792787884.064
7,161.61102530246404,161.76564375451812,142.24261656116903,0.2287324592277593,142.159498,11493480710855.793,8923187364587.066
13,486.03398480726224,486.08541881816,478.3145292809859,0.34251656778687734,478.000415,152171108612084.38,147417577015066.16
7,176.72019132141583,176.86160131774736,150.82497083810395,0.2567784603690238,150.796073,15389597452874.531,11240114049185.473
5,234.53701955119976,234.64358832058434,223.01713873409162,0.22115932735716695,222.85477,23263846224951.69,21052945902292.996
8,432.0884339820721,432.1462886350865,392.19161466072177,0.31157028539160875,392.134135,109721402667751.62,90550755165366.03
6,426.1110319749888,426.1696980907839,366.8884421262616,0.25896037043149756,341.498328,88857054953969.98,66048491265770.95
5,321.31152669816504,321.38932339003674,258.4722269222648,0.16368965027702417,258.315058,32224930304518.51,20931578524936.418
7,260.5359467136666,260.63188509847856,226.36496950318315,0.22358134566239168,226.221865,28966365224563.492,21919599104183.71
15,492.38891047284665,492.43968072916,467.079711427764,0.38885527999282615,466.619244,177065217902933.16,159479620811069.3
9,515.4419560989852,515.4904558836645,461.0825804947052,0.3748127019312903,460.902825,186935434618088.03,149881465741930.7
5,274.31420406542895,274.4053252982707,221.04057379867186,0.2148951845783515,220.816829,30846643709775.855,20103709409203.18
13,433.4297634977708,433.487439132593,411.42249500512617,0.18605118058900114,401.052288,66224875054534.07,59725204338538.42
6,397.1417106603954,397.2046554941989,344.9308002104375,0.286270992322176,344.873079,85356784039811.48,64549264017082.86
6,264.88267299212487,264.977037592794,235.51244804619583,0.28248929056198613,235.337773,37741724240177.4,29897364680181.13
10,294.82109239797757,294.9058773960547,273.92590572566667,0.288450520179074,273.91178,47643844613362.27,41182764529814.91
5,349.20760863685575,349.27919195089675,280.01522610692683,0.18380581362708673,279.723871,42635518089968.03,27519458511942.023
7,225.0054530848331,225.11653408381855,215.2860203158137,0.31171490777341126,215.034326,30110633485448.47,27586547533495.535
5,195.3743851601558,195.50230274016957,157.08267864043302,0.18231516168068312,156.907002,13371324877208.918,8675960353394.791
5,174.50043967070292,174.64364702235414,141.89723465915486,0.15837452201891758,141.802944,9295180304517.48,6168314663112.684
5,374.29619251059654,374.3629785755124,320.78386578029165,0.49144015713984657,320.56367,129670020253226.23,95505273885726.06
22,598.893099175688,598.934841397844,565.4479824191585,0.484821749569113,565.188406,324944842453175.9,289938704332610.8
17,689.355916267598,689.3921810501911,646.9387941405356,0.3897094770588184,646.559533,345878764901863.3,304948723962642.8
6,433.0513988592574,433.1091248795846,371.84189186573553,0.25790342279542455,371.689593,91377650782515.39,67553590507852.35
13,736.4127785916103,736.4467261608379,679.3810720050593,0.5271763163292689,678.796738,531989569051402.44,453384938144930.75
6,617.4462700476091,617.4867580731631,522.7400710612789,0.3300112133711667,522.30998,235722211036281.3,169433876667004.0
8,256.47295301888056,256.5704106677637,226.92624326928555,0.3281372950554508,227.045194,41070235708042.36,32221341790684.824
8,426.4236567784076,426.48227989011355,377.25290385291925,0.2641145278497454,377.100175,90741530767837.23,71175549618797.47
18,403.229029197628,403.29102393638954,377.4246136410617,0.3148710573725218,377.229955,96676396916682.33,84798553923196.11
5,319.65079431616465,319.728995098904,265.5898434283019,0.19046747792349147,265.318385,37064189646459.88,25669928332072.715
5,230.8246409222774,230.93292285184955,190.04923807353728,0.25360152729405805,189.873812,25815213885732.402,17558688476571.164
10,269.01554430046104,269.108459687304,242.54900365115063,0.2546745422289925,242.311147,35117947565436.31,28599338954016.027
6,296.4883361522532,296.5726445145127,278.00058712392547,0.28518074059993465,277.754854,47638080522594.18,41929589145355.84
21,368.2627485765894,368.3306286330045,353.22916887619164,0.31143880805698565,352.942596,79894275018506.05,73558388748763.81
8,798.4308346681206,798.462145470173,720.4698490307433,0.7211768591633809,720.326358,852794244194843.8,695120252188738.9
6,218.76272264811234,218.87697188241373,191.35749812028143,0.2693349254114334,191.180367,24636319282070.336,18893825732909.973
7,1012.7996203834554,1012.8243041361475,886.8555410922665,0.2910306064538607,886.579233,555319757801880.3,426732178873586.3
8,370.36229004175084,370.42978536420367,325.6222411232835,0.22719286255947832,325.359395,59106796438833.78,45792403514154.516
6,429.3127207213041,429.3709493819167,378.28952841734343,0.40347123200269414,378.067022,139959402511255.98,108913102280040.31
8,587.081094866987,587.1236768775555,540.6732545389499,0.24788603503939458,540.334161,160603924626131.84,136415372485309.83
10,508.92718733024384,508.97630790035123,457.369038829668,0.25354919877194865,457.243792,123735366096714.97,100125138424926.52
5,790.735416140672,790.7670316465916,649.635099681445,0.4827570458228413,649.027965,561449562999130.5,380198300534491.6
5,586.579822928483,586.622441325603,474.2677600845046,0.22099979167400774,473.862271,143087709566212.62,93893845388177.16
5,476.7199346346813,476.772373442605,457.29651850229607,0.30012486397860766,456.861686,128470304719550.3,118302411250028.98
6,365.18202951711584,365.25048211089285,309.1523309387781,0.2691050502869081,309.037735,67981540745529.4,48863897660162.46
5,263.69150443287265,263.7862951521016,213.02833286650812,0.4488559859899716,213.023239,59194695790175.875,38778453840117.27
9,568.1025433231201,568.1465477587606,504.66641541613467,0.7259053629811553,504.486935,436674952833291.1,345295589579196.2
11,888.0395760899358,888.0677275422145,804.7092929329533,0.31586403864690193,804.087508,464047189104187.4,381685984024649.9
5,529.6990960327262,529.7462905371658,429.45837065800737,0.30947584034584047,429.206702,163203975587501.16,107679319658174.75
5,310.44207909034503,310.52259896815247,249.06364391190937,0.5104815869928023,248.648595,92935007171481.4,60052194556508.86
7,610.4045341940138,610.4454892655125,522.2161545656911,0.5755511071578636,521.933967,400011186419389.2,293548140136023.44
10,829.4234368730985,829.4535777452422,747.7314795777934,0.6855585987497809,747.560814,874832814392249.9,711609739060863.0
5,322.53090903197517,322.6084116711656,262.6082216886691,0.37361356691200626,503.584766,73571731987369.7,48950114019365.805
5,336.5316565302317,336.60593554924407,278.09951116530755,0.3259391384881153,277.855256,69908657613160.87,47899914600641.445
6,210.64558644748496,210.76423579394313,179.1127156762222,0.2731323586971122,178.966722,23176379311884.27,16803387764755.264
6,338.6094687361802,338.6832920558648,314.4878995866726,0.3509778136051088,330.039735,76153604497443.2,65775631838668.28
6,363.83064685072196,363.89935365127366,344.98848341548484,0.40854713376601515,344.871223,102073468001996.52,91861757385767.8
6,351.5844096354221,351.6555091260313,309.3315454797183,0.37057950380138494,309.04279,86587365110096.84,67177836751738.62
6,365.7401537122628,365.80850186603044,316.29598454883376,0.6722574516609252,316.122713,168963030575250.75,126692570047592.69
7,289.8855021262424,289.9717302479393,291.58277956825884,0.37238406089154863,291.551482,59349561208831.63,60040418088023.12
5,375.5564454045396,375.62300739557065,309.1742053685328,0.21708682594292733,308.969113,58081852486825.5,39498277838401.79
5,476.77042872938335,476.82286198419644,423.28029419809076,0.3450526650107029,422.841874,147550622244811.88,116545575418002.55
5,274.18081322748293,274.2719787766951,227.04623243118,0.14505522109083283,227.009143,20872342383184.555,14358692005773.365
8,550.5841091926893,550.6295136437087,516.1987230533808,0.3184464061390827,515.697169,181268033126729.9,159516092717087.56
16,370.13867796018764,370.20621405118993,354.9829916630307,0.4034498971341637,392.952355,104305272232545.33,96009857021298.27
5,341.5297300021413,341.60292222891707,279.57197665970193,0.281811684484425,279.281098,62316296934277.28,41904202762356.81
5,183.69220047982373,183.8282473319042,148.52262925101684,0.17064835664797523,148.536061,11081602619464.082,7270995250279.831
5,354.8616265052732,354.9320695090372,306.87161087425653,0.3346211384688374,306.688483,79709087811870.36,59760424796312.43
9,377.4334838977802,377.49971492335715,333.41606676909305,0.24792620502679544,333.060602,66913641817920.766,52330298556055.74
6,245.89457643903484,245.99622501602,208.80316944365535,0.2704131655861754,208.679624,31186654599809.72,22551380575020.04
9,374.5982245952401,374.66495682129914,362.820150172144,0.3096602772027504,362.717837,82174048932910.94,77131480588327.3
8,610.4011626052795,610.442117902981,538.5433247384291,0.46439103203897425,538.170156,323341848444596.56,252207974111418.1
5,433.3831799075052,433.4408617409543,356.29753536553704,0.26667352411876466,355.897634,94600366586515.5,64162120962882.46
5,307.9047554826159,307.9859387193017,260.28048591316104,0.06369718247342716,260.237598,11617016511034.213,8325233147354.221
5,220.84695117969804,220.96012274925974,180.33119697757996,0.22315102712974977,180.226186,20833034665080.996,13938097860466.072
6,422.4504473613311,422.5096217552788,377.89631461884534,0.4473203763033474,377.683584,150154847636882.72,120390284947088.86
5,190.69342474081168,190.8244801889412,183.32835577768614,0.22851787773508705,183.192783,15942530454219.48,14744642393377.803
5,120.41605913413899,120.62349396944384,101.70323199280716,0.18215865043619284,101.641145,5117556329148.8545,3661117350936.5273
7,176.0982109572408,176.24012001340924,153.9023209622521,0.18378403498468213,153.873032,10969201812340.219,8397665953366.21
9,499.39111353012004,499.4411719841019,458.7082586393914,0.2983291431329548,458.2346,140028800610459.12,118321589720574.58
13,239.02010869029553,239.12467952580863,222.66748763494684,0.40459766717590545,222.698478,43956190519885.65,38194768805874.766
6,330.41257891146324,330.4882332291483,279.7471538670454,0.5795113834669982,279.670751,119244932046778.27,85732581513442.52
5,209.2189594033256,209.33841733855354,170.9971520314876,0.24571675371948862,171.024084,20589797095644.58,13801044596744.71
7,401.14893291477745,401.21124906795,343.2140794229928,0.4649518483152419,342.976747,140811365067497.06,103362104427130.22
5,228.95431189579932,229.0634779611952,193.51702244406806,0.3176161634593192,193.497002,31752284480890.96,22749870072503.51
6,395.7868257179855,395.84998599459243,335.1793543359516,0.35624792895359514,350.030121,105299351523392.22,75742624496270.64
6,225.74250912135014,225.85322761564169,190.26364855121446,0.12126175527663473,190.036661,11885194338264.895,8467687460994.478
8,286.6860576178036,286.773247762825,253.32459843396867,0.32130821825184885,253.04003,50159775238226.69,39249934668743.445
11,440.85977019478366,440.9164739224397,399.1845421015842,0.2596165011412663,406.296931,95295738491743.83,78268431066790.39
15,601.0504266496599,601.0920190584286,556.8465537850547,0.6985879085200929,538.038334,470101553618783.9,404024369605020.25
7,365.82919012482193,365.8975216469539,323.58798355729846,0.2936021120131589,323.486271,74373757851165.22,58315638595954.086
7,520.5658273531257,520.6138498040983,449.87602872101024,0.07916071284455863,449.761765,40819992023257.695,30564332534654.945
5,182.2782863610157,182.41538772457886,152.42185006512022,0.1440770604711306,152.430834,9227237588032.238,6472015486106.309
31,398.80667918054604,398.86936126884325,394.1091682266491,0.5963275093984565,393.688598,178121075443243.78,173986215814077.53
7,285.3722687744089,285.4598602000874,251.67101151290728,0.31635791569936533,251.312346,48945976612560.336,38151910742489.77
13,552.8877383320643,552.932953619103,521.7233334308916,0.7200468199564694,503.932526,410478887613587.7,365870460421849.3
5,685.8614421202477,685.8978916626481,557.899820071141,0.27479827071144514,557.520028,242139136586769.75,160779288013993.9
19,467.9608068442591,468.0142270725645,445.98469846324804,0.5668674222195099,445.732567,232606106827165.0,211436643487915.72
5,586.2284715931359,586.2711155313931,483.9462561872294,0.23236332117310238,483.503388,150199800205363.16,102709295506525.12
6,286.5272076692918,286.614446137597,250.21248736658376,0.28597206696898336,249.917747,44639967663439.02,34122480392025.906
15,680.3476050671896,680.3843499968681,658.1935687096899,0.5396276486564829,657.526449,465310719333240.3,435746824953562.7
6,161.24394302253444,161.39891313591406,153.71876656673817,0.1361415355122093,153.850114,6840637905634.191,6222209533699.775
5,164.26446277138967,164.41658593211716,150.92543028617922,0.16935126578216278,150.739412,8811617656375.967,7449502455343.25
5,189.4661634171453,189.59806718427384,180.50964795690163,0.165430683655102,180.688944,11425716040115.465,10379630715417.865
5,514.017831356313,514.0664655005683,456.19791130024254,0.4529386745370298,455.854677,224308225975162.44,177041565285774.5
11,478.23305971695567,478.28533262712676,444.12240184122624,0.2496622676524354,407.862031,107719431935767.78,93023493908811.61
5,171.62360655505583,171.76921239548315,140.48657126167018,0.1778159133723413,140.473438,10087808231094.766,6782842503963.796
6,460.23312179902297,460.2874388910416,402.55256096582036,0.5776783429025509,402.267937,229304805890941.34,175827690031315.06
5,505.8155560782165,505.86497879445596,426.86508246277236,0.42846237412962696,426.672187,205615001066818.12,146875309114680.16
5,180.19265160706703,180.3313386330447,155.41899548123536,0.17573762262078413,155.443507,10982261558276.934,8190811893979.627
20,282.4412979654888,282.5297980681507,270.77914692113274,0.19141165795302015,326.459046,29142375368298.945,26805001013487.83
12,285.45890870845426,285.54647355732067,279.4996933861212,0.32319688389945156,279.219816,50024796230863.95,47975723718528.37
6,139.48116311645384,139.6602837757349,118.28478419427077,0.10072349385851197,118.148684,3806372910353.662,2745132639532.559
5,556.9231639872767,556.9680516740606,508.6144435370733,0.4795263344349684,508.715317,278283537887192.06,232441145686358.22
12,272.5406675089279,272.6323815070616,260.58573672124584,0.21784736602413718,260.377397,30867187477651.2,28240534989916.613
5,412.45260560945644,412.51321418110933,412.43246550046877,0.29149483583451735,412.374124,93666967366416.42,93657901465715.08
8,298.3533782101161,298.4371596993052,280.7158183338418,0.31520603432333344,280.453833,53265505472149.24,47204376954813.97
5,418.8566845769696,418.91636661129746,334.5223740400178,0.16279823207653568,334.188143,54212868513646.914,34716261172710.832
5,125.54612498331859,125.74509731328315,111.29149861415075,0.18335871233666198,111.261243,5595163533667.293,4405851091183.262
5,449.87599514518496,449.93156258243374,369.0307918002996,0.42579154409217557,368.947253,161978536413381.62,109376638124934.78
11,359.9694755588612,360.038919193636,329.1424421514146,0.26798198803144463,328.948088,65798065569946.08,55097628283317.05
7,573.0530778801835,573.0967021960182,511.7996188950969,0.598914542694138,584.98528,367136651649538.94,293400866534264.9
7,347.80253733076796,347.8744097712855,308.6419499146695,0.32860841574564736,308.22667,75232196457339.75,59369139896064.695
5,306.4341747007566,306.51574743320094,270.6907385502915,0.3504703904586823,270.383968,62388832727835.21,48789368786660.64
6,360.60242333867626,360.67174510588694,323.8978761877885,0.5445836419614721,323.591328,133337361966684.94,107780583332949.73
6,192.07720364082058,192.20731556961422,168.7286061688393,0.1923300075388461,168.63398,13631506164681.297,10542196013137.062
5,445.7239045111191,445.779989515722,361.3309549776178,0.2868820449736849,361.151021,107523718578920.12,70925212817329.06
25,736.0042980954694,736.0382645046415,705.3268283696626,0.416896238789642,698.156859,421065476132069.4,386977161005951.06
6,467.55550035774786,467.6089668887712,409.2191991616535,0.6391897942038299,408.871095,261577529207813.12,200809077187650.4
14,274.1649049197676,274.25607575706545,271.56783693979946,0.31820579949007427,271.292673,45470480422765.16,44620553108219.27
9,329.0798375399366,329.15579817969336,300.25260807556646,0.2944942662085756,299.964608,60475638689845.08,50425557507657.27
5,162.90850445133538,163.0618926131141,142.61445341983375,0.12722181992048218,142.384561,6527797414425.498,5014298667617.07
6,736.1019851180407,736.1359470197881,630.3394243105098,0.42302519870128313,630.365654,427314936129967.6,314172913497628.8
5,205.38808385452583,205.50976859856013,171.33533642408617,0.3194430437239107,171.172869,25746226257825.24,17972517857507.46
6,266.3726296174708,266.4664665756768,224.00863622446448,0.20800572502165818,223.788306,28176202079140.527,19986302736942.68
10,522.7227431953715,522.7705675090119,488.34000182368334,0.20445581587805597,488.135363,105411690563571.33,92112133636851.0
6,560.5531571370072,560.5977541662705,473.1002298436985,0.13685037657037152,432.60924,81327551634344.72,58104181317763.83
9,294.5229915695827,294.60786235790874,264.2379130809006,0.36382018096893787,263.916212,59850293388192.49,48266468980567.164
13,391.3205483576554,391.38442938744527,367.2424607009369,0.5818978867589967,366.810209,167439555279718.62,147634342245534.78
7,543.7964937950875,543.8424649324753,510.7313288084744,0.39216542759519435,510.399679,217421283400528.34,191985491310744.62
8,293.5651032830021,293.6502509203077,261.31284624490763,0.29733033720474905,261.26081,48683689864017.305,38652884902500.42
7,371.6756702156721,371.74292707497347,343.82113125978964,0.3164913338095564,343.801948,82676880483417.88,70846463790839.34
5,418.7570756331762,418.81677186193207,342.99329496707,0.24231476321499273,342.606345,80372650644662.12,54110334511208.49
5,804.3321635515467,804.3632446373417,652.5013324978494,0.22060768999275035,652.31342,267129123462640.4,176411367406000.16
6,551.8628372282724,551.908136480736,466.0186038911406,0.27641943065835395,465.880577,158268924441516.3,113199163585225.36
5,363.3277002556289,363.39650214750844,314.15575067070233,0.6711493070895816,313.76322,166488512574906.38,124794700095350.5
6,460.4133704441434,460.4676662739046,392.5186178381839,0.6947289934152379,392.381142,275569133638232.62,200806376425816.72
7,365.8186348460406,365.88696833943237,339.2556836069638,0.22834511725874929,339.120503,57967889572410.41,49921189418164.04
6,429.7179521579142,429.7761259153322,388.56485825292646,0.33685637795432466,388.540335,117257939576170.2,96046479626902.23
5,168.34002679830667,168.4884702953131,141.56418015579933,0.261663740606417,141.381411,14239738707391.021,10099920111897.691
6,557.5053396198331,557.5501804363671,497.8630609625906,0.38001244412562896,497.728156,221407051055415.22,176908944904361.84
6,363.90965049221694,363.9783423795535,320.52184035449665,0.29328300094204807,320.632114,73522837865421.48,57163659940380.94
8,381.6356677177489,381.70116960047693,335.7561267365666,0.5137261204499676,335.716569,140814675511297.1,109241261221719.02
12,552.7509019195245,552.7961283989314,509.3550470645814,0.7265537349105664,509.226694,413953268921281.3,351997367453223.9
7,375.72979701870315,375.79632830526145,329.0865956799761,0.1609968273505993,328.7003,43227544084737.92,33238184918308.516
18,616.1105546149812,616.1511304119954,583.2642810261461,0.3645954409046526,582.884686,259099497759298.88,232415747247767.44
10,378.0409164279756,378.10704105279984,372.51956044454715,0.3451979234176118,372.171472,93190825062273.81,90512264919858.67
8,314.21706377273193,314.29661653596764,291.2171518864557,0.3261749664134185,290.84834,61062425158583.64,52520434647457.71
5,218.61227041858518,218.7265982398314,186.04171249383404,0.16804908138108962,185.922583,15412603496286.936,11192788367926.053
9,384.2371661723532,384.302224646385,366.0544969795991,0.4830743704517208,365.870033,134281247783241.84,121978058462006.97
5,158.16269278632493,158.32067896968292,133.86083291055337,0.26283162637616414,133.807625,12638931279885.125,9079299140422.254
8,425.32575813622447,425.3845325516128,414.6371614396101,0.33159974644439993,414.576673,113117169969544.55,107552042324102.86
6,240.32971478785126,240.4337160425092,237.28971463766902,0.23208931762856683,237.135136,25612938678592.94,24974561211630.254
13,306.63549789661033,306.71701708627467,298.50861268274537,0.3975710750280426,298.170588,70787096267617.08,67116335844970.266
7,342.2458025425651,342.31884166373965,317.2365565287554,0.20065934716595493,317.110142,44688931225978.94,38447442556451.164
8,185.54689456766826,185.68158251077406,177.0953208646988,0.18599329238123286,176.887641,12311973279492.244,11224892186775.682
9,668.4835958332961,668.5209928627625,610.8467236857675,0.30502922216469947,610.510942,255219897693953.62,213418337962178.12
6,188.22847487232704,188.36124535785552,157.8896334301199,0.21243123196115407,157.759302,14451670463526.352,10198976029014.213
6,263.6657799668043,263.7605799309352,253.1656498071879,0.2246636295972596,252.816066,29802693837132.47,27495584988713.402
7,365.7905497216622,365.8588884606684,317.14065048404035,0.16499426105866583,317.984885,41998759489047.24,31648990787416.652
6,463.032207909741,463.0861966867179,397.2625251921586,0.5570139041968748,397.232726,223843871824071.34,165203575922331.12
7,479.98112399133015,480.03320654719363,440.8706099812347,0.49865759855865965,440.644801,215399065054580.84,181989701406018.94
8,487.56139185039393,487.6126647484593,449.73478286527586,0.8356743845139029,449.358634,370793294589972.7,315924887517089.56
5,386.8205863819903,386.8852104292782,316.9931453513219,0.5562726732945437,316.849068,156500348115677.34,105470693216018.14
5,275.6955922967073,275.78625711197475,249.3882207706657,0.32888849754566574,249.08977,47504847392986.87,38939768679508.414
5,479.6127745838141,479.6648971354736,395.35686750215825,0.5656564677063208,394.996731,243719002790606.34,166152654682354.3
6,419.2085959761434,419.26822791655627,377.98669549094666,0.22865471711007748,377.670552,76042911987090.38,61935890658531.54
5,293.3301172766253,293.4153331056827,277.4583785391503,0.5332970618646836,277.225236,86734087719178.67,77678526620635.39
5,184.04511733473777,184.18090350184895,182.2984839451462,0.32293640954994535,182.396515,20937151604043.406,20545020424694.84
7,256.4159191750205,256.513398492887,244.59594238108772,0.28545963308427713,244.392112,35756455573023.96,32562775723566.402
7,231.16209863381,231.27022256396802,198.7462103040802,0.19211103736452412,198.488739,19659591216773.55,14569645461450.998
7,381.6797374408876,381.74523176189757,337.0653183636041,0.47695141032612604,337.147924,130850483485282.55,102274354287174.89
9,508.75894496287475,508.8080817751792,486.0122945439513,0.31939885113847094,475.895456,155450465812831.12,141975810557512.5
5,659.4391820409253,659.4770919530143,547.1996715359302,0.3657274753591968,546.875022,297409946232310.06,205404810193634.78
5,290.3089206728542,290.3950230672653,240.80504304143574,0.3610200842494393,240.596111,57720844163454.48,39844394899849.62
11,370.71739620647145,370.78482688765183,346.29537460568423,0.35843015174711573,346.021727,93051562172717.52,81293838095117.94
6,446.29315834401905,446.3491718203134,396.9073144815619,0.18000629085155428,396.51367,67917568497181.125,53828841622407.54
5,351.20926470243137,351.2804401227351,286.15283941945825,0.13700497741667456,285.851172,32224521425703.19,21467911842848.938
6,385.5851204755068,385.6499515520663,330.6024995676671,0.337116817478114,330.313147,94664495173776.11,69781819355092.67
6,318.8055956816781,318.88400373482136,302.7104627793684,0.6277926731339236,302.56352,120254125703475.2,108518602888168.6
10,462.480630400034,462.53468355920387,421.79497938671676,0.5082999387077242,421.351343,203936019080717.0,169907281905933.62
9,369.2337345568629,369.30143613964987,333.9023749114396,0.32735367534729143,333.549431,84379035766402.61,69126128880543.914
7,299.17758077432205,299.26113151890604,264.03648199217247,0.3702499963417255,263.751991,62821409198828.09,49037745570240.47
7,291.5303645350401,291.6161062869014,260.2984381007315,0.19715762299516268,229.631436,31954467935857.08,25524608874242.2
13,445.62410233627486,445.6801999001198,419.09387773219464,0.4238760375682684,408.594856,158249183924972.2,140119652329127.5
13,349.3852285982031,349.45677552827425,334.172278149492,0.4446366317454497,333.75771,102440678760000.52,93788269296985.56
8,295.3228165795975,295.4074575776762,266.9943859652254,0.22886257800769452,266.691168,38006218379170.55,31119334494943.68
5,453.58414549854,453.6392587151609,381.1777452249672,0.5104968392651799,380.755578,197070304416306.62,139604676639698.16
8,436.2896541702651,436.34695178952444,394.4478281121497,0.302295545847182,394.140529,108545963945007.2,88883830570774.86
5,267.61835742374336,267.7117577361563,226.58687718368782,0.2611419509248899,226.474254,35632113805485.49,25617385917260.285
8,211.11479596190992,211.23318175428514,186.6165079539555,0.26660616968934653,186.416427,22727374105080.973,17796248017770.246
5,275.8210666747724,275.911690259056,233.81997585730116,0.24323169584494397,233.55076,35257271820153.55,25409893546437.883
10,317.76452857514596,317.84319344699634,286.0175518968426,0.42350248940587243,285.784551,80880968577991.1,65648720186772.44
7,229.21504808536812,229.3240900315046,196.70059156532818,0.3774113101672407,196.369428,37758273694912.75,27880095113870.797
8,547.5181618408333,547.5638205228363,486.6950232232574,0.5959720617352415,486.259661,333773505263408.25,264245714904908.34
15,521.3591545588512,521.4071039430897,482.35871649579417,0.3089079896345295,511.143398,157862118863851.8,135313872986330.7
6,255.94919008794398,256.0468470937974,224.81193049873934,0.22166203191372882,224.658127,27726039371391.617,21438409300250.08
16,386.80296841262776,386.8675954028979,370.7637771149581,0.25500357953645886,370.595808,72234105699677.58,66417259174488.984
9,232.0761981678043,232.1838964183821,253.53488466258563,0.23845995525453015,253.264637,24548596923439.055,29253420388394.04
6,600.8016724326683,600.8432820610473,556.2603205495928,0.49984477218836676,555.677941,337046558806808.06,289293061653403.25
5,414.6662310997217,414.72651616993073,345.1699296539784,0.12069596665306552,345.087674,39502796593562.5,27458976712698.86
7,383.70615230061475,383.77130079429145,369.74860130696914,0.37572241104256754,369.559588,104387682406462.33,96995471404940.73
5,324.59752455767,324.6745338781087,271.01271087380576,0.2443400334060286,270.765822,48910553221026.69,34202979530049.863
5,599.1063692007893,599.1480965645744,538.088819556352,0.3097387748172516,537.969419,208502751534132.72,168509633415010.1
7,293.38504070700725,293.4702405877848,291.2300334985812,0.16878554611527496,290.990329,27739482496726.492,27336954670918.008
6,416.3760942846239,416.43613182782065,374.98763625436175,0.15732696962238382,374.939288,51793130211729.56,42085435387159.78
5,375.84530319365956,375.91181403719395,341.7807815892684,0.2606270060198213,341.517095,69725301013438.74,57755444983300.37
5,411.4057802806093,411.4665430485169,331.6611688841957,0.4625351858358367,331.588674,147275274740317.28,96082041348135.84
6,225.99169311914997,226.10228959225526,188.48908962356742,0.2207566516825378,188.268794,21574333634173.453,15054421148519.67
5,231.58778173596878,231.69570701544453,188.0162671390685,0.1927854515805546,187.839592,19800129351912.973,13096591041596.168
5,173.07528851509028,173.21967409789727,139.24268382684625,0.17199054212058576,139.154293,9924488926311.11,6447834031837.247
6,343.0971580831183,343.1700160047673,313.7148691523351,0.2723268691415672,310.691612,60786351067692.46,50900836936199.766
10,732.6661638395084,732.7002849974206,650.0302956554766,0.1560136036280938,649.295236,157456110458652.25,124203887255388.9
10,263.2510645998528,263.34601385431273,240.41403568186576,0.2644473081030683,240.312434,34921250490448.31,29171260643586.05
5,174.87646094029287,175.01936061762362,149.27393939011534,0.176696845315218,149.016565,10405124684740.643,7602096839462.712
5,407.0371790550715,407.0985938726764,325.75105799240373,0.4481301990722301,325.724618,139739907437880.42,89855644516071.12
8,213.97059031012665,214.08739691458737,188.03431523235045,0.13958215265340046,187.851461,12287640814255.736,9510374960995.287
6,413.05012305370326,413.11064396197713,354.7202419321356,0.18411627436582068,324.93664,59573977563669.04,44053802340274.945
9,475.2589847243008,475.31158471172694,445.4277161543874,0.6284056239408663,445.452174,265674478767991.53,233614529675802.16
6,284.46959966100866,284.5574689430846,250.23684596832976,0.2886960409775582,249.952601,44422178586752.234,34451300405949.582
8,406.4919810370848,406.55347821344947,368.1878944370882,0.3723672632672559,367.916593,115997381692406.8,95334298001359.44
7,497.06153822696615,497.1118312659212,440.3705544114824,0.3229085932125169,440.216961,150062246433306.28,118037698227398.9
5,242.2904647020903,242.3936246800952,202.6259694589054,0.1568839365527646,202.462176,17653834042803.92,12384248688655.732
8,849.5463765670412,849.575803526789,754.9597231386948,0.36582947634967905,754.763127,491625131910340.94,389029952652264.44
5,229.35280783197032,229.4617843136602,188.45048201219444,0.20337721431319664,188.239612,20480743171516.85,13873209573095.932
10,333.6216893183776,333.69661608060704,312.28230259907065,0.4029812741052515,313.023625,84798600176326.84,74384575587943.12
6,551.3240561634008,551.3693996808897,457.5218949728659,0.19485565559866624,457.20975,111698458481356.17,77178758450777.6
10,223.0925987660747,223.2046317265858,201.35811137249638,0.21268272387511736,201.112379,20266445573189.93,16538653722121.605
7,249.21253007706667,249.3128258782786,247.76748909896443,0.3441600581607149,247.728361,40674834275512.08,40208596611480.5
8,397.7681124552008,397.8309581796938,362.5747774608786,0.3802709637583098,362.141176,113452093780649.58,94420130768176.72
8,257.88430542207044,257.9812299044714,241.87329515733708,0.1565317832010375,241.710114,19933790179582.312,17554449446535.215
5,264.90049162964146,264.99484988509823,228.66626589127077,0.2663599055632901,228.748805,35609831536112.88,26602277708188.207
5,122.15368296392153,122.35817202643334,104.57547644145556,0.19130217309879216,104.601071,5526934652679.586,4061507901460.6772
5,417.35001839770047,417.40991585797394,373.21632693259596,0.2348590859893474,373.236247,77403045807861.06,62020119119947.086
5,222.81293409884043,222.92510760731778,184.70701404538497,0.20413967591846252,184.527558,19410841266320.715,13381591366397.777
6,349.4363258158715,349.50786228595183,300.40757881877437,0.49650416209066184,300.089277,114311240775029.0,84711801479077.69
9,831.1987102498204,831.2287867494513,746.975110526082,0.2798251507560683,746.631946,360938530392415.6,292019857986502.8
5,577.990833270311,578.0340849331538,480.74046292184283,0.30205370746119903,480.370569,189405597487284.25,131459059122842.72
10,404.1327964818208,404.1946526022045,375.5848516834109,0.43063198430436833,532.005901,132437422425436.39,114536699523189.02
8,447.46242159788954,447.5182887237654,413.4202777321912,0.40622891112010484,412.97375,152961173692589.72,130755563218540.73
5,290.54977719342634,290.6358082328289,271.2818570760039,0.139018343892951,270.988535,22449232888931.96,19593633716724.33
12,256.5984911824952,256.6959011693273,264.06855070396654,0.37391821166556033,263.852311,46792095140954.86,49531223489211.77
8,710.6400170114819,710.6751956963739,680.9773611431317,0.605114107289458,680.773661,568348147304453.4,522240602772012.2
7,528.6046561999766,528.6519484086816,457.63152161500057,0.35749446297651205,457.177687,187515441944262.3,140901992036061.9
10,321.1691552098248,321.2469863799387,302.32776584992865,0.2535923272898322,306.607457,49689040995711.75,44076739094841.99
6,223.98736229524948,224.098947940376,193.39336124077553,0.2504186501353825,193.098564,24018525510928.227,17950475097281.58
6,199.50090533762588,199.6261787204583,177.63933967253058,0.17672851782952423,177.484463,13513679834355.242,10735523745984.186
5,124.74071177914995,124.9409667609826,131.17197522997515,0.13141138508421593,130.987255,3970467178331.7983,4386677017855.9897
8,402.75229547518325,402.8143635851747,350.18568482020646,0.5238453227686146,458.919072,159737918681832.2,121061364794119.69
5,419.0385077425421,419.0981638841866,339.3171745474337,0.4058446449869948,338.913013,134175546567360.61,88309747005051.92
7,375.2809256189467,375.3475364690881,337.52136712246687,0.30345215220816535,337.175763,80832328784209.23,65506746985739.984
10,412.1644129813227,412.22506392532506,371.174920657214,0.3209467600696149,370.768757,102899828278178.75,83606620396502.45
5,251.51841427511636,251.61779094386202,203.97188339385931,0.1988157621917643,203.846004,24044674833772.375,15869891965584.844
23,462.1235692122942,462.1776641309163,459.6593744562833,0.3410245686616557,456.485478,137095780152538.48,135650437611759.05
7,423.76724799745165,423.826238540435,375.05507351083156,0.4401461689926567,375.207499,148682236783280.72,116717388617332.25
5,284.3112022418978,284.39912046318517,233.48108777116508,0.15001655197048347,233.358157,23189569009264.637,15691590848062.322
5,606.7816567762404,606.8228563593491,522.321943418201,0.2560115123824924,440.94515,177032835144658.06,131528235133256.69
5,267.24211332160684,267.33564508422467,219.28768904643266,0.2674471805346613,219.150768,36383209552565.81,24581673308042.453
6,873.8721274729045,873.9007353092342,752.2789859988847,0.3514271414854125,751.540714,499633740765731.44,371214629985780.3
8,412.28953113633355,412.350163677205,367.95394430602437,0.36277677719682383,346.938663,116254074532216.23,92783522067948.69
5,524.0215752524365,524.0692810402504,435.4228706868245,0.29856348571364094,435.069818,154170645654178.0,106795939779249.25
5,219.61431091577296,219.72811736100093,180.57406894011257,0.18083819417761915,180.346287,16726278791408.674,11345702667857.334
7,246.21785053008045,246.31936570162938,233.46899397676745,0.3191531775493142,233.367082,36850426642331.664,33163912481058.82
6,298.4389876944852,298.5227451570635,254.13939755802542,0.2695086491512007,253.882561,45631836559179.42,33183531119529.824
5,344.831313930551,344.9038055270922,292.92307946946715,0.5140726829488385,292.652663,115248678059298.44,83404895977736.94
8,435.76902925633993,435.82639532159226,417.66120513519314,0.37176004623948544,417.320006,132928264807045.45,122202482430878.39
5,291.54412616058903,291.6298638664111,238.68472489244857,0.1672732958121562,238.461662,27152103022659.76,18261578974404.754
9,235.11350253376312,235.21981012171113,216.28595729198435,0.22045653316577038,216.180772,23303711337081.223,19749296976770.92
5,276.2639043729659,276.35438273961796,235.61231010261525,0.1934582589124824,235.496664,28187851037883.33,20559099647229.594
5,881.6349020270608,881.6632579802025,716.738293637541,0.2962441480031123,716.226144,429255863846515.2,284691593385575.44
5,285.5731308881845,285.6606607240139,237.20712329975788,0.13434889873247235,237.100457,20970786250190.13,14514515557742.908
8,377.54237443991644,377.60858636653126,342.60321171340587,0.4118761919476933,342.747024,110726737692169.42,91338778382921.31
8,482.83357259082425,482.88534749029066,437.1566652517376,0.24570683662757573,436.804724,108059216683555.81,88738018409673.36
5,197.6365030453943,197.76295744150914,170.65771575874595,0.1780598139688703,170.604838,13363456941343.6,9989111260329.666
5,398.2018161278194,398.26459341434526,338.4538373479661,0.25800106349807156,338.231046,77406531104440.69,56080499999417.164
5,479.35471065670777,479.4068612658521,410.40391969955675,0.3966959564731816,410.229867,171249892351224.75,125873435034894.5
6,247.4640694770862,247.56507363148006,240.1519428827274,0.2763571604848329,271.875419,32270652617022.926,30407586122761.66
5,149.68900015717082,149.8559200300525,129.32402475260088,0.1797365791423184,129.124354,7774408054270.336,5817696526142.715
5,159.46474807298566,159.6214455453301,147.99512500436265,0.23640725968638854,147.970002,11565079837721.174,9974023450881.988
9,327.6972608330168,327.77354188137616,319.3306719942374,0.40490942859553514,319.014189,82227809861845.75,78118423059798.02
7,312.7357226995014,312.81565218572337,274.6500784423668,0.17954868467590732,274.687551,33474161815836.57,25875714047849.67
6,358.1459066924057,358.21570384410194,341.09202871392904,0.47730617319917645,340.901746,115427426020532.08,104787599786520.98
9,318.8660229744446,318.944416172378,286.21147432309056,0.14607645427261362,286.100725,28353126324719.977,22885990375967.207
6,494.3561284659961,494.40669671019674,435.44058862195,0.37394922191081004,435.431745,171688447268650.0,133504400361514.3
8,280.6273279038007,280.7163998886194,244.33023790607498,0.5017958246739727,289.789129,74794394112883.33,56835737425461.72
5,452.69789763140926,452.75311873017273,403.87642932943527,0.5032209028365994,403.894065,193534533659599.53,154353946176852.47
5,402.64113233557845,402.7032175789967,334.95437396777874,0.372369327460818,334.698351,113829966329609.44,79034105113745.4
5,702.0458006117831,702.081409920986,564.3220413862733,0.37311888874901517,563.889901,343478879948403.3,222728472416646.06
7,331.4889191221623,331.564327847221,289.14212333536545,0.3541576387691108,288.862601,73667391709858.25,56182857602534.04
7,356.17978256720005,356.2499649257778,308.0568864210438,0.3842955198526114,307.867013,92103679552978.83,69074231109590.98
10,489.45027197690484,489.5013470239547,435.65841877973526,0.6463146374888528,435.219629,289603648479472.8,229878673329004.34
6,584.4038894423094,584.4466665105542,501.97365881688387,0.31103646320226885,501.939089,199299462318279.72,147439255476691.22
6,624.0612669371188,624.101325820705,561.6460262567792,0.3945615359258335,561.28963,287434434560276.7,233212352072745.78
10,292.4409378147185,292.5264126706374,263.24453439308485,0.2613718436221379,263.09893,42519728378401.984,34516957566597.66
9,650.6255966968213,650.6640201187512,641.1767473812408,0.9361555538140187,640.611052,735533778527942.1,714489151105236.2
5,422.10504756929583,422.16427037763094,353.1938875710275,0.11660304617854922,343.553196,39544373401563.91,27772749797253.24
8,287.3504195771732,287.43740819729345,265.5705796789149,0.24906312482281895,265.33059,39147631612279.56,33484259549015.793
6,235.81728243852353,235.92327290178557,235.9619860179772,0.3200075889017201,235.693074,33918259022544.63,33959533740538.3
7,340.3145584243912,340.3880119445871,300.09477213890995,0.24774886088414289,299.734183,54459924390720.59,42441520730358.125
9,564.0751750745118,564.1194936672027,544.8331642463695,0.5269647340449395,544.310663,313413491317091.0,292560325921630.5
9,657.861294851616,657.8992956857795,587.5517078614164,0.3858857463126287,587.040373,312178936928387.25,249472857863211.75
6,222.44348923919094,222.5558489568541,186.09936906675924,0.13160437856811263,186.114596,12519009790415.402,8789206292575.511
5,178.31510064111953,178.4552468173816,153.87015555296892,0.18881997187308006,153.732586,11550146120934.234,8622202287543.426
8,526.4959784562818,526.5434600587473,470.60080269601434,0.18371238151004873,470.58693,96168584319273.1,76986466692476.72
9,435.11091105296754,435.1683638746542,403.75005330503234,0.2411551421449459,572.849543,86302470988049.27,74408703764590.92
6,351.53003030995603,351.60114079695273,313.4760382239906,0.3100718962739365,313.37488,72541630306555.14,57802445813502.62
5,872.0368246804989,872.065492723366,708.5747676921275,0.5293240305183364,708.131088,747016711885984.8,494823018395963.56
5,131.52951396688547,131.71944823891846,105.65065315328519,0.24260765647595725,105.598711,8099292369769.7295,5245644772972.982
7,421.80049145614595,421.85975701961223,358.9608995475438,0.24895939463317865,358.713149,83750308489914.03,60827718684657.6
6,331.5634194091306,331.63881119415896,300.0155029514618,0.4459068590019515,299.804088,92603921753907.66,75954628506046.31
8,628.3796989222169,628.4194825254672,549.4168228806068,0.5757440781492014,548.797944,423847958936786.9,324761417879256.4
7,855.5509936347945,855.5802140708282,759.6407516104501,0.3080612785121578,759.044667,420431747038198.25,332124570037116.4
7,146.8960240427959,147.06611397457155,132.75861368358235,0.15988840075969044,132.648019,6669187543489.76,5456852616368.65
8,435.0784187386579,435.1358758504416,377.8828777085202,0.2947248043175152,377.710901,105269739762475.05,79610858548675.56
23,388.5084140499334,388.57275739247916,389.07528323447576,0.46823581468238346,388.777956,133077014845389.02,133462196943044.44
15,453.1748579445279,453.23002093092094,424.5718845286759,0.45513695428133294,424.246346,175564030889382.5,154279591815551.03
13,322.7205914482632,322.7980485453975,319.2236594619424,0.17450359048665748,318.974931,34633769169473.07,33893724665995.31
7,413.3846351304299,413.44510707217063,369.17477434894323,0.30878891518181956,369.009611,99617937244499.33,79609881460068.6
6,652.1986948225764,652.2370255729677,573.4232388326456,0.19426594256792712,572.798098,155379193566850.0,120385684238620.89
7,269.9935681621303,270.0861470881446,236.8312531345215,0.4003278827837541,236.942396,55381211424941.07,42710243713425.164
5,296.51032144939234,296.5946235622318,245.6035423916301,0.23815361406993785,245.302747,39851151432195.234,27431897624437.63
5,232.60920784226602,232.71665942301277,197.96567474238572,0.13584925986234436,197.720116,14116496575169.336,10252935159985.031
5,204.89401485786746,205.01599285074326,180.40466905385966,0.3280931119749924,180.542666,26311347081506.14,20442547204303.312
5,171.8176215131934,171.9630630759146,148.72031392323166,0.20067377841695966,148.664412,11398274624248.88,8560901011746.611
5,480.4037309245642,480.4557676688261,401.0814384658136,0.2501709250853813,400.861504,108910210244626.66,76157793551726.97
6,343.4409067578029,343.5136917716991,299.9392619932431,0.45729262993909686,299.598135,101807686401737.62,77837530446365.1
8,261.181355832333,261.27705722932456,229.1996077232902,0.20670761587131056,229.106488,26930236944329.78,20785652154185.805
5,817.2620344850259,817.2926238567211,668.5773789762773,0.20182713981140613,668.034175,252425284141537.9,169504513998027.56
14,403.92301162976804,403.98489987134633,395.3744452109425,0.2480842693392761,386.527058,76592605504527.84,73412570690096.36
6,156.75636935115853,156.91577145767354,137.09271612170014,0.1922212866645369,137.097438,9105602165316.08,6980590615713.87
5,496.55808692561544,496.6084309506103,461.6227611897006,0.4516075247421696,461.501203,208835334868669.1,180711206730240.25
5,293.1624880156316,293.24775255663144,253.13938449026062,0.47403343394145897,252.950312,77088798996216.14,57625581280569.76
5,592.7091271360036,592.7513048406754,487.7966271358079,0.24322370893474352,487.391254,160618910686693.22,109167482852267.97
15,392.096691425252,392.1604460251305,366.39151254875395,0.3511705811791431,366.253703,101902111976935.48,89086507390577.42
5,220.5413817716434,220.65471006472026,202.56263888736106,0.29558715770105715,202.246963,27453153037546.16,23193652273614.043
10,269.71329045909613,269.8059655572367,252.4335025222731,0.3446666130822195,252.200965,47645528263044.4,41784527137346.5
6,303.62031678041905,303.70264529938163,269.2868801786897,0.418269619475567,269.218956,72995146785357.11,57541244894591.266
9,287.34851265026407,287.4355018474909,255.70620873485086,0.3676924111880446,255.422364,57595885969110.18,45703067150136.164
6,564.0785797231786,564.1228980483936,474.7319091157675,0.18684210667262693,474.563493,112113973612920.12,79654562583185.1
5,339.2140062807325,339.28769806319957,343.0706209980737,0.18084660920219361,413.609667,39608230824095.96,40505963531855.016
7,260.52136220275554,260.6173059564145,234.56477651233251,0.22647751002953068,234.258588,29335057457564.293,23823968072632.676
5,444.9250228021176,444.98120849701604,360.2461046750053,0.3227972044985885,360.085033,120428598320357.89,79247808845769.95
5,192.60251392185722,192.73227121844232,158.41101061963772,0.3070631176876112,158.394436,21794743498515.953,14792486157428.338
9,363.6923694903281,363.76110240855786,324.2331516882963,0.42171395786338883,323.832299,105254025698180.84,83824906080059.55
6,436.7469496505349,436.8041872842416,370.92975304724797,0.2002156773903601,370.632731,72305355650817.77,52304738145341.695
5,287.2328534362281,287.3198776505337,261.55223836965024,0.2436036582671122,261.462255,38265887523116.15,31781318909141.34
5,349.69139170770023,349.7628760095448,284.3395129973631,0.17535558420971062,284.123245,40804014582559.3,27075284725554.434
6,286.8280662401491,286.9152132304304,263.9411089667455,0.18610812167208288,263.757794,29221232947683.6,24779581111661.547
5,386.4042530808023,386.4689467459613,318.6094396945154,0.2874147852780571,318.41764,81163147227272.58,55369041256698.38
5,413.6512888982909,413.71172186344603,333.12879057909106,0.35824905822210246,333.096876,115568908219921.48,75243395776442.88
5,338.77992986494763,338.8537160476462,330.5579174919751,0.4325207000192915,330.282765,93766048093399.05,89309014463456.98
7,225.86949481585958,225.9801510937888,193.72671181205655,0.12674947011389828,193.674703,12432193090533.746,9169710655217.404
9,664.4934911842087,664.531112760101,592.1082949300003,0.44792337017541284,591.596624,369179555634366.2,293696688622418.4
6,427.34209438209564,427.40059151909924,357.43651992881684,0.29771075153919574,357.182654,102611840871923.72,72014596085476.02
7,372.551907935032,372.61900663550773,324.3376034012303,0.2611795304058042,324.172908,68663291282539.75,52167908641999.86
9,239.00733002248606,239.1119064464954,216.11941713712858,0.4024549926850765,215.860648,43720806944961.6,35811195724200.55
6,478.38103016090514,478.4332869040456,416.11753590418397,0.3449074919479298,656.374664,148478385520178.12,112621881784745.7
6,756.7307253151372,756.7637614447283,642.361009732351,0.19395702799863848,642.283588,208305125763923.97,150530083896803.03
5,383.5791782586384,383.6443483143891,318.9371518629444,0.23942965916298542,318.668444,66743532511425.43,46293181242757.44
9,201.14393509009435,201.2681858206311,178.0595593136531,0.18046768474345026,177.971686,14023410567463.738,11012164647198.977
6,372.4341988946606,372.50131879807833,325.8536846127334,0.2673163194182217,326.007716,70218273214833.484,53878604302485.03
11,337.7981798069726,337.8721803891285,307.10531744672755,0.24799896903817045,306.782739,53718211520230.21,44474119935333.836
8,356.5212698145424,356.59138496348135,359.4641737058793,0.2591587686071964,359.228792,62447393463101.36,63473417283650.17
5,438.69038607350825,438.7473701725444,423.59184744684495,0.24582051359066429,423.20496,89397172140871.78,83401393537392.05
9,397.4510435954938,397.5139394475961,368.41183848539373,0.37490008819929,368.097534,111687224245601.27,96092713103197.3
14,569.9451268440805,569.9889890281347,534.5127930248966,0.5024757291287276,533.960544,305167370385621.25,268683147864453.8
5,543.6235444317186,543.6695301932091,444.71491026006527,0.3051440724167286,444.21555,169434329698696.2,113793122185277.9
10,224.73195221947418,224.84316833823533,208.0942291835317,0.35501662779161786,208.036056,34172109821545.668,29338874897833.797
5,351.9160827375021,351.9871152319477,285.5236795163423,0.1480976635804648,285.425463,34948920489073.87,23089492549843.793
18,294.8903846989186,294.97514978024196,293.14075027708645,0.29276627696549345,292.933674,48372918407786.445,47805601612730.58
11,233.23526450974705,233.34242779857175,216.91968356664097,0.20319684597750834,216.663735,21155251896033.496,18321674627927.344
5,306.37453382202585,306.45612242972675,249.2995190608332,0.15435925946413495,249.591519,27665296613725.383,18382877092310.727
9,543.1317463438585,543.1777737412766,485.76442131799956,0.256060722155963,485.400244,142146177484911.5,113929810605041.84
8,215.83726421216548,215.9530611558728,209.80043092629916,0.10192684825452977,209.693406,9153319700538.621,8652659458676.2
7,528.2841916888284,528.331512583074,453.6403893757074,0.2329427954272899,453.480856,122502224603551.16,90575570929333.83
11,502.0524654390196,502.10225856233507,481.311770003426,0.4451080825565455,481.209842,210397215458716.03,193509279066854.34
8,543.7445225787274,543.7904981096747,508.8073175528137,0.2313974822194958,508.734663,128857854288057.53,112964394373672.94
7,618.850482651467,618.8908788130211,541.3014381527948,0.35958113206426195,541.045157,257824337717617.38,197685820859039.72
8,287.77205015622854,287.85891136304764,258.57773463485404,0.22833312456157365,258.429876,36021157428697.99,29137479093509.39
5,513.9602365073413,514.0088761010671,422.80800093759007,0.34027392343945106,422.685306,168888548084444.1,114691708998259.45
7,312.64199868193145,312.72195212334043,275.78942061461896,0.2478118074375435,275.611635,46043282701427.58,35907144772739.0
5,438.7671977031083,438.82417182766784,370.5572515228861,0.21638066299566688,370.134868,78807430897612.8,56376784310670.47
5,521.7150435620835,521.7629602405547,430.93914630085663,0.4913755781724854,430.424792,250460160258478.03,171435119590387.9
6,154.81620707642577,154.9776047483337,136.08639521529014,0.2747866426069007,136.013791,12660382489589.406,9804023984176.66
28,539.1154780835515,539.1618483435714,524.1018137243673,0.5885215327642759,522.544169,319680273256274.44,302262717532426.7
7,248.35295434311152,248.45359713828182,224.52311324089206,0.23500959254406878,224.608253,27677060137011.406,22660038667187.0
5,151.49110571578487,151.6560421183116,129.1222907247,0.24878337592462912,128.966775,10988699773400.102,8005045949265.771
6,320.3044429694167,320.38248420590713,295.6991338598805,0.17654698713169908,295.456104,34517643703879.22,29459108288966.234
8,1047.16617137183,1047.1900450565488,933.1993578185866,0.360079512376145,932.574467,732882491716728.1,583092229611690.0
16,486.70528045878433,486.7566435360322,466.1565292180371,0.27066315478210595,484.963565,120829910719186.06,110927700359007.89
5,304.2865912178999,304.36873951674033,256.96259167836274,0.30243121167675757,266.286049,53160546370075.64,38023365797246.82
8,183.33312442319942,183.46943753871466,163.59095597053602,0.4211156195215054,163.492157,27031390002574.055,21565528940251.945
12,306.0628938316878,306.1445654925578,283.00100612330147,0.4449216130538229,282.718872,78846670803838.97,67505152955664.71
5,263.35520223595614,263.45011395848996,219.6383472337244,0.22053876991361615,219.373894,29191907786972.016,20368420913269.13
5,299.89483165653587,299.9781826305073,249.3979379425566,0.29885838322620384,249.2495,51045413235327.44,35416655224563.695
6,345.5343481455632,345.60669227950325,302.5477726425777,0.46301351379404204,302.324697,104318976490178.47,80167006173978.81
6,265.1767087375541,265.2709687411753,230.71554547539017,0.17252304128315962,230.543208,23199667699184.3,17603511824058.03
6,234.19472135582402,234.30144581485632,202.3813152360983,0.4015116166418977,202.163968,41895217991306.11,31366079486718.66
5,345.1315302174199,345.20395876962044,296.73652793425106,0.27236337105618,296.460431,61511125250225.44,45590913379698.24
5,578.7059288290584,578.749127050662,494.4925872447298,0.2861886067843595,494.225208,179983782416976.7,131779382993479.62
11,160.6220235114714,160.7775930810002,151.0524471906697,0.1564921450710295,150.806493,7793711935218.778,6900081636474.692
6,385.6654168557574,385.7302344366139,330.4563084811641,0.6425207926558864,330.127192,179467134059940.62,132123698140054.39
5,117.86183089397507,118.07375314471872,94.61639961938748,0.08656197973848005,94.483021,2345540272229.0776,1517363503527.7397
5,521.2007759371345,521.2487398905355,424.1222701811114,0.3546478063203688,405.054569,180905881328933.78,120229791778153.98
5,382.0226019581485,382.0880375082083,340.9967600047672,0.20045586394720472,304.856075,55517157715061.53,44321584479635.87
8,363.028945232293,363.0978037340231,326.1823209454505,0.2610844861853433,326.066719,65204067301646.36,52738738479502.02
6,409.3644178819561,409.4254836082297,350.9758428433932,0.3889653516417558,351.025095,122823178165469.0,90532722634434.56
6,316.3568271506993,316.43584197251965,270.26427825879347,0.3233542524875272,270.274587,61358994234011.41,44905713428681.19
7,342.8820222657978,342.95492589126496,353.12715870616205,0.4769709694764541,352.982625,105806729174103.86,112165210482365.55
5,290.1288120039631,290.21496783389887,235.00132249501291,0.23915554214225665,234.781838,38327960716245.74,25238650066980.527
10,462.9161740274549,462.9701763356004,434.73115922893004,0.3176450103410051,434.548677,128212007894324.98,113201359155354.52
6,274.581955426572,274.6729878344064,238.01078602265628,0.22353189430045461,237.722709,32137496558121.22,24206716117424.11
5,347.41694310433707,347.4888952987738,312.7650823458482,0.24181685712596224,312.660497,55389539937429.53,44974151295353.44
24,627.0619480073286,627.1018152092576,603.2990821925351,0.4747360408372186,602.648861,348609848757124.1,322901458086431.8
9,360.07500711301225,360.14443039902176,359.4363055693287,0.3535711536328782,359.108099,86651049430657.17,86346645518094.61
6,287.46528678688605,287.5522406580527,254.66748473949292,0.2575053369110534,254.406474,40494836067518.164,31849037436660.574
10,367.20785576473514,367.275930786833,326.5697848878214,0.3138024359904341,330.79981,80038796559342.02,63434485533283.4
6,143.0694955958937,143.24412926910284,123.1802199956545,0.25230289769298614,123.01874,9948116355194.742,7393447241761.05
5,212.05339777311215,212.17125985185112,179.43956654529183,0.4042779761116959,179.250818,34642689773833.254,24878033838505.38
6,592.2683729028224,592.3105819930594,519.2871325818583,0.407168407981599,519.145508,267324207116173.72,205940299653544.3
6,402.80575640850077,402.8678162819965,431.7822697760812,0.4800239307499493,431.265209,146527208666412.9,168159651543839.1
7,306.91267522229043,306.9941208103229,280.4320495261583,0.24121926360822893,280.393404,43215019977559.75,36136538049941.06
13,650.5429020002101,650.5813303061002,601.459259118991,0.2885046485747713,600.985176,228814539931557.47,195840273305174.7
6,252.04966800577637,252.1488352973737,231.51222461682735,0.24070496820207585,231.434207,29184483074537.664,24658463990075.344
5,385.7286764630895,385.79348341563104,308.5775189852197,0.3066119580081211,308.249655,86234838394304.17,55405862136365.0
5,213.83777590321802,213.95465501651253,173.53476926905674,0.3447612366590128,173.510017,30079282356848.58,19881026022362.95
5,197.76126266224426,197.8876373343347,166.8047457018816,0.3336803897240935,166.713074,24940388119654.105,17795320710858.883
8,227.70417059048947,227.81393571136672,201.38752877077835,0.3866937171628753,201.133096,38174905808494.11,29924848771646.957
6,393.03293160627527,393.09653436150137,349.4407696369703,0.12426579543372233,349.203755,36563163297270.75,28961597029869.85
5,299.98818840871553,300.0715134509489,301.8391763288188,0.3335254018971259,301.513302,56946853224205.88,57645538880419.56
5,310.84188793125367,310.92230427016017,257.8321345385017,0.35633949924702213,269.42935,65245670220231.22,45037320485333.984
5,335.3818423834447,335.4563760021766,272.4735005957906,0.2603678100342232,272.352131,55576680252935.695,36816595871996.086
5,717.4063948108018,717.4412417163039,609.2259350192999,0.5459312427367926,608.938183,522916098461511.94,378144285591111.94
8,543.9442025446846,543.9901611996055,479.27901983769624,0.35105698521211076,478.829466,194913331811960.28,151664780618523.62
5,629.9459714179104,629.9856561110378,543.1503552958811,0.32101490514363884,542.657017,238650031562220.2,177859336733107.47
7,432.5388963144687,432.59669072351755,381.0766742978261,0.13643245731730294,380.671788,48497369021819.3,37727370864441.61
7,251.7648819389965,251.86416136035876,221.58104918266693,0.19492445368647515,221.387921,23623919993502.348,18339112180293.01
26,577.2031229141571,577.2464335982125,551.6672047194342,0.4024790577495947,551.087734,251101854899025.12,229543638178499.75
7,276.25076585344596,276.341248521851,243.39940228964477,0.3201587707615255,243.391821,46439667855028.49,36131353701183.445
5,314.7432895142803,314.82270930520576,256.80446843688514,0.14043696803603015,256.935409,26573227987619.547,17752270416556.004
8,323.8871361221312,323.96431430852994,293.1020341386719,0.22582876227071422,292.949971,45040260425653.14,36949697071588.61
9,698.5668983913923,698.6026850278847,646.7811477853655,0.437905504427183,646.25741,398622810695089.4,342161675461732.7
5,210.4177851093424,210.53656283487055,175.65431148363348,0.27258090410578756,175.415227,23080420770982.94,16133721176796.97
8,193.13902209320224,193.26841918719794,174.54706196947023,0.24464979318459776,174.39275,17494695324020.955,14313129878695.613
5,365.30036068631904,365.36879111050905,317.3803504180476,0.21636907201455235,317.208492,54799398351341.125,41467397481902.43
8,485.7756193055488,485.82708066933594,444.41593758454883,0.35716580347961024,444.233823,158453398848862.1,132829307711516.78
5,515.249277757431,515.2977956769796,416.3997794139243,0.4185431977846075,416.164505,208394023761114.78,136614591590159.06
6,395.45696834790715,395.5201812991565,337.24517443285976,0.364419751145649,336.961669,107515168053435.14,78413914254548.33
6,502.37891184800776,502.42867261889853,422.7322695696759,0.49118798334993374,428.388139,232292914949806.0,164961441974473.25
5,480.70529314453046,480.7572972479658,431.5819613521799,0.3030425575700939,431.594529,131866484220495.86,106496839313942.92
9,165.1636392290814,165.31493496775832,183.99085912655306,0.186748094827565,183.838881,9814325319654.674,12156803664748.387
9,463.3967307610323,463.4506770736371,411.1932531199363,0.34822432939887266,410.908439,140729693003229.19,111043799141868.22
6,409.9922200166871,410.0531922497514,347.42066164389695,0.3152967764208567,347.187209,100050904498242.75,72053798695380.1
10,317.6071119909863,317.68581584209096,292.5122244519579,0.28971568834211736,292.198998,55460872229440.94,47110926225249.36
10,304.1214382975903,304.20363119495306,282.70598269984447,0.42633357114047093,282.436733,74633531547573.38,64575527547653.11
5,364.74324848582114,364.81178341165116,377.6425058640014,0.18526844144723292,377.32244,46844579151304.61,50185908493558.16
9,343.2505022642928,343.32332764420374,304.24382220988866,0.4123450652617824,304.417718,91784601691140.03,72263533669722.66
6,625.6388204884698,625.6787783697029,531.9618615796173,0.42870718427973764,531.546635,313665994443004.25,227364787550952.22
5,447.37146932722266,447.42734780967305,374.1013448163338,0.3788963553527893,374.050807,142699927605549.22,100103022674629.11
7,623.6079747347458,623.6480627347216,542.2285055471815,0.528296919982999,541.987938,383365466552112.7,290518939147649.94
5,375.2014135701958,375.26803853389,307.51134692993253,0.15930267994723715,307.273925,42657455366863.36,28753877354548.438
6,179.9331621107947,180.07204898925744,155.91857987248738,0.22429070744138874,155.699208,13947427696083.309,10498547419412.945
12,286.28787393112805,286.37518530767545,265.0020325449708,0.293632876185794,264.857259,45749339977233.87,39252311380836.01
6,278.6348660033336,278.72457471973235,233.35627038528872,0.20447678087801816,233.598979,30287881138171.43,21309258318590.02
8,278.444691197748,278.5344611645195,243.29581094666304,0.31609399575118097,243.014121,46579976127922.125,35646516968617.18
6,358.1802771198505,358.2500675752244,302.31466608703187,0.4503098081681736,304.2644,108976134285776.9,77867558955071.42
5,384.57212567831755,384.6371274964751,314.753163751358,0.4284568428202495,314.607352,119432182710535.17,80288889825209.66
5,301.9153478438426,301.9981411592933,291.9057227436832,0.3328077241203208,376.899858,57551367128506.914,53830405360910.49
9,240.28506710394598,240.3890876748523,218.78626140966713,0.30246442021848263,218.694166,33290584518934.156,27644867070435.785
5,345.7364202463598,345.80872210626427,280.093489187553,0.3090067593221003,279.900196,69951731627076.63,46080854213270.664
11,314.1504654233123,314.2300350470714,308.0758713912651,0.4159098066630606,307.976418,77662518748887.06,74713791196263.64
5,393.0539490996018,393.11754845439344,319.5645789393479,0.388761219994861,319.607346,113253990563413.67,75138853574353.52
14,305.70086301310255,305.7826313690097,302.623911552964,0.5130730013668096,301.061304,90596197941005.22,88797615266690.8
11,554.9424915782181,554.9875394628609,503.9321008427665,0.39338209708758176,484.34439,227047617397309.22,187527146913459.5
7,447.57387554367966,447.62972875937237,391.3295344094079,0.3358593504736788,391.3333,126739974850129.34,97120065276618.28
8,695.713904903113,695.74983828639,621.5504871315179,0.5615575116061836,621.531754,505978491164545.44,404628899950022.56
6,168.97103248600743,169.11892212105474,144.36335501663564,0.28741872597226414,144.223624,15745313121768.363,11523936096413.787
7,281.0487079510981,281.1376464313907,241.49760203267667,0.4604083522181282,241.244772,68882042262252.77,50994809185480.695
10,312.5214208664119,312.6014051477712,286.2438156521514,0.23712068073017353,286.069385,44040219419163.08,37002422226672.695
8,264.025492466574,264.12016332006334,241.21860679537488,0.2941628236506412,241.077549,39035780910141.15,32634665721571.098
6,379.0058067008833,379.0717630119491,358.68926725327617,0.4367483398875464,358.452269,118255236126968.34,106021034672824.97
8,219.97524914772876,220.08886895435066,194.26511824319314,0.22967972008984858,194.009439,21269764680960.35,16623521404647.248
7,284.45443621660456,284.54231018129155,243.2561067786194,0.2412300676146503,243.236043,37173009594134.3,27259149447261.758
14,397.6586340117494,397.72149703541356,365.8184225665119,0.27417746474046895,352.118937,81993404787334.52,69491007126922.85
5,302.4701021135311,302.5527436209593,246.95432436485552,0.07970412900781122,236.124925,14005249096341.148,9368371335723.648
5,721.8793811602114,721.9140121539751,591.4490999151911,0.36555144654039823,591.182421,355688056348942.0,239551874540587.2
6,687.8447933264149,687.881137774731,589.9365195923125,0.4821599998455223,553.120089,425300231456524.8,313661411826481.4
7,254.1227647662116,254.22112337967377,218.23336466477457,0.5088162975271054,217.854534,62292425998168.086,46062904748846.46
9,744.3383267113237,744.3719128308196,685.021376104114,0.6918590548841124,684.834221,711646286366156.0,603528299522018.1
7,387.5127327635343,387.5772414033909,330.83883246007866,0.23958752973400485,330.657922,68151730142849.61,49813197890042.54
10,407.7586858374754,407.8199920012566,367.23067740945254,0.20061677028972194,367.07287,63227119969166.31,51377565813409.32
7,526.3600248041122,526.4075186695053,479.1070091911232,0.5162041042632437,478.820711,267676170121068.7,222111380824257.84
5,594.183785851617,594.2258588861312,484.26880448915693,0.302400659417789,483.808728,200297196903220.88,133530383518319.48
5,211.4766352560857,211.5948186020525,177.34886352225206,0.09437409999533404,177.153343,8144285276946.371,5745310023248.983
8,412.5052120185166,412.5658128619497,361.8317860446586,0.48175140944837946,361.744999,154151944560773.56,118881200020724.69
11,202.03156615043582,202.1552713168715,183.83716576873778,0.219434464225262,183.609155,17172505053361.633,14241466486902.19
5,509.29832088056924,509.34740565920947,429.85949053092975,0.4698888395585588,429.460305,228415058023714.25,163190178379726.12
5,242.0440383222044,242.14730328318907,198.7132310623268,0.1539135926627174,198.128154,17287467879460.96,11690909199569.031
19,245.1904140025327,245.2923543829554,250.3055402514112,0.20379259463305546,250.14498,23427305082781.46,24406266495609.293
5,547.2019447666046,547.2476298316459,492.95198320385225,0.4348942618359686,492.634952,243910951587858.6,198281170990132.1
8,383.18188800685493,383.24712562066,341.3967385721219,0.17175888750850113,304.95117,47920931748907.98,38116473765448.34
13,292.452498680578,292.53797015859925,270.98429963600535,0.3203350715062489,271.367796,52023017639530.83,44725368835318.35
6,441.0597336697425,441.1164116929047,394.21091880671264,0.18715876231368542,394.012295,68960473494348.15,55197577242637.77
7,395.59786246668517,395.6610529079282,357.2794046754645,0.3208037662172717,365.633122,94821547115419.42,77482084167474.53
6,238.5306209547476,238.63540628552477,207.52649491088619,0.314125636691113,207.586411,34064124745312.566,25846717173974.33
10,547.6230575424717,547.6687074794079,496.75412976920654,0.22084441413839576,496.280844,124777812392635.5,102851797404467.69
5,225.86312405167087,225.9737834492764,196.9646592141237,0.26884086179468103,196.793367,26199290614862.023,19971119830237.24
5,134.0431213305335,134.2294989040491,130.54450765333573,0.32712868144666757,130.381914,11309674758159.186,10731870248186.748
5,307.0572849223168,307.13869216343426,248.893910644449,0.28933982370123085,248.73941,51801674268060.67,34161068283827.68
9,561.4764122211561,561.5209359238012,534.9701266189787,0.7088081235124705,534.498722,416669698807148.1,378570152330912.75
5,702.6089615634165,702.644542332197,575.2201438742538,0.30958226387715854,574.861254,285885562875165.3,192244141626756.34
8,338.7420397322846,338.81583416656997,318.633748263032,0.3470282441072756,318.320334,75362605659040.52,66752729594581.35
12,212.06715483224062,212.18500926936736,203.6524739697235,0.22370841146923845,203.295054,19270465058929.98,17783713094891.156
7,185.80420442393293,185.93870598025217,160.8576267130448,0.6082442088934865,160.709602,39965215453111.91,30029476684796.242
10,276.74950845038273,276.8398281091947,249.54369267916013,0.2881636293537318,249.287096,41987169940998.56,34199732926584.55
6,280.500176227641,280.5892885762706,238.61808784065235,0.28174392643089385,238.434033,42170412291585.79,30603838400414.617
11,632.917368950814,632.9568673453356,576.316662312257,0.632462028471418,549.370853,471914023365396.9,391909711650380.56
6,406.6481388968474,406.7096124611142,342.548078435698,0.20611448653284473,342.276534,64594183693444.52,45973446813043.945
8,419.4027130783996,419.4623174225813,370.04590507667115,0.7625405864665717,369.581553,251173439612915.7,195933671056447.84
5,343.6295354169113,343.7022804853676,298.8867656016752,0.24519896329736562,298.627915,54950219540820.18,41673930261951.22
12,411.20355109321696,411.2643437397313,388.4021810146886,0.6176530793881614,388.090386,195971304187419.1,175017661658130.25
6,245.12806780099152,245.230034098288,213.16542295059577,0.19818623979565195,212.955603,22776819593251.637,17265429055201.002
8,409.6886524945029,409.7496698995151,390.3646615120769,0.32666024507290525,391.998588,103472079254316.36,94022112610142.03
8,252.7395766727118,252.8384733712446,224.7625653155099,0.14695242649553686,224.549144,17990415133508.086,14256211697992.996
11,465.50297971219055,465.55668196356936,422.16848565529625,0.43482746039390413,421.717401,176967199247936.62,145804798192222.0
5,296.30947362684344,296.3938328660315,247.6168446762995,0.3480331791704082,247.390975,57966347433708.48,40608120992841.516
5,180.65370878164296,180.79204212730897,148.28177339364618,0.23941693306810666,148.087943,14998239833067.592,10138731780707.656
5,253.84797656815383,253.94644161268724,209.96737855227877,0.2908829766983441,209.809131,35710052207766.64,24511936882397.992
5,420.8133873433015,420.87279190670364,351.8827358211638,0.3063015606034974,462.726491,102373836910021.61,71809891504066.44
6,684.342483911372,684.3790143524175,638.4555557009297,0.45673342493026653,638.489136,398999185242246.56,347696631994055.8
5,329.118617524667,329.1945692160611,290.10609703520237,0.25450708896554913,289.790952,52343355062705.72,40759718343796.195
17,371.4518272248031,371.5191246068565,378.5333301632464,0.4009788069956371,378.052321,104402403427260.9,108384600921814.8
7,252.8150803468809,252.91394752128608,217.95517347189025,0.2236738495346322,217.700567,27300386472472.504,20342785284844.72
5,166.2851733938914,166.4354496212767,138.38689457379647,0.16197738215329807,138.208191,8638056343549.99,6001804636138.814
16,482.66196006521693,482.7137533714956,454.54677256199454,0.2078417112039591,429.818762,91478397472362.25,81218170823716.75
14,430.8356758638546,430.89369872053635,399.1508661355602,0.3596317848209943,398.984899,125758763829751.22,108088827240730.89
14,496.6195577712169,496.6698955653332,467.5042141309983,0.31840788088831795,456.067232,147728337983255.94,131054462618215.62
24,659.1991744335687,659.2370981474712,641.3866327022088,0.4362157487130203,632.643694,353952041041050.94,335238357863069.8
6,227.42697666895359,227.53687550984074,196.81611226464798,0.3129046263918738,196.634034,30872894944080.625,23179310360411.26
7,496.21537644371637,496.26575523521586,423.1822053700017,0.1961427402734239,423.111821,91247759991169.95,66551725000938.99
5,264.49378994787037,264.588293242517,225.23343483448647,0.3434922504686894,224.901024,45680196054307.734,33218841971370.15
5,360.0264006314101,360.0958332883187,287.91470542009404,0.3083988546572189,287.589258,75651851479486.38,48571855606511.71
9,238.01673301475188,238.12174448171606,215.64346060760582,0.22520305838398316,204.604499,24387328476010.297,20052202393539.375
5,270.18310825116964,270.2756222530313,226.26668528961724,0.2752808603471869,226.111822,38260680095715.6,26916496601671.418
5,1061.239168672181,1061.2627257771858,872.7345159143156,0.3230742790077544,872.620412,675790923225149.2,458468261468842.94
5,276.6836094561253,276.77395061976057,277.7321441115671,0.20608628626436354,277.388234,30101857565530.32,30328454808542.18
8,377.68250700158626,377.7486943657162,352.21693228703907,0.38583407079092824,351.795957,103862467737855.97,90440968054436.48
5,308.30710916282226,308.3881864798592,253.2582508456817,0.19186872534067254,253.173724,34753621712382.203,23531067739807.02
7,333.10174515294955,333.17678884331144,289.45342934875913,0.12055765251478305,289.252131,25559119028012.016,19346421842606.746
6,513.4262209030572,513.4749110821238,466.43167685182965,0.43965143306073556,466.54947,217283512103790.06,179621193798282.62
7,665.9317967329007,665.9693370568268,607.4970492820775,0.7797130126784972,607.206114,642467844057545.5,535433568007433.6
6,453.97290119634357,454.02796722297313,384.91216406651677,0.3639951955801313,384.532988,141176983271572.47,101789258752573.7
6,386.5875776469937,386.65224063875587,329.88465664833245,0.16377685387346289,329.569484,46521984249208.6,33969797260721.375
7,463.89512152486253,463.9490098863958,418.9250664533715,0.48376040918039903,418.511982,195351351997869.4,159600869584977.84
16,254.30950924881253,254.40779566352103,239.42256442190754,0.2184782901128596,239.185605,26985167643717.066,23943242685246.184
5,192.857141016373,192.98672711098342,156.01323835046958,0.15431032098968991,155.895016,11045811175733.914,7254923058492.554
5,290.27768282428093,290.3637944817395,242.92196413476807,0.332363784713451,242.90437,53166461822423.46,37350793612745.38
11,273.538787612643,273.6301670660503,251.22799589619095,0.30407704991134965,250.919157,43272250163371.39,36555672084486.37
9,499.41456909197484,499.4646251951412,441.53929926759713,0.2932476780357304,441.236373,137677432007950.48,107852555620597.48
7,430.38350236411713,430.44158617308807,367.7254757170158,0.16539362958245957,367.374892,58114485571822.875,42542159825826.9
5,437.4294778349991,437.48662617158936,361.69938332721244,0.4989778759720773,361.397768,179298798166845.22,123004301049196.16
49,569.8527414778389,569.8966107723476,574.9387852049693,0.6944823038692463,587.701931,420486992157213.6,427961401558316.75
6,434.8613976360887,434.91888341852035,387.3303112730368,0.6837012805055344,387.03319,242184121955640.72,192501021147546.9
8,428.4676542272335,428.5259977165774,375.52225727485137,0.414389216502031,375.366038,143152520586721.72,110217920234936.14
15,277.9499069367894,278.03983665325705,267.46607588435523,0.2579227430622406,267.135436,37941553151273.65,35156985923587.234
18,243.24634392942247,243.3490986936892,236.71373023108933,0.19139848002496818,236.727975,21669709443658.043,20531061458538.152
16,607.2034057602002,607.2445767290033,573.2050435306263,0.44060216729024915,572.765998,303730714335949.3,270923259515849.3
7,572.0230459387444,572.0667488021296,510.3320169284447,0.22485587145870858,510.015244,138488673551477.1,110452099219290.53
5,349.13159345362703,349.2031923500539,280.59418159299406,0.6661724240659241,280.420631,152710382366568.38,99022650024681.62
11,878.9024707046705,878.9309148111552,876.4189425040367,0.35809420676217163,876.082677,514867428513297.06,511984492744926.5
11,417.4635889862445,417.5234701538059,385.720332741659,0.5428967706996067,385.389971,177692641506347.75,151909990887435.8
11,234.32920854640713,234.4358717815718,222.27647443749737,0.10473652043178294,222.315798,11068138692868.162,9967866594245.168
13,320.1918854650763,320.2699541288264,304.7940834296379,0.39664257861873814,298.660924,76947157348195.28,69784959106412.805
11,503.7457374449639,503.79536321205904,455.36252955096063,0.5513989881605686,455.281355,261931777808134.2,214383005931276.66
8,522.6474012220682,522.6952324291676,486.0925150614455,0.2317043872392513,485.759735,119293034198930.39,103322945317769.17
5,243.6787676737451,243.78134016982318,204.4700408200891,0.19318367639490916,204.453664,21947226435911.69,15498866105242.074
7,274.0449489515699,274.1361596832285,236.84538786157552,0.340834772942868,236.907531,48632539243178.67,36418598007985.56
6,565.6245146237802,565.6687118299783,487.72006813458063,0.37108933182594545,487.331608,222542190779466.47,165883039326749.5
6,881.1780734957475,881.2064441489729,747.6846572693529,0.29465106879626296,746.913744,426528574131984.6,307942552721856.7
6,449.0592761892197,449.11494467628876,392.2400145723618,0.5251462506886592,391.897642,198686440145441.1,151952201710202.88
5,349.5760594311752,349.64756731232745,288.05839517579324,0.23471694519063663,287.830591,54441914939869.48,37092380429697.3
5,473.2904264531103,473.34324519545754,420.88905959310284,0.15454858651494527,377.697238,65600662459713.42,51985646929287.97
5,374.40778216177034,374.47454832511073,316.0727701529636,0.44588789932653927,300.807078,117822205465537.73,84221260267136.1
6,353.0768818490468,353.1476808592204,295.72766034833273,0.28575059030151917,295.579145,67484547688434.164,47489963055564.53
6,108.70085825254212,108.93060444539567,93.44257753667671,0.13039087769668892,93.385652,2998841377141.151,2221829736898.0327
10,292.0885300398748,292.174107991887,282.3688628931375,0.37457516394818546,282.20329,60598412519218.664,56666201850031.26
20,325.79175439683485,325.8684814967038,309.35223647924335,0.42866670137943863,309.150472,86008226376168.06,77618519025291.2
7,299.5163313328907,299.59978760859286,314.71644675970595,0.21569892839639113,314.339036,36854696144419.81,40655032407730.57
5,449.08065929126104,449.13632512798796,379.48354787172275,0.08054405220606041,379.184136,30984882869069.492,22189711795772.883
7,818.5477017591427,818.5782430868625,703.1041155637217,0.29559334847230967,702.580446,369683448827557.06,273451692643245.25
10,313.42204909866126,313.5018036011972,296.4537358743767,0.3076232079431474,296.393954,57330385202344.08,51340970491543.125
5,427.1562620841901,427.2147846666092,346.2911876028516,0.32935434553563714,345.915108,113318541390245.31,74753318987619.02
6,181.61785702239732,181.75545656020333,175.32250605122286,0.07599049442708408,175.224348,4858650169188.089,4530383045423.4795
5,372.69091360962375,372.7579872882351,303.58899039189464,0.272619979994311,303.492425,71696920662367.06,47746312214418.99
5,303.2242742120951,303.3067102314946,253.5663087563081,0.09917883648224268,253.349804,17481201274781.584,12261415023332.66
22,524.7056618805215,524.7533054774177,499.0570845062625,0.5500003999989921,498.621741,283279929683139.3,256470656194258.56
5,202.0019352948995,202.12565859604456,182.3577412741995,0.3704631100146384,182.173406,28853200910938.434,23555895762187.035
7,162.17189559721896,162.32597981098186,149.53742641406203,0.2058981192489529,149.068872,10426811532018.533,8877773867774.266
8,498.5640061791208,498.61414767069573,468.58386800446567,0.2867873383268912,437.891903,134216624790845.84,118690963007897.88
6,264.12469653292976,264.21933184120394,220.66883210996215,0.17083752860676377,220.58712,22794593488299.39,15959780168127.271
5,353.6501544270353,353.7208386938292,287.60925176686624,0.5112187017379386,287.470556,120497601365743.88,79989895634918.28
10,512.6410865103712,512.6898512536931,471.8858065237983,0.31980957901282203,519.947676,158011752016616.88,134082981217527.77
10,413.42633539645146,413.4868012395791,371.1064417364519,0.5912285477102187,370.930526,189676206588728.66,153124778285083.78
5,1020.2760611559411,1020.3005640338937,833.9761378538797,0.42569895314845596,834.186466,821988709528031.5,550801675563365.06
6,189.6653939185913,189.7971592260917,164.583871594212,0.20280699357733284,164.519292,14012074286637.938,10576738867587.062
5,456.6491206804202,456.7038640281041,392.134521727232,0.3782538179016772,391.976941,148376101349307.84,109709424598789.94
6,235.17011731499343,235.27639932204798,197.69941555473974,0.17778643729997984,197.46458,18836939548664.633,13351537464605.303
18,284.27630812462786,284.36423713429286,268.52347514675074,0.2620447064931436,268.477347,40301175201916.43,35994345841845.61
6,551.3523943083262,551.3977354954625,503.84159705745265,0.23757334010073583,503.384123,135959852413633.81,113719765961885.89
6,608.3993778826278,608.4404679243225,530.2658379376105,0.5992588437890175,529.750056,413637103737743.94,314953536472789.94
6,583.1520918478204,583.1949607348205,494.14142083615496,0.4355470048311377,493.675297,277139117138075.94,199527029915138.47
5,608.5826869723367,608.6237646382773,493.00196859013334,0.23061429061467445,492.457088,160558903469313.34,105758966460318.58
8,457.07690491083684,457.1315970296411,415.5570185773722,0.35109023144542056,415.204176,138067697340782.62,114316717898007.81
6,416.6998410492713,416.75983195419394,363.1429112910741,0.3379236895765328,362.748199,110667931630978.25,84254696300244.83
11,356.8881844515128,356.95822752963267,334.4710990972764,0.43186316628975163,334.170503,103804695330473.25,91279143453634.89
5,365.86301654389274,365.93134174951007,294.29713459018507,0.2408870450777959,294.04133,61137771955733.23,39710299315450.734
5,305.14852342314447,305.23043974565405,252.41474576028273,0.23664649956304165,325.493964,41921073761336.62,28779102645544.38
5,336.3127169900905,336.38704435405464,296.19692659232555,0.2752051802808495,296.027402,59038706960793.875,45896504612935.35
5,529.5083954759812,529.5556069758379,441.9956561431697,0.2541059737852621,441.486429,134142750749671.58,93767895348850.78
13,244.01771054040063,244.12014062215093,225.24099504770382,0.3798251250265937,225.17095,43016703328949.05,36702718858176.84
8,855.4884278516237,855.5176504246085,753.9539051238531,0.47175691162314737,753.433105,641517844478426.2,499265215231341.6
10,298.1283619187389,298.21220662533347,273.208119006085,0.3039452099213996,272.953195,51302191570720.766,43150055881157.55
5,184.24269661800318,184.37833727711495,157.70442443000667,0.2397422632560055,157.595024,15615915215234.182,11471530040798.234
6,298.9368342383181,299.02045225105866,256.4042773174643,0.2999998882418696,256.267022,50914693269335.9,37558045090777.164
8,214.3217271098881,214.43834244687991,195.01060288737364,0.23438818222514582,194.873538,20610076940090.13,17090713880275.373
6,234.70024600567857,234.80674069354578,200.3936021152592,0.18525945307005534,200.225519,19544214029206.15,14286297712006.127
5,251.40542896741655,251.50485027985192,213.00522180427686,0.13441286026609559,212.905458,16295759556710.188,11730763091472.895
5,298.4393091316904,298.5230665040822,257.1856484339361,0.19916631313547983,256.926662,33811313892281.42,25174683153319.836
6,218.45818590967454,218.57259432725303,186.11686805496828,0.42897374330400834,186.233647,38972382315655.15,28366427796132.867
5,280.4093429235887,280.49848412930646,228.74931501845506,0.3291262337711244,228.813089,49163767176288.77,32834357041443.812
8,242.82693038249843,242.92986255087445,217.0754146615797,0.2582748312715114,217.030824,29066041889556.39,23273157319724.285
12,358.52871842769315,358.59844106940017,337.63631200795805,0.33997948037551773,337.304689,82641136397760.34,73368113404477.66
19,242.89019062408775,242.99309599535064,234.75185265454195,0.23677762182093942,234.419707,26680578555848.266,24937289801775.395
8,432.3485730665805,432.4063929137823,419.31379330355327,0.3717673476330026,419.169205,130870479973419.06,123165167364526.23
6,284.4727997681222,284.5606680620393,239.32321412812107,0.16737494542049702,239.118878,25877501435820.266,18369641807227.95
9,265.1450787993006,265.2393500434793,264.1173471524648,0.3064881542060398,264.072501,40999251693865.26,40684799848238.445
6,303.9150964489813,303.9973451357653,264.3432944287061,0.23259370205079072,333.539088,40879802447711.65,31002737460262.52
10,397.9028423280717,397.9656667763669,354.0029663939134,0.3038342738219651,353.599681,90889916620330.73,72089945331321.75
5,340.2274714074916,340.30094372530834,274.8193629601307,0.2589502067566738,274.751447,56871231763154.81,37245542858076.14
6,226.69418872225725,226.80444263823932,197.28887492888285,0.2284004103301601,197.084203,22452535877520.14,17045896359997.564
6,154.27083089112884,154.43279853657793,132.21280039155735,0.15060092200534209,132.089961,6926073374209.919,5100716468986.623
11,365.56292390747063,365.63130519114355,331.68986652613916,0.2574947088461621,331.454599,65208386098685.305,53775649602325.3
6,400.20351199452926,400.26597533734406,340.9114131406032,0.3094260434741909,340.637235,93611340280170.05,68121216361264.65
9,350.41726846923814,350.4886047240939,323.8708502157963,0.3080668953512142,323.583489,71625078398886.36,61268838869640.58
7,245.68022907336626,245.78196629846894,220.83795156494034,0.16276127059909226,220.66244,18820973272468.434,15234642763270.004
6,485.4600121553664,485.51150697165616,422.5612541784322,0.30341870388489234,422.203579,134629999835380.47,102255548663404.31
6,191.45142882848504,191.58196574956756,167.50398391490336,0.2687829987770632,167.301913,18873794237797.996,14480175365796.945
8,526.7263749458169,526.7738357811265,460.0558045262973,0.5306568416411265,459.620979,275488975868922.84,210623722513084.78
8,312.8672890836019,312.9471849666044,281.0241169751053,0.2365609598062513,280.743881,44033623793367.836,35593244761387.375
6,317.3634213275142,317.4421855971655,272.20467986275844,0.4495353339181468,272.085537,85592658179665.12,63137905528714.35
9,335.50953411641467,335.5840393746604,324.044510529661,0.4442535025011166,323.904344,94452942304629.03,88162488489317.31
15,383.00626638660805,383.0715339090199,353.6779516942235,0.37774861236591945,353.276295,104566503002259.8,89292064267518.17
7,255.9707105564782,256.06835935505256,225.0166964179033,0.24619668536389672,224.854061,30772060176851.797,23832726137530.355
5,324.15627647738495,324.2333905995538,276.0674509427055,0.18968092407808412,276.090295,37951064819431.32,27603229480134.79
8,313.24816219617213,313.3279609598852,279.509950320866,0.2109839821427167,279.627889,39407021072671.7,31438124046037.066
6,475.3646409866562,475.41722928431244,429.1378934796132,0.18535140152360752,420.066632,79233570665066.83,64689123293006.18
8,254.56214573994353,254.66033464936044,233.66970630947074,0.23992956061159723,233.497071,29669051365710.055,25035955736477.84
13,377.3799639774634,377.4462043942574,345.0462085099121,0.536650786099234,344.969495,143809031987610.12,120412896297861.58
6,348.8365193692162,348.9081788173352,315.8822344033743,0.374364868425201,315.485338,86114096088252.0,70736360592833.3
5,393.7983944183817,393.8618735629222,369.1541882952457,0.08236126041886935,368.905321,24414153405193.97,21478015126938.723
5,435.1171807824186,435.17463277636017,375.5913707135625,0.24566084670403304,375.334599,87902968607046.58,65667574522995.734
6,365.7896033044084,365.85794222019626,323.5385187297293,0.15032527692935835,323.408356,38295830083932.82,30024178601633.22
12,389.79730292935466,389.861433551716,363.69695057532175,0.2970820733100256,363.352918,85334533370818.62,74380527396570.25
13,544.0831837055598,544.1291306217468,512.1252303621183,0.3487462318784156,493.618931,193739800553669.8,171833242897232.66
5,679.5517845712475,679.5885725304445,594.8543841296201,0.23653482384265698,594.835527,204885177702797.62,157363313534767.5
5,869.9213329083383,869.9500706644145,725.7301601112242,0.12408877534430866,725.564266,176374737859442.84,123146422126124.67
9,172.48299982428645,172.62788079677279,174.92456104745327,0.225850057125071,174.970191,12913913668473.807,13278952748598.29
5,468.63457878548263,468.6879222184488,409.94716670321617,0.28385558332338323,409.869194,117513586119531.48,90138524904271.97
38,504.7505378096502,504.80006479707504,485.4479565716493,0.6301514562723469,485.127408,300202102829217.5,277856297457443.84
6,325.2557956570032,325.3326491584732,286.01550659683744,0.3186788467528961,285.922911,63898747488439.18,49522453217919.77
5,150.3012038730559,150.4674446041067,122.93669929341856,0.12444863483591817,122.801848,5444071554205.101,3654719812427.6504
12,320.3818686345614,320.45989101566727,293.0077228260733,0.20846558928929107,293.224792,40718493234129.195,34110872927630.08
14,419.01255177084437,419.0722116073965,401.00373356710327,0.234865952321672,400.79783,78017748604371.7,71510880791560.52
11,445.948327636152,446.0043844195713,426.2646875429398,0.3193855329596581,426.08669,119710952669333.95,109464461850463.36
5,507.40997956762925,507.4592469990294,411.2646618433436,0.3684613558277417,410.860624,178161837435540.94,117478362268279.22
5,604.6804964188002,604.7218391535787,540.8259020471378,0.4392943577613573,540.384667,300345449305180.56,240696625217771.66
8,187.74142635779904,187.87454103965467,165.50355153243137,0.20006286832779,165.477658,13547362774764.809,10550782424866.633
5,277.17060480979876,277.2607872935328,235.45062936120465,0.34540487149201604,235.208996,50399367081454.74,36473035288094.77
5,309.12869906969735,309.2095609591067,265.4387061474529,0.3267796769259405,265.185992,59226371673640.43,43785096377716.78
5,352.9338202428536,353.0046479456253,292.52109472113057,0.24069847873920902,292.397835,56884847217820.04,39206166838939.63
6,250.72361777947197,250.82330934828755,209.36819410186033,0.16221416010761058,209.269965,19529574268743.086,13659903383846.486
5,469.1561806327074,469.20946476586505,380.6479354656645,0.5128766842135859,380.296346,211691012731734.66,139863554873383.72
13,292.18232601320756,292.2678765011446,269.41873320362475,0.324392404202984,269.364204,52579688565027.02,44769643797683.35
8,264.46933691226803,264.56384894163966,234.24605789378134,0.2252405090445638,236.403563,30059368154948.996,23631171680030.844
5,406.61180020408796,406.6732792613859,336.4225089156867,0.376204555757614,336.21897,117250510800551.02,80536051013237.28
17,326.60139434439316,326.67793128355305,329.91818493663226,0.3035094117806669,329.534002,61383539196599.164,62625502102815.75
13,337.26584755264815,337.33996490989045,335.5507888689894,0.31169397312357994,331.583974,67169146680534.734,66493711866545.92
9,605.6182216506272,605.6595003756387,537.0284243304237,0.4481707875413062,536.719547,307307735775743.9,242112216169947.25
10,518.4554155834642,518.5036334952944,473.94598816974496,0.2760585195282316,449.486125,139660716035811.64,116896474261868.0
5,512.9690689034735,513.0178024705348,422.21870504460657,0.5637254005557587,422.104949,277551642663456.7,188636231979365.06
10,377.9649819951727,378.0311199023319,346.52942667189586,0.37941822101117184,346.406833,102302141204913.19,86125779694959.16
6,502.8476478639843,502.89736225430886,438.3021451799355,0.20255600869035673,438.018893,96716482353270.47,73660276468840.56
14,340.0756220706938,340.1491271880164,358.9168669842997,0.25663718300167365,358.86819,56317819153984.28,62671635554588.15
5,168.3940125511017,168.54240850023652,139.3092988024209,0.20350472507596362,139.315356,11105515254684.887,7625348040957.255
10,429.9708450836378,430.0289846300336,414.3771638956604,0.47017269834310227,414.187311,163371746615778.2,151836064342780.12
7,342.4068064098108,342.47981119442017,300.96025496171114,0.30112436450033625,300.753822,66887286175329.67,51791881563935.18
7,679.6973963213642,679.7341763998936,587.3916090172336,0.5088069555819775,587.184244,438123625071491.0,328021483391929.5
5,303.47719396052435,303.5595612958909,260.54942355912124,0.17469986166625598,246.255715,30693625108492.836,22684108938422.016
5,166.4792940047239,166.6293951627722,138.91237943539798,0.206613510987063,138.563528,11020944955264.424,7697147654655.69
5,240.27490315919647,240.37892812840573,199.95418137400569,0.2025691347793286,199.745349,22371316770839.176,15541545559640.266
5,211.17996353337224,211.29831281379515,171.58280068573407,0.253951197405435,171.733543,21670924287832.97,14356587664470.482
5,799.9186673104264,799.9499198772937,660.4555854818377,0.5710878555279727,659.902347,678677381098824.1,464074028011696.8
7,300.09677388756614,300.1800687882608,258.385679280998,0.15277004368782957,258.198437,26281645934014.793,19533847507859.12
5,246.68747824617338,246.78880023910378,200.25375697840363,0.16546339575659047,199.973533,19286618871660.58,12754232963449.39
11,455.6915143967632,455.7463727702234,422.5604933040546,0.37944872408137015,422.593483,148222584524340.03,127623504417332.16
8,493.48156064446954,493.5322184985508,432.1248368416439,0.518492500892061,431.796396,236562113990024.94,181797173750460.78
8,612.8512383130603,612.8920298893203,558.9348523403453,0.3687432406410367,558.974104,259280446824420.97,215988102500031.12
6,176.11145118159598,176.25334957749786,148.05811360009233,0.21374727432156196,147.912002,12742953950626.193,9033409203770.516
6,337.84839893256367,337.92238851738824,295.23780145876196,0.49595782701947927,295.074955,106803084023146.34,81757243786534.19
6,672.1186171061863,672.1558118924007,579.6108511368476,0.4221171820052994,579.248645,356051294991966.9,265435097193974.78
8,260.43313302082885,260.5291092662099,231.8423704233294,0.3380897989203461,231.958923,43609661897827.29,34630604424981.26
6,347.37491019645734,347.4468710954191,335.0964223564417,0.5065785846042978,334.905338,115250203643062.48,107315641944102.72
7,304.8894627013355,304.97144860840507,270.2872883177331,0.4022545380265362,270.108118,70807478625029.84,55765469894840.26
5,142.12260592768132,142.29840166240447,127.75027656364729,0.27187249203124497,127.647951,10572734384650.434,8558121437928.991
15,381.72172592038237,381.787213038409,355.1002129566661,0.3339306679621327,355.052071,91924397526229.03,79652121060396.92
6,192.2296068051746,192.35961564858675,182.91620121237213,0.1595164948369477,182.760879,11341694627548.352,10278077494997.297
14,563.4243054648814,563.4686752505271,526.869914528072,0.4679372319919882,509.746318,277937829334839.22,243307527967438.75
6,196.80807647360712,196.9350628132055,164.76981927498738,0.25712336714063205,164.617244,19077774610988.08,13412260520148.258
5,222.95409347061252,223.06619599415467,193.10911653839796,0.17055210916792454,193.024486,16262230227727.072,12229562565202.566
5,403.56678830638697,403.6287311675572,336.99226350928853,0.5111269069804459,336.837832,156519170707159.53,109488108931107.5
21,538.1989569400515,538.245406159086,511.2570059353931,0.5082595911374778,510.888638,275481040243231.2,248797563175564.56
8,264.15341688569026,264.2480419083276,281.7739569406018,0.7095763846784336,281.51768,93524425678846.0,106295473869975.95
6,625.6448844933668,625.6848419873367,534.9426528392083,0.4837018492658585,534.84663,353547349693041.4,259137178472431.5
6,324.88544809567196,324.962389184234,275.507313141285,0.2520315357133475,275.215112,50525207185114.516,36439167517815.61
5,288.372567982626,288.45924836082867,242.51131655125639,0.2663646742874369,242.587182,42138053571183.43,29891286320758.93
9,196.92654746456537,197.05345745841083,182.439041166472,0.1895325008664347,182.499304,14115888914592.24,12131038103456.729
12,289.80947505942714,289.8957257950188,284.86186828959694,0.19885838675520712,284.54526,31851642907065.44,30782584122612.13
19,374.2639208175143,374.3307126401715,356.64085388940777,0.28520412683082913,356.341904,75605295269811.16,68711146959648.18
5,203.32558997361514,203.44850832119332,163.78055512917717,0.3806402344647159,163.738421,30025191307269.203,19554564519890.055
7,170.3455707954977,170.49226812276245,148.50277330496752,0.18595548556831148,148.457036,10390388660990.582,7915178581799.787
5,167.63460257615847,167.78367018535087,145.97877327166907,0.1254060980659829,145.838797,6810857030879.269,5177236424497.432
7,344.2922823829333,344.3648874499976,294.9043312381101,0.39381702763730897,294.846844,88224653231241.17,64906105553586.586
6,423.69554943168015,423.75454995576547,383.9546624425174,0.330395985579906,383.912404,111855503318229.72,92017710875723.77
14,547.9615745924941,548.0071963303817,510.2068208058376,0.4335779054806584,494.584035,243848796022571.75,211648384271421.1
5,454.01219081475244,454.0672520766182,368.2364937628352,0.3770403860030882,329.488474,146216101321927.06,96545259327301.47
8,258.6099761425515,258.7066287524366,230.50913215817434,0.19745173071165847,230.450393,25234642387250.63,20088412066631.703
6,425.4666000014283,425.52535496345615,363.66652946285694,0.2304636706156601,363.369321,78923828152215.69,57820659018657.91
6,268.4158071309647,268.50893005218137,225.47917408842613,0.2367371484350476,225.211699,32521135918837.523,23018280998508.36
5,528.9767370040113,529.0239959504776,464.0261123532498,0.41794327689682953,463.801117,219240561452224.8,169086959526495.25
5,274.4318723951237,274.52295457082175,229.2390505052087,0.2691653763563613,229.114647,38593604998802.914,27013697081906.207
7,394.6644006767952,394.72774055236346,350.1642333826094,0.22219853467728223,349.982879,65582192549116.36,51735239808945.75
5,273.10429875020014,273.19582353293504,229.73799494998747,0.5218404708202673,229.500602,73677511443831.66,52295426044076.16
7,478.817177414214,478.86938656267733,420.7545073555416,0.35830940459734145,420.400084,154474454374430.97,119555731387367.81
6,513.2664596868642,513.3151650199782,436.9849519878042,0.22844645924734547,436.691101,113482417499845.47,82493558027966.48
25,550.0937061060497,550.139151031345,532.2738436576674,0.5346579854809518,614.177208,302508389077481.8,283378160164399.0
5,359.3527973832537,359.4223601658219,322.0268730138537,0.24715117943474063,321.829008,60520563043164.14,48694673291290.63
16,319.10017778374856,319.1785134710981,298.6498127477755,0.3503851356897933,355.951744,67588448448973.56,59271872460887.445
5,462.7885844613048,462.84260165600386,376.1659327955843,0.6049996915754817,375.744688,242711454587932.53,160921585519473.25
5,320.0683316487228,320.1464304414416,263.2690373078818,0.36011626385688167,262.930739,69867152034041.51,47432688769744.21
7,309.3310844458041,309.41189344370264,290.4219539512733,0.4417910684519508,290.367735,79962814391787.39,70563880057352.98
18,656.122341124676,656.1604426685029,617.7075090886694,0.4479098804245848,617.2749,360003530028087.25,319410678187202.56
5,405.5577508338719,405.61938965171396,333.43115433182516,0.2286661525782336,333.188611,71216143791084.19,48303629060846.95
5,646.5497367409663,646.5884023703278,550.7990888383587,0.19026074207610935,550.582011,149601696469129.5,108881889061579.52
7,394.12449652328183,394.18792315306973,336.4435849916219,0.23400771111001253,336.532062,68849137447677.33,50311086600866.76
5,328.5815431927354,328.65761900025905,273.6799278344026,0.3338795826639944,273.404154,68282517364050.65,47523003844714.766
12,269.3508334885127,269.4436332537039,243.99995461260613,0.260137472960588,243.990325,35953263497456.55,29554885588290.38
6,381.6146644939307,381.68016998111824,325.495593824955,0.16574722341912998,325.371522,45883796765299.375,33474106643161.28
11,203.86186224819429,203.98445744541849,186.64145377237776,0.18156137657953766,186.495769,14488223279878.018,12162105645515.63
6,324.9221144526238,324.99904686070073,276.49007699227286,0.36490683771907795,276.176071,72932293688523.92,52960586998076.71
8,388.0461219619357,388.1105419461026,350.6952118665814,0.3070271746611625,337.051976,87381967056852.36,71497758770071.25
7,203.97525230359219,204.09777939094312,181.1315072343977,0.15556070542533562,180.931447,12443367110999.447,9832329064899.477
6,227.4972389022099,227.60710381736587,190.27419824398876,0.322263605536363,190.142831,31807649666948.29,22319338246560.914
6,521.1914930545407,521.2394578621436,435.94383483933893,0.21127005805217414,435.43372,108261722146054.12,75983667972941.25
9,339.1248452635014,339.1985564164355,307.70285841503244,0.302331889581773,307.482749,65883151676233.47,54332581016224.08
6,518.263278915285,518.3115147013643,476.2538095479513,0.33658033171748125,475.934612,169855617924555.6,143650340350176.25
7,228.6010948547093,228.71042951464148,202.34674270742002,0.3183944667205098,202.161726,31732134144288.73,24914487150717.598
10,331.11915618076205,331.1946490960563,338.07039153801765,0.14814735819511446,335.551781,30983492836925.617,32286357196119.137
9,282.2002536524304,282.288829324676,258.2659393874156,0.31370971984384444,258.064012,47476063268687.49,39826185660212.41
5,930.9783299900643,931.0051830742345,757.3464471873436,0.0698366336429048,643.761606,114129679251759.5,75805853764221.34
5,358.3343533351419,358.40411378793397,290.7628466892742,0.2597223132417655,290.809992,63214491222961.36,41774408085258.984
7,463.1816198210058,463.2355911844542,427.2863533241213,0.6730549178993286,427.120425,270235139607859.28,230274009989149.0
19,411.12707657167755,411.1878805246745,386.69735086768253,0.39184197542100985,386.445296,124781584481638.6,110513489243833.61
6,219.0431179374669,219.15722099845817,193.15813876050277,0.304197040987599,193.10185,27866604446475.0,21716746939544.37
5,261.83745741449997,261.9329190943553,222.66591662860029,0.1355368460302972,222.439469,17810499348683.707,12915448915539.86
10,553.8894961423231,553.9346296602123,503.50709471261155,0.3092174386463354,502.996241,178161952188314.47,147473582975956.16
6,375.49815312167203,375.56472544394614,313.98777988057896,0.20982751508782332,311.002159,56139110186753.72,39376576238466.99
6,609.9911646513654,610.0321474748106,534.7013952323855,0.3723639521273705,534.486626,259387366322425.88,199733444328252.25
7,457.9782933368152,458.0328778239636,413.1188913275364,0.3187104056498234,721.145089,125932411946480.95,102658798958617.28
5,277.8312502911624,277.92121840253674,238.5400949517617,0.3614077205519542,238.482923,52962824739454.79,39146478786900.86
14,354.6537036099607,354.7241879041544,340.6207919431972,0.31090779419315756,340.266312,74022324284244.05,68328931740954.695
5,394.5061832670114,394.5695485410713,327.15427643067005,0.18398636659346168,326.810721,54350720337578.305,37499731512328.34
5,205.49868840958118,205.62030769857859,178.95168191782844,0.28572284910842943,178.905894,23075298366994.523,17539953628005.771
10,642.0015701377125,642.040509671538,594.0035058243726,0.29992990567576683,564.800781,231647302637381.94,198555068037734.75
5,346.4821473735799,346.5542936519574,276.83616814917445,0.3024615204227685,276.705726,68776081008662.086,44079114423700.125
25,349.7993372912257,349.87079953803044,337.1149689316279,0.3618853033530354,336.715401,83724745034823.58,77813761257056.34
5,222.5928978013876,222.70518213912086,182.2463360214383,0.19252269465704525,182.088336,18279460306721.934,12294977643627.867
5,281.4723145030526,281.56111917611304,230.2020545141222,0.26431574477838565,230.225032,39856390435479.38,26752591040591.113
11,606.1127155236758,606.1539605739489,554.6887514705818,0.36148474175875944,554.559346,248702477513181.03,208590982964187.62
9,409.9176597330113,409.9786430547192,395.72816435941326,0.27820582782896186,395.697577,88347638385340.12,82388716896899.3
9,533.9117777641609,533.9585999263302,471.4194633008504,0.48711340498564676,471.241993,259953367556066.44,203070549995582.1
6,577.0584287031771,577.101750246332,505.64473325147776,0.28984447537136776,466.255987,181235316821785.38,139479798263720.44
6,335.9298518466202,336.0042639040347,283.68181101825263,0.36807797231755457,283.282816,78582972210759.9,56206388058034.555
5,233.15238960471677,233.25959096763768,190.0567977226306,0.22240663260374446,190.004452,23120874454713.37,15417155413062.527
24,453.6054895068432,453.6606001304751,440.55235049969855,0.4253361875435035,464.775358,164476660536044.22,155227093254809.38
6,339.148110364605,339.2218164621525,304.4129830664993,0.24060688561031274,304.208724,52544693617580.99,42413037965851.664
5,299.16238442026133,299.24593940773235,241.30254335717433,0.2228519198637218,241.088461,37976871421285.53,24799996605311.062
7,165.5394838979749,165.69043644461766,143.57965433740137,0.19843898715683433,143.47134,10470380957949.014,7895955370642.082
5,368.801651913618,368.86943280002674,302.6445591509683,0.26421384022544947,302.430499,68074796870689.96,46001756833751.266
5,409.9855022566631,410.0464754886308,333.66458048259364,0.22320019452086487,300.687834,71041511407395.33,47224473356431.195
14,315.7189263514352,315.79810078039253,295.2797005917571,0.34596241802121325,295.011274,65348070842977.42,57228142368928.86
5,242.18415850992642,242.28736375048777,198.62996798141324,0.13606973178964468,198.527333,15316758967718.553,10337873664350.205
5,282.9833836711894,283.071714295151,234.16979634482084,0.3211513562978509,234.199402,48859964505285.33,33568599695832.58
13,362.669827296079,362.73875396897944,336.0992554679427,0.2319344349523148,414.425473,57870689021965.82,49768100946321.39
8,346.5191040128361,346.59124259833624,311.59271615110896,0.4406997539319785,311.440741,99897226259308.22,80927237912859.72
7,957.5830996185014,957.6092066573799,845.0544220507844,0.3545874398736268,844.258561,604425746096568.5,471660078135497.44
8,350.49213858098057,350.56345960049697,315.8076808865774,0.2906236012546724,315.564384,67632839750831.46,55010032802596.664
6,449.8474134422411,449.9029844096109,409.7062915457245,0.1922126513385306,412.089574,73630038865067.89,61176403958070.37
12,215.1741169719185,215.2902705991259,198.73397537437563,0.20756538409491868,198.747532,18414777424242.25,15729489089869.643
7,489.70668963265666,489.75773793884576,456.54530224971137,0.32464421908936075,456.24675,146468874216787.97,127461824690757.56
5,547.4595410864823,547.5052046571082,456.8448885009451,0.4926150536986957,456.49148,276262607397356.6,192947819288925.38
7,316.3378205943515,316.4168401624416,276.28400732745524,0.3130318056335176,276.075924,59410090738415.12,45425683932189.016
5,323.73555184010235,323.81276615540594,274.5328048068531,0.40647898640938557,274.423636,80577368705115.94,58114032537486.07
5,673.3491828974538,673.386309712834,551.4903728289222,0.2740770868120255,550.965516,232846861175782.44,156729712715296.2
8,230.36092672829326,230.46942652577175,202.2104865487888,0.38041454778266554,202.063533,38434185411816.26,29682129111808.703
12,305.0997191538165,305.1816485762827,302.23230946879215,0.38653076151935994,302.052195,68156632213587.31,66892654997751.516
15,599.2760068252134,599.3177223780165,589.1281469464518,0.48015757700364864,588.714605,322253420463759.7,311520780220133.7
5,116.85381573133726,117.06756276173739,117.85493225718004,0.24284064446069037,117.780011,6411991318710.812,6521360546207.174
10,214.90058414767,215.01688553927525,197.8201209710953,0.22240105099547122,197.503518,19669758070832.723,16690661665214.154
5,226.680925729292,226.79118609304197,190.12202208431341,0.3685478104346087,189.734431,36075267439776.56,25454902529249.09
5,275.4721651888881,275.56290351542975,242.73478236219827,0.1618000674604651,242.55269,23477561952056.625,18268537041870.727
10,292.5680932029386,292.65353092078584,262.1946508718429,0.37884660859012115,262.108137,61482962703849.82,49474852618516.84
6,219.6721784182553,219.78595489935608,182.35645137357835,0.16888930834561314,182.236009,15638289498130.828,10810766087987.525
6,368.90124627198315,368.9690088625634,311.4405753309453,0.43422900052888086,311.082867,111446941586073.58,79672307859399.94
6,423.70774177520997,423.76674060177027,361.03754565143794,0.5269182713668719,360.688937,177660848826457.06,129358637938590.64
5,588.3709950080541,588.4134836717864,482.0333703923531,0.22823681278530655,481.606433,148626768853306.9,100112374877178.7
5,460.8503944880116,460.9046388351455,374.2187976255068,0.5379222681480296,374.284115,214216056320490.06,141763045821374.4
5,388.1530802231342,388.21748245887494,384.2842576447934,0.25392606582436933,383.943738,72430141363217.06,71005996084622.25
10,566.4259132339007,566.4700479132664,529.5932839239191,0.27447957961467784,529.133628,165496039369970.38,144845109622584.66
22,404.1833548696077,404.24520325373214,393.35645364758494,0.3718607271774401,385.970206,114540553496879.0,108538854101881.28
7,426.3011529182899,426.3597928738863,362.03063745880013,0.25028478684064753,361.602389,85982231290858.48,62189712122469.26
6,294.29784873206626,294.38278442925656,264.1553772345383,0.2792688408208899,263.911631,45978176167872.71,37112355303941.0
6,261.2502736197354,261.34594977995476,221.6791465554622,0.4694681211526289,221.509616,60757900333862.664,43872351489884.51
5,155.73121378526898,155.89166413581307,124.83511743419265,0.21010218738016498,124.771099,9816495304693.416,6331953666446.517
7,250.9685788212948,251.06817312351734,218.7782135461899,0.3003304102975757,218.565859,36035290764891.734,27449500384808.13
5,415.83704610112545,415.8971614595482,356.86592317056727,0.2373463661812713,356.779428,77654430509313.9,57345376912909.875
5,545.9349747491498,545.9807658282065,438.55856083379103,0.2297646128588089,438.356679,128980414395107.22,83558568582146.89
6,458.4932106702573,458.5477338628127,400.6233867061434,0.53828022957793,400.426575,212187854727444.94,162385065683106.03
6,232.3358362602367,232.44341421245628,198.10462698486006,0.1706427112659111,198.01463,17656616263302.816,12871648702398.166
5,397.7579402104899,397.8207875419429,381.73866791364287,0.17174369394655106,381.501526,51597713650913.62,47559609186427.57
6,450.24589670639983,450.30141849759934,377.02096075246186,0.1956491994755376,376.726135,75066415919812.17,52799820815081.55
8,295.9793958710728,296.0638491613004,266.13825555591154,0.46928068569122744,266.154015,77783330829567.56,63007236878754.04
8,351.2689156745161,351.3400790105653,314.5127253392064,0.3834769825309426,314.449048,89414389664652.36,71821465898151.62
6,369.7617982084206,369.82940312301395,317.3594594642391,0.30978173842089024,317.021935,80115486670609.11,59175704776772.1
5,139.88960318736295,140.06820153024694,115.98351258415292,0.18856746925181095,115.978721,7128849379189.426,4916481199437.935
5,825.4760545913533,825.5063395902583,672.668762304632,0.39920253734268435,672.313833,506379348831084.9,337430273412454.2
5,256.5560400153865,256.65346611409046,218.2257131113722,0.22240705808305147,218.236267,27949346571781.742,20278378798620.527
7,314.2718904532181,314.35142934149275,270.15503585347767,0.25959348851326575,270.177358,48712231435923.195,36091421088505.55
5,352.76182579625095,352.8326880252232,284.9502782191296,0.17703762792485664,284.825029,41912091684245.664,27449268536898.39
9,274.2826728837661,274.3738045883081,258.61659943538285,0.4367538143709153,258.347954,62290335500646.41,55435188299063.24
5,339.6933774565281,339.7669652685841,278.6804295949941,0.24247957755610203,278.607366,53118956310559.766,35875270608149.49
5,336.9543171465063,337.02850301371893,279.0965050661903,0.34882243231116933,278.827793,74958362645597.1,51597087936110.28
6,366.83233255366116,366.900477250657,307.85546043430185,0.4174943120489996,307.897843,106001136657198.02,74889591461823.36
6,127.48832696933667,127.68427277249337,126.69358873070853,0.2244159456364749,244.128724,7047259123600.644,6960427981098.663
5,259.28536936610186,259.3817703064652,214.83091488215265,0.455520894788865,214.346791,58092513909717.734,40012019367818.79
8,277.509769628426,277.5998419293896,251.88718633296796,0.24729785759464304,252.095202,36277822847063.32,29938530118419.348
11,256.51643495892563,256.6138760940973,252.00852365498707,0.21764243176626058,251.974326,27347339406782.004,26402699157080.17
7,351.2498864526354,351.32105364322996,341.47453747066766,0.30204821505552815,328.912851,70569169282820.67,66729051730518.02
6,303.03649145019716,303.1189785388658,258.8164537033347,0.18076000155828376,258.548131,31657626594264.65,23155661459741.03
5,656.0524207566168,656.0905263609718,563.0019533443867,0.4711059596911774,562.330487,378404195022405.25,279388687862066.97
6,124.53756503779007,124.73814615241719,106.65562034197121,0.14961132070964334,106.551295,4500802416345.113,3309800229484.4854
8,475.20622986285997,475.2588356890099,430.90322948263565,0.49803583076452157,430.570767,210907756880935.44,173709351461305.8
5,473.9278471595465,473.9805948699614,387.4704345969933,0.44593189898638635,387.348441,188013239800082.56,126122140966241.45
6,344.01545294482304,344.0881164248945,300.09602454257754,0.2939375984190898,299.951193,65914415713498.83,50279054110468.27
7,389.83769057922984,389.9018145586749,376.33307440522276,0.22561917283413538,376.152489,64978268192293.336,60591884101144.734
5,341.99828019275606,342.0713721649371,316.77799339973717,0.1650431622435169,316.509619,36767012617627.75,31586555263326.15
13,333.5483369741154,333.62328021017663,319.4012697865532,0.2907483754132933,313.191148,61331252035467.0,56281839015780.55
6,376.3440700669503,376.4104927795685,333.10482352294986,0.13818161231857704,332.843673,37271862181744.54,29261514255199.027
7,472.0652650203796,472.1182208290221,416.8982252364312,0.2550377197287782,483.693366,107223133604706.06,83811841111586.61
7,381.748510202386,381.81399272648616,348.50903760452195,0.23450237673850677,336.072194,64764811575401.4,54063943565512.89
7,520.142481685324,520.190543218317,460.971501492986,0.42384922616140847,460.523832,215008452153504.75,169224916942527.9
7,335.19429911008115,335.26887442155817,307.8068692123572,0.27254085980135384,307.47839,58087282605928.445,49056249814961.81
11,322.72307026113566,322.8005267634703,294.7817488356108,0.5052413009498998,294.747262,99342901618035.86,83019082087727.5
5,342.42555823138673,342.4985590189787,279.9205598081777,0.3810293811368167,279.703751,84469751070856.88,56647512892218.15
9,279.2335287534655,279.3230452005571,251.48444468717466,0.29346612377891507,251.234197,43517050125980.08,35362461146855.766
5,312.39689329067494,312.47690944718676,258.5230251150226,0.2908628078971162,258.459952,53882399282630.33,37023119047884.29
5,382.0025923706074,382.0680313476442,319.19955191599036,0.9634893113531376,319.162766,263185544066441.44,184308046827883.9
7,451.4953544895438,451.55072264989104,385.14504594677544,0.13900257028771215,384.832771,53787517844056.27,39249478071867.734
6,424.25439603446546,424.3133188512577,356.95472847828154,0.543208390857539,356.688303,183572479136734.25,130349867630822.42
6,339.1573523366373,339.2310564261444,289.6708694461379,0.3302734908898065,289.50188,71929807218313.44,52616279520717.96
7,247.81901986166113,247.91987940702614,233.52011568718933,0.27767378673497595,233.41264,32515314329737.16,28901151956048.406
8,489.4263287343741,489.4774062798074,453.80876149710866,0.4853953903178063,453.495813,217982243418513.6,187648197572385.84
6,379.51122784086243,379.5770963286365,320.86684306556396,0.3008758991279914,320.656486,81953010311153.0,58755596723617.89
5,333.2660146074574,333.34102131651605,303.5684503217588,0.35584628739576113,303.254061,74804215324788.7,62168510686703.68
7,203.5377269216686,203.66051723502946,176.31941766580002,0.1592789702816304,176.168715,12684101959392.695,9542008060513.299
5,275.7845862539171,275.87522182183056,221.98458023881753,0.23202041585816036,221.807958,33637217728757.3,21875502321164.523
5,467.84355570937674,467.8969893243519,396.17670135406274,0.3040353257916954,395.98664,125370202208045.94,90169116558576.72
13,474.67063999605114,474.72330517287725,447.291679003166,0.2916249602454963,447.157609,123801990985656.98,110048653872529.77
6,207.2985922980033,207.41915622413904,175.90469838722137,0.21087328533812935,175.6783,17372476130602.215,12543803422518.533
6,174.0667472535669,174.21031111687142,149.34408707333176,0.10175080822752572,149.462619,5965272585875.734,4402717997677.475
15,290.0141447902203,290.1003346747516,269.5956919340115,0.352703849248609,269.237224,56289288165979.71,48704585588980.81
7,263.5903729207918,263.68519999522556,225.06053554117466,0.20932505786872146,224.725339,27769203322970.395,20299660514060.527
5,457.2740930630307,457.3287616000302,403.7834589278934,0.3656116262785108,403.593893,143849650687828.94,112411941932657.47
20,751.703322229337,751.7365792953157,719.4600332006756,0.7959796266387357,718.990919,834301006761560.8,764495321043334.6
8,415.96957333507254,416.02966954360636,430.2025037126227,0.36319207327781844,430.290618,118454158249843.6,126622977785503.34
5,134.80808646514194,134.99340789976816,108.7804628228333,0.2284844033462399,108.759245,8013541665392.533,5237383323739.531
5,447.26052761188953,447.3164199531086,361.4961566704152,0.3871276414772648,361.317015,145700597077899.56,95541433545035.12
5,609.5931239028563,609.6341334847017,517.4976192687374,0.5999019685395957,517.549144,415689840179352.56,300406816150429.75
6,241.32107365547523,241.42464785152177,205.1681612716574,0.16246488834474923,205.042864,18131716885622.34,13141950434700.287
6,376.33479332717997,376.40121767684445,317.05051737144754,0.3116439246234784,316.735068,83457389014802.1,59413466406309.516
7,296.9098117987562,296.9940005157896,285.7261271105113,0.22310786119681478,285.51209,37454663119461.82,34709507359173.215
5,222.21495076753058,222.3274259838764,186.47835785327953,0.1517498386068575,186.247278,14388648162306.059,10163172397485.844
13,415.39465251625967,415.45483188802143,391.56171440109205,0.30834984027059087,391.372152,100438610097257.7,89337990156443.95
5,332.44814399686453,332.52333519162227,273.1679221668945,0.15099942167277608,392.430807,31826501251886.055,21561332762814.188
5,281.1435632572033,281.2324717399417,253.13447381676656,0.4786925842573104,252.905778,71640929935396.05,58184730683381.06
13,510.69948415955616,510.74843428133653,468.9702741614917,0.3968455630832217,468.65756,194232191307909.4,164035533749454.2
6,228.52628854496896,228.6356589776372,193.07703801644405,0.3204631778609671,192.907141,31915785038192.24,22848672619872.363
8,245.53131200183887,245.63311090596957,219.46401084819158,0.23200169981076463,219.504766,26713750530393.598,21384048393340.67
16,230.70643413058903,230.81477151441547,224.58037441694435,0.20868881647710424,224.287886,21257547588786.195,20152969450126.207
6,169.32232188758294,169.46990496664077,153.03026921168814,0.20835494893910222,152.834653,11492496335563.592,9403605839076.363
9,421.06020445253597,421.11957419907634,381.7663399275219,0.5954947056721953,381.690755,198088219630863.1,163125017960905.16
5,271.89663902477133,271.98857018809963,250.80558389324588,0.16357860233383523,229.756873,23126506289007.207,19705216269913.527
5,262.4336816782632,262.52892655707103,215.74527746701943,0.15051777749813716,215.647099,19850887590784.996,13460531625969.283
5,399.031838344202,399.09448506882853,330.8510024663785,0.579945970464101,330.705083,173464745130657.3,119647624610184.23
6,332.72980687308245,332.8049344312652,285.29683846598243,0.13585414845673485,285.260868,28708686693251.742,21163049002226.027
5,270.5389045877928,270.63129696242237,241.9854419663728,0.12306770620102757,293.625761,17269235055600.193,13842386086997.06
8,479.57750151098367,479.6296278958563,419.60743724941744,0.4199527713125477,419.583409,181365007596420.56,139171623664495.67
9,310.6144836535413,310.69495885088975,281.0534875196331,0.3016250834255478,280.791425,55228249232393.86,45295799006733.586
8,467.5310460472236,467.58451537450543,443.6227590268223,0.31145236163776197,443.192697,128231260227861.94,115559795030150.84
8,301.1405084142752,301.2235146996465,268.1909656780675,0.39396243967665073,268.026554,67680049479715.95,53789200117031.195
7,622.3619334804615,622.4021017361191,576.50926149389,0.5319435990304303,575.917506,384461233184328.6,330328302020477.0
26,589.8130998373958,589.8554846229692,583.8730675578507,0.49421190950852895,583.228038,321301711323341.56,314916380675882.56
7,217.68508002349105,217.79989454734294,190.2166510609573,0.2062364176650099,189.8984,18723734792335.617,14329232593441.459
7,823.5583117212657,823.5886672394063,720.7083262328886,0.6861579281888944,719.933985,863258118583459.2,662059633376691.1
7,401.84954825047794,401.91175577371854,357.9770853922965,0.2843977007020138,358.068901,86807463422724.5,69028428761660.84
5,174.59262918340957,174.73576097975925,140.93795420508542,0.10934220856311727,140.856097,6444748724577.848,4215150172490.1196
5,476.6696846742079,476.7221290095613,401.2861235427,0.43116142131140933,400.890694,183931353145070.66,130753713559188.38
5,188.67569494150942,188.8081509407407,164.74448644524486,0.1429106513047171,164.612829,9801147921648.38,7489963248973.524
6,411.6282932480263,411.68902317438966,342.1332998729622,0.38081060442133136,341.897462,121592856883046.0,84278916436647.6
9,355.7085005787281,355.7787759043068,330.55806862489214,0.46106956954862,330.341425,110035750417586.14,95149871813644.23
5,750.0189606973128,750.052292447318,637.0955867761442,0.10904245497271887,636.790091,115644435967768.34,83685757492685.16
5,399.8662254203622,399.9287414426824,326.33123407906123,0.2790008443789026,326.115922,84343418657733.05,56375976787488.23
7,337.06680698913095,337.14096810362287,315.4857916839098,0.3473394156813578,315.196214,74691884545001.88,65509873933112.36
14,509.9686170361073,510.0176373045542,472.6205115455,0.5731396724746308,472.5521,278884388888321.7,239826876104995.12
6,385.3431769525794,385.4080487274584,333.2162816210098,0.17077214979458152,333.075716,48182305915225.09,36120226771480.46
17,436.96329874862613,437.0205080465688,413.294725007917,0.4475504617589435,412.915051,160634598620126.38,143845889287374.34
7,665.4852345398831,665.5228000531637,590.93200287533,0.3499473164219633,590.44611,289880505698718.7,229009546135840.44
7,385.6362879073899,385.7011103834046,399.9830834574448,0.3174973652879477,399.662289,89226282372460.22,95926343876194.5
5,184.05018308880435,184.1859655213241,158.60557490777146,0.1968179693595311,158.616426,12814770133034.418,9540764742045.363
5,497.09129463862246,497.1415846672875,423.6151876415265,0.16805959389897243,423.10127,78564788260498.05,57216420430254.78
5,260.6294361482569,260.7253401320216,233.68012899302187,0.1637403302709789,223.226414,21285905089877.285,17143357312787.074
9,368.9767938917565,369.0445426105631,329.4874474716635,0.3267561479630995,329.266624,84110244768474.08,67204166869217.63
5,292.44379199650564,292.52926601845405,259.74765607234264,0.3839543041619346,259.444284,62252089973456.36,49212642991473.82
5,342.23760301866315,342.3106438893773,283.198016021547,0.20697646825211152,282.929809,46081108341630.16,31658290684810.51
5,526.0495990642949,526.0971209536366,444.9882185659008,0.1662728953609108,444.710903,86970417266630.94,62416285966881.87
5,380.73021998878295,380.79587762042155,319.9198024790383,0.32108145404670446,319.863836,87963473864869.75,62299436972145.39
6,436.1573166907824,436.214631692821,372.9051507211442,0.4522452849705777,372.611068,161711748478680.22,118538343805989.12
10,326.4731085650404,326.5496755719115,302.809107487116,0.1202692781460712,302.648556,24502291078638.203,21106397806058.9
5,262.43806496595045,262.5333082545383,212.80430833253942,0.16624501736560243,212.754126,21907007975426.13,14455645457549.553
11,345.72638616075744,345.7986901186544,328.7193233330264,0.31137715912079617,328.41779,70479538519709.17,63772560750387.6
6,193.22645787835808,193.35579645879997,162.85581369823083,0.22027459246393474,162.787547,15779790009772.701,11241803818457.438
5,207.29468633932967,207.41525253587565,179.04170491061276,0.2370243270890536,179.070727,19506848145171.6,14587995765912.545
9,367.4416443081792,367.5096760248613,336.6596814458819,0.38897023670486536,336.330494,99146823239617.44,83360535579237.44
5,347.042733060855,347.11476282398,280.82711672626317,0.4913706379881032,280.528735,111608822466469.4,73357444678507.4
15,314.62378241229527,314.7032323625217,295.8611334223365,0.28375373753925665,296.651804,53322461132487.78,47203205773022.6
10,252.10977637653957,252.2089200338259,240.83318214979712,0.23982046313746103,240.625171,29091917482800.945,26568647597904.76
7,461.85584254256503,461.90996881503065,444.69563587898864,0.40053795882234905,444.314235,160606971262585.6,148993962192742.66
5,256.97947293377507,257.0767385613114,243.12846232932867,0.3507446279241721,243.210403,44046138571067.45,39464274524882.67
5,292.6302938153548,292.71571337811855,241.06766264644128,0.19768028286732708,240.82447,32278527298087.27,21979085600521.082
7,362.2895804600369,362.35857946226355,339.1104177733618,0.23696044443281483,338.878681,58990804836382.555,51743902914508.21
6,269.89148691770095,269.98410084789725,230.93116870746744,0.23838182750869763,230.792035,33102952221603.42,24301138321006.78
7,491.62680123631884,491.67765018745257,452.2112106112298,0.47075729368771857,451.61055,213351186356757.56,180770648290863.22
7,473.45128035612106,473.50408115543246,429.46617800008914,0.553869163146312,429.112337,232636558394910.0,191727521989871.28
13,375.0360130295229,375.1026673713218,367.8060340364615,0.4717773156760365,352.998403,125015270086931.27,120283394159212.97
5,244.52376107903206,244.62597926678916,210.2489461863335,0.3318599480452624,210.084671,37783775649921.3,28007428445501.656
9,320.8746737694121,320.9525763514396,284.65821536765264,0.1682743828774023,284.515273,33030299527936.734,26048986726424.824
5,222.26577540733206,222.37822491741986,178.251994794905,0.18041181628166303,177.952462,17089075429086.86,11032388301467.31
7,173.13529044574412,173.2796260318338,161.89235358446328,0.20503838660995705,161.736131,11821762984196.465,10348186558004.943
11,549.1421513803615,549.1876750462012,511.53668127352074,0.26692963045174145,483.861442,151392239992600.22,131532530747978.0
5,464.80039253078905,464.8541759485179,391.7829191582476,0.34046732165292687,391.35113,138449842230675.81,98666801278447.12
7,194.12820273435818,194.25694092328354,168.79431183165457,0.23666986208213908,168.607505,17101176939622.902,12959570469477.334
5,345.4718222465268,345.5441794710712,306.06542297210956,0.39462630752338357,305.715211,89005702069101.95,70008643805256.59
6,251.07304569656608,251.17259857585972,209.28382141063196,0.2799709489818571,219.321948,33640824154883.605,23448112231368.133
8,329.8312383265821,329.9070259573848,301.9550794975311,0.26801571154534876,301.835399,55333345145117.555,46447358135763.02
6,404.66017288242836,404.7219484006727,344.79726549926266,0.591211879233332,344.502538,181781881861810.47,132351702612223.33
10,270.4810510357432,270.57346316555197,251.46433211336148,0.3008241838311655,238.585631,41869801533206.87,36235504730018.68
5,135.64898461012177,135.83315878590562,114.64289355153132,0.27555966456794295,114.437848,9768808210315.963,6997814991492.6
10,386.26534027411316,386.3300572011922,365.51322829794395,0.2726303039774375,365.294617,76969223794542.33,68988075801701.31
7,240.32628958957454,240.43029232584658,226.0268875435102,0.18772859635264683,225.861309,20754776078477.14,18377634739197.285
5,352.1606199293881,352.2316031094469,296.9292543964844,0.21497946380812805,296.880391,50636397749906.74,36106500897907.36
5,410.8024674548766,410.86331944700896,340.5748562025085,0.3093088474981303,457.586804,98552483375362.45,67962437889035.43
6,188.67002904681902,188.80248902100718,180.81916875476568,0.2035024474237217,180.594812,13913769967603.744,12789087367651.686
18,405.81005534837465,405.8716558492979,396.1558586596096,0.6943266424766312,396.098155,214397152824863.2,204397123931850.88
5,449.55735192079413,449.61295873899894,376.58655216003723,0.2958363429046994,376.473152,112747132918868.4,79365964907038.95
8,728.278977396705,728.3133040924013,640.9540088520368,0.6006494344410827,640.778524,592315022166584.0,459734477678606.06
5,405.29756571941084,405.35924410093344,334.76930697500546,0.3962576107403973,334.564758,122653583659301.25,83965833266054.61
12,378.8072352225151,378.87322610198504,348.3112200997801,0.333781762995931,347.96367,90498384671002.69,76627769998135.69
7,603.5380208761478,603.5794418658553,576.6100301490574,0.2611281984196231,576.065128,178631291643403.56,163179001626245.75
15,412.78177704094145,412.84233728758664,395.76251364093906,0.3200307061365603,395.694225,102913614376464.55,94673139074025.61
6,251.9353364808552,252.0345487581449,215.00578875518937,0.24155423424072425,215.003221,29260227015090.53,21369271259787.902
5,415.5290943217832,415.5892542257095,335.0328653306757,0.4275436157209704,326.184002,138948357338098.3,90675367309966.08
21,537.9883963064832,538.0348637034793,512.778872405299,0.39852102404498213,521.578648,216259890169548.75,196622284719017.38
5,332.1886649722655,332.2639148870308,295.312334364081,0.4425370866723414,294.913936,92254180263662.6,73060960386074.7
6,285.74282010422894,285.83029797612033,245.58429652569126,0.40785754541021746,245.37508,63124094265294.7,46752049421426.414
5,197.45635606592137,197.5829257573435,162.36945353783628,0.22751923131386909,162.335507,17009286067710.082,11539672558476.156
5,468.83492229894114,468.88824293967343,390.70061308099537,0.2666284167449739,390.471562,110536943715866.86,77012979247614.12
9,368.28536545632255,368.35324134490395,342.2337668967988,0.24873227566404824,446.36144,63942184536044.61,55287146222968.945
12,705.2405680763744,705.2760160821346,651.5648878755508,0.4749875656690248,624.847043,440302021707050.75,376338196629378.94
5,197.65097177920998,197.77741692434466,161.12117911353323,0.22098476753087484,160.864892,16557157767140.385,11040798901303.516
6,429.4163634693755,429.4745780779845,384.59395927461856,0.4359519105172904,384.149104,151195229285124.0,121516305401815.89
10,462.0644186402249,462.1185204829266,469.85202412219394,0.24137241859288258,567.756108,97308638751597.28,100586401494041.44
6,329.7025416848388,329.77835889191226,292.9958112428863,0.24660890134222718,292.787305,50911600375467.1,40289664756424.91
5,406.229201570534,406.290738521854,348.53400066695417,0.34123527911254,348.076312,106245842434362.52,78423011940600.44
5,658.171041144039,658.2090240954071,572.3411946775545,0.8761363583391403,572.431185,704675007209578.0,534039183518971.1
6,776.3941098029856,776.4263092765277,656.5680981105521,0.20061838026773554,655.973505,226645895889200.34,162551638497883.97
9,323.72330916023225,323.8005263949571,332.40294037023097,0.23850191970988788,325.995675,47497419888535.2,50055316209602.53
7,704.5729555237941,704.6084371163422,621.1696249646378,0.2540412663609731,620.824179,236276940424708.34,184036209619943.2
9,605.2008127956699,605.2421199888021,553.4849735995246,0.42363417206519366,553.695155,290218667465982.2,243089932104197.25
6,304.2611749832118,304.3433301423979,263.21729356941165,0.21595217205403588,262.930598,38065413779968.18,28560319481066.047
5,269.63135166437894,269.72405491605673,234.13215712448218,0.3160904213490516,234.174545,43702085894514.06,33033660704450.066
5,184.6781707377399,184.81349178844548,160.28907762193577,0.2013731541147831,160.059319,13197675148394.867,9966143979022.21
16,238.11356595851132,238.21853473959226,221.75865057412204,0.22420863099523078,221.654769,24300159433752.61,21102586962070.727
13,413.3887681987647,413.4492395359943,387.15235039580625,0.2538348952625417,374.208907,82033847593941.56,72034775862487.12
13,268.86836186588664,268.9613280983818,252.2247879970792,0.251471223235988,252.057449,34642463832723.188,30520300670010.703
5,471.7740253863813,471.82701388249274,433.7774964162015,0.27136415597517966,503.697224,113884622895370.6,96423055075786.92
7,542.7404766516039,542.7865372280435,467.45690641243954,0.45842312957491443,467.165532,252857312217499.44,188037564395459.22
13,865.1831325320798,865.2120276660643,852.8406206832966,0.6799839856835455,935.045109,944153590285050.0,917407563329083.0
5,215.92982281320138,216.04557014699594,178.10839276831354,0.1646068170341401,177.936563,14734331533482.838,10057729443897.918
5,413.3965927705271,413.45706296335175,337.79602620618886,0.23347882853152893,337.668128,75513820698336.19,50599200065316.4
5,187.73524051414466,187.86835957899814,152.21205334244164,0.2378987646486846,152.01262,16084831792410.918,10611390329156.613
6,361.9423575112757,362.0114226938428,326.8081976291125,0.5727826632826186,326.593105,141213452523009.03,115337562117759.92
8,226.07374065976566,226.18429701440147,201.82050779649583,0.265184033598113,201.841786,25893790405740.848,20676512970277.56
5,465.8797898761515,465.933448697394,448.1634254157666,0.6903489531020037,447.83535,280333398653754.47,259581025173914.06
5,130.74735749566733,130.93842633887058,115.67588412260893,0.08401699315827298,115.558366,2797284125227.114,2194188797517.0283
7,204.619394548373,204.7415361506862,184.33177212586932,0.21396540025029082,184.120238,17176184657389.316,13963685275418.5
5,336.5380361456057,336.61231375685145,288.59725887834355,0.25331857961019527,288.524909,54455280013739.5,40153785137634.23
7,389.9394198897317,390.00352714294837,335.25776006880784,0.2763248058978087,334.754321,79480706675698.02,58908733975903.03
5,521.3714385330632,521.4193867876756,444.48257321816266,0.4493386749833916,444.474884,228900038568504.38,166818301626776.28
5,355.9210228224599,355.99125619456726,298.75710765094584,0.3527712097846548,298.449968,84490882333636.9,59714454177591.34
6,293.0150168510595,293.10032429225777,249.19491992540804,0.32460341199006937,248.965274,52911260818309.18,38377794279465.97
11,606.2188650376244,606.2601028663403,566.5739990326754,0.6660672631395834,566.142555,456078009288004.9,398836688347728.1
5,166.10979227822293,166.26022702593175,134.72099228945692,0.18210214464461993,134.603832,9681266562568.45,6391219320404.991
5,326.560935324541,326.63748174396494,270.5006595350904,0.17740466889226397,270.283719,36039855488617.555,24809142219292.098
6,250.90873045880178,251.00834850747026,213.87412154609666,0.2307791858539456,213.783145,27740558810548.867,20211494285911.36
8,141.11456873211083,141.2916186772932,129.78108618498024,0.26534217730939097,129.56495,10176286652212.48,8619690735383.456
6,370.7286826931847,370.7961113218746,307.58642835372876,0.2358969987440002,307.470653,61471382066816.71,42453943870045.02
5,375.4153642120956,375.48195121270527,313.7705585496666,0.28861748313813645,313.740921,76969419038875.22,53937203709445.71
10,341.7751093768163,341.84824906606553,306.70542401715414,0.30122902362120113,294.024384,66665840218912.555,53788785251033.664
5,395.6545826724349,395.7177640562761,340.7072997533327,0.18122420325386956,340.349786,53851293783430.98,40037344080522.21
6,364.5440136833051,364.6125860585914,328.10603422113184,0.29568715435084125,327.831257,74376560889379.88,60362769513539.83
6,278.0269272867021,278.1168320984639,234.167315737946,0.29821683923927955,234.090119,43837327795776.164,31190854000099.8
5,243.65706703353132,243.75964866109973,197.91891717883928,0.10188996500689516,197.864441,11636562471471.336,7705328717635.936
5,174.22954731396715,174.3729771416142,167.2366577910893,0.1391577934929447,167.184699,8151233305351.12,7515378874416.413
5,182.27005213241785,182.40715968501436,149.7357862637468,0.17736131977372094,149.615587,11337640663822.883,7677311683424.852
10,454.4327044975751,454.4877148141415,405.2329079308082,0.15930509958164563,395.140605,62366496486501.234,49693047058923.26
8,667.5221748408281,667.5596257295891,612.421514907344,0.29594061619538875,611.779676,246969952349860.44,208170622507731.88
7,276.3936250504747,276.48406096652735,275.5832968124255,0.18395964967650597,275.233067,26840500832292.625,26684705106848.64
6,439.9421198829015,439.99894187038825,400.2808250956445,0.3582724158786758,399.935154,130591563821441.67,108288990211522.58
5,442.7404195050819,442.7968824004251,377.40879939321,0.7441281433217103,377.147037,272960082974106.34,198860706048627.56
15,504.47344633589915,504.5230005242767,469.02610454296905,0.43037761983094597,468.749629,205440964181369.72,177809975865204.72
14,390.46031107011135,390.52433281547013,373.8935793923334,0.22127582686535716,350.811381,63940243242603.1,58674240720874.75
7,301.56948405959446,301.6523723029043,263.7125753317306,0.3206499534374189,263.536056,55341193759771.45,42418698236443.04
5,890.8673484204764,890.8954105178287,752.3192180195487,0.6018152035005045,751.629881,885966120660249.1,632959287308196.5
5,177.10841391874007,177.2495141906227,170.04586139060135,0.29056306989918707,169.827415,17472098396726.418,16117503156900.31
5,356.2800725660704,356.35023517276426,289.51256889175636,0.43963640124852255,289.40327,105299758119168.44,69787522235047.25
6,196.74176698372423,196.86879609495773,170.00856902330034,0.28878816571257193,169.930081,21391602982586.336,16012912869244.926
9,326.7286865078481,326.80519363551076,294.3227696613437,0.40276649806280873,294.469348,81317951166248.75,66108770432972.23
5,554.8420539417867,554.8871099803459,493.32902581518687,0.5699650704896976,492.90024,327855627255239.25,259687813590241.72
10,258.96636521722087,259.0628848635385,249.4402259320118,0.2357312194931067,249.197113,30162926617664.227,28002799482877.13
5,372.7068406106878,372.77391142353383,307.4307629430293,0.41650579301644536,307.560112,109135669219016.4,74509644161655.89
5,415.819805287969,415.8799231385479,363.43199779993586,0.44446531769798886,363.036166,144598468053652.12,110723227030579.77
7,449.7793380474199,449.83491742457613,387.6696849911654,0.22684141677951433,387.487047,86741777930639.86,64608918962212.55
5,185.20868397877766,185.3436176973751,149.01315533809992,0.14795641498206077,148.860974,9777905527157.848,6353364439554.888
6,216.07545378368872,216.19112314761446,182.31640657660887,0.4428062794387866,182.106574,39352920288089.74,28099819675245.176
5,478.39426283103074,478.44651812887645,414.2237750591693,0.5720397059327069,413.92047,245206326486077.3,184276407348724.53
5,252.3947812086123,252.49381295656192,224.12463153278162,0.28229598079268636,224.10065,34272645732361.215,27080837824916.082
6,211.23552024788268,211.3538384188791,183.76352153359497,0.2393726336682362,183.825884,20447948687961.87,15511727592067.488
6,479.20600614449785,479.2581729349647,405.9132215971133,0.7773179887150443,405.700818,333484273314230.56,239925222918000.53
17,565.8507869396099,565.8949664736167,541.4108708566021,0.4150693505693311,541.006875,248888717230606.9,228016310866057.62
6,445.785050475642,445.84112778833077,386.31667198588724,0.4458573802915954,386.030152,166500213444627.56,125358046890978.6
6,564.1289968185833,564.1733111833112,482.49806383942695,0.4003824045005068,482.097972,238704558531025.06,175080861961782.66
5,452.3519038998251,452.40716723079953,373.09692505743817,0.31549588506441545,372.714624,121655881727805.84,83045044263879.9
5,174.812090764496,174.955043018069,146.49942857446936,0.19546729391634898,146.730979,11492097137750.146,8095503403454.904
5,256.3686086306361,256.4661059306049,222.3722943652412,0.28101211440433765,222.286062,35191321758600.94,26542431143418.625
27,359.56456480502976,359.63408662615734,342.20665976531416,0.3067815674896057,341.791604,75067346275403.95,68053809407205.68
5,378.11063717343865,378.1767496075132,307.1139728527588,0.9505559766935097,306.904627,254458906811336.9,168460929768950.88
9,441.0390068065006,441.0956874929345,405.82621246820145,0.26657633943558007,405.510768,97906249804706.28,83019416087478.67
7,488.86509988239084,488.916236059941,441.32454556710894,0.4268594705689237,441.006204,191464240665756.4,156319800966592.34
7,422.08239831495973,422.1416243007888,378.2732201609308,0.2596740500823413,358.516767,87437725918061.55,70365091574787.71
5,333.46573008503384,333.5406918820321,267.80639090686736,0.2185243330067591,267.486614,46189123425242.68,29905006088500.117
5,190.64998053427598,190.78106582604,166.52375151578707,0.2818309704229482,166.625182,19618191758633.68,15001406318358.041
5,414.0387700592054,414.0991464759853,358.1953009386279,0.35570113923085284,358.052323,114967438346753.69,86268710217244.8
8,271.2809876022305,271.3731273255359,238.19830832691062,0.4792145868989652,238.048599,66816805592652.0,51631742510539.51
6,273.16058403688623,273.2520899670719,248.27435317226102,0.4403345225382158,248.140673,62288252546499.62,51542151010188.99
6,284.6964560286906,284.7842553149597,255.66017396071106,0.24986478107463722,255.385304,38556703186008.66,31151470087134.14
6,205.48598121569117,205.60760802114154,182.3631773166626,0.21133460713017096,182.405647,17109565319414.9,13502840482348.441
6,632.2946847808649,632.3342220709974,555.9388039877948,0.3215952832555364,555.492049,240849577489849.78,186590117251177.3
5,509.3914184026659,509.4404942113258,424.4618493922531,0.39111676346067487,424.499092,190482186651073.1,132688309294449.22
5,156.40592652902671,156.5656854275652,127.4860893117106,0.131700874212411,127.437031,6231457205376.76,4154678384350.3423
12,357.11893879146305,357.18893661974016,331.22426788057635,0.2678822364780233,351.278047,64745263064333.016,55770054487043.56
8,524.6648286102879,524.7124759148221,463.6702327212889,0.26736077729834884,463.197974,138529866602721.88,108430728773847.33
5,234.6221077692069,234.72863790783035,188.56904658071613,0.15532851404301695,188.39508,16400227241531.664,10633256135820.844
9,340.4140172065034,340.48744927040934,304.8122791485952,0.24193740526436905,304.570164,53224362726437.82,42756482140547.81
5,171.76951832505745,171.91500058349254,140.7467532872941,0.07908806614058339,140.625351,4525922781499.892,3049054666235.236
7,598.2213285701661,598.263117663336,534.6640798960376,0.5480753128541195,534.300238,366140157077262.75,293024165294254.06
12,508.86134021117505,508.9104671369152,464.14044960626927,0.3479933817779562,454.433714,169306173754633.3,141084966184624.6
5,364.66864112098625,364.73719006570565,323.0293209954934,0.23558591748829205,288.948206,59417611426777.12,46722557301254.42
18,291.769083956968,291.8547555773047,284.24088672544246,0.39275358594711945,376.091168,63375210500379.24,60174645508563.02
5,477.1098687829344,477.16226473817994,412.0086191089493,0.29720097832243,411.728674,127436113238576.5,95280430720488.88
10,369.06153240887573,369.1292655750661,333.32037542330215,0.2721674050599578,332.94327,70203706113298.695,57367250442706.336
5,462.17702130493376,462.2311099680561,405.5795417783757,0.3662574147206035,405.371498,147180377631902.44,113603760463452.3
8,687.3940674297111,687.4304357079066,596.6920133951722,0.27444620669810604,596.604767,242904641816838.78,183462963379022.88
9,536.0343845288967,536.0810212992744,491.8752897614834,0.26887449005862746,491.679086,145355047853127.38,122579153717444.17
6,396.9748131638129,397.03778445690045,406.9255803642241,0.4756762133128221,406.808491,141074508166486.88,148170647881446.38
5,279.03827615745064,279.12785522215745,225.32209665342745,0.11451913063971968,225.184209,17096702233118.055,11188415129239.854
5,208.11967310314608,208.23976165122832,169.1746329173659,0.15801475661647124,169.050242,13152290270105.357,8721410010628.223
5,203.72820740897154,203.85088298575732,164.0032728225219,0.09998306120526329,163.831341,8008792305340.391,5209639304476.861
5,363.7748310085977,363.84354834919606,319.87698410364567,0.22329773143375942,319.772035,56071441829136.7,43453250804065.37
9,375.1045262595726,375.1711684290497,377.65785822039226,0.251003605926288,358.097906,66910783816142.55,67816711747924.28
5,224.98768248895237,225.09877225731296,185.06416484130463,0.19132255711057328,184.874191,18556104232894.49,12596442647670.824
5,238.74693193571332,238.85162236986403,195.7279271121978,0.17382883760148862,195.595452,18980892900556.055,12799862007377.42
5,165.69516026205292,165.84597111255795,144.87242645032305,0.08295876723569798,144.758107,4418506741117.409,3385473947572.175
8,347.47700581426886,347.54894557407226,332.5837711157844,0.279538130250992,332.449835,63970229796820.21,58649227388606.92
6,377.6740190727976,377.7402079241762,318.3454219925875,0.293500737218245,318.204841,79196290004193.34,56438237415495.21
6,224.98058385391624,225.09167712567483,197.8208167927874,0.2984225837042146,197.821935,28831194013290.168,22339961742710.656
6,290.4188536048914,290.5049234164188,241.78827653018334,0.18699148895277332,241.701479,30091929954613.113,20924093990217.375
8,265.70210768145284,265.7961813615206,244.18072514564946,0.3676859140947171,243.865442,49312055988557.05,41708924355214.11
22,706.8836534819604,706.91901909625,667.2911116328744,0.5891330195433638,667.049343,547664078958804.7,488482773053817.6
10,533.6972007850846,533.7440417708052,479.6038327889862,0.28458809302734084,479.382671,152446306645669.47,123343064216458.6
6,622.9907507049627,623.0308784193068,533.9952603608762,0.37477487943463067,533.976928,272205294618984.8,200489862345217.62
7,476.3578168730689,476.4102955395446,416.4065362909801,0.5808084148908801,416.194813,246836601141844.03,189035047496593.56
8,400.31768273746104,400.3801282684875,349.40063538146035,0.18987537346063024,349.225396,57724277895787.414,44079137800876.336
5,202.66576989828252,202.7890881888461,163.81807284741242,0.15803438999606817,163.66924,12479140036011.814,8183378603115.926
6,258.52829657552655,258.62497971047463,222.37500901383117,0.19239430301675098,222.163599,24578410701258.234,18231930146174.227
5,482.31265209960776,482.3644829124106,425.25292754485275,0.3667320634218282,425.083529,160368764883882.75,124946963341210.05
5,220.9891340032644,221.10223279630796,181.94224230469126,0.17156840313747285,181.87644,16073648053917.32,10931373622454.578
8,348.1919453087713,348.26373738577263,304.4346158824865,0.30817232602176525,304.41772,70750179545867.14,54213006550370.4
14,204.20111163164452,204.32350327752152,192.08545380398863,0.25108508911304855,191.679717,20047179685345.07,17757267738679.79
5,251.38091101323099,251.48034201869928,210.24967666619924,0.1909553469234401,210.346361,23077054285674.117,16192374846683.871
14,441.8286156154081,441.8851950186022,416.3640408926668,0.2871846092103682,415.904098,105779560093431.34,94037201439072.39
9,325.9518150503273,326.02850448174433,300.23621899836644,0.3739999502349369,300.1039,75203729706012.02,63897928483965.55
5,366.4808490216405,366.549059062525,336.39361026421574,0.31666457872051007,336.147924,80445660249569.48,67881433024703.055
14,375.6762935088076,375.74283426901934,344.9317054559815,0.31448278101765625,344.702144,83919008652427.75,70852309334251.4
6,447.58989431840865,447.6457455354225,393.71871246090507,0.40950304048694014,393.424725,154270125607087.38,119641289693202.3
8,328.2729498807394,328.3490971868241,289.0463913491298,0.21491074844124028,289.021221,44040150946535.79,34220103076509.26
5,196.15501051288263,196.28241935871154,164.2564574896265,0.2070741141031992,164.107282,15291309017508.84,10754798439063.01
5,380.1659218419793,380.2316769154852,307.41002304134463,0.29405400954939254,307.135649,80385359417844.69,52758151492265.91
6,330.28105014973397,330.3567345885521,275.5401308337069,0.13909977578720847,275.419173,28961266021669.42,20219940825859.848
7,558.1546530596154,558.1994417160408,487.6623619498957,0.667888800912902,487.268664,388219931918561.5,297026789424564.94
11,542.8246734572884,542.87072688994,492.47139389382744,0.4166293399408813,492.205928,230053467765281.0,189658977676090.4
5,259.032655671463,259.12915062611285,234.93879907289923,0.4057675894757337,234.853626,51700020730423.94,42602464828686.56
8,428.6696148321388,428.7279308376516,377.006974511561,0.24271406536081155,376.635646,84325208488776.7,65372469075789.27
9,373.9840750345755,374.0509168274648,347.8706114828245,0.3658316378283816,335.790826,96621511916963.2,83707136363684.48
6,451.2627135492761,451.3181102502491,384.8551643888124,0.18507120638562644,357.833421,71361024755248.11,52048947923040.21
11,321.6089735868139,321.6866983441559,301.45044728005433,0.43761614365237983,301.513708,85567674731443.27,75263285688129.34
12,626.1698549006062,626.2097788970133,599.4240101375293,0.3172340268550583,598.897383,233065362056971.4,213731545466174.5
9,270.0263822046716,270.1189498842008,240.79149257749015,0.22573977823127037,240.726367,31393409240445.824,25013208551733.92
5,308.1115813850277,308.19271014023445,252.76326040357534,0.36702111446559144,252.515616,66019212080299.7,44585348991894.875
5,377.0996511922025,377.1659408394146,336.1225785467908,0.2714478792843793,335.821351,73075280252514.7,58174444634155.234
13,218.88435476482078,218.99854054493588,212.1254416990711,0.21000891518485504,211.892545,19272138707809.824,18109923846923.49
8,567.9073607427482,567.9513803009849,524.5004544205667,0.3959166223796014,495.424588,239210426869408.25,204303534392886.4
8,305.3143155675911,305.3961874197296,283.80889507996983,0.20183107304642428,283.549392,35842062323639.62,31010203532139.19
10,309.32485944731127,309.4056700710232,286.7502759143051,0.16409919524048658,286.561934,29959284803412.633,25779760037531.3
5,227.03871297324065,227.1487996634487,185.82761467971207,0.21756253111291418,185.490768,21460634377567.633,14425812018228.562
5,313.8937270063304,313.9733616947856,274.73701377121523,0.15499601252150189,274.448827,29146434597885.45,22379733058796.28
7,427.8788684400544,427.9372922024224,366.0755496779607,0.3424677580030551,365.774134,118184654647512.78,86749653675059.38
9,217.551498055675,217.66638304126883,219.89976511966915,0.3464425108174391,219.655561,31274310591474.824,31947141997026.918
5,580.1733035787319,580.2163925514855,473.4369334306931,0.42995213300252516,442.467284,270842185344436.16,180962448131420.8
6,346.7146997200152,346.786797617701,289.7086699851062,0.2929951455209949,289.482622,66730880869895.76,46738576660199.164
6,446.60429066015064,446.66026511886673,379.1084669552642,0.2565517721445163,378.790817,96628859389416.4,69831097810956.5
5,294.95930760749803,295.0440528875216,239.42670241491453,0.26041697053230106,239.168443,43092085220239.12,28497023884769.46
9,599.9266616509881,599.968331964029,535.7965055115855,0.5506866140587244,535.410449,369952098756107.9,295647217688503.25
5,415.44619614251735,415.5063680490192,336.28691337019956,0.24964502088122922,336.167416,81489718608383.84,53593099004553.5
8,169.5576072299925,169.70498569447042,150.13114854300255,0.24222415484803198,149.90752,13380302481410.564,10511786218705.262
8,220.49438335425208,220.6077357908645,193.63527786096753,0.39655268562752133,193.48112,36720934827085.125,28383765612375.75
5,184.95046587816685,185.08558784667963,168.29963102250846,0.22015252726985496,168.07734,14459773698384.193,11992560305983.95
20,321.580031474837,321.65776322569485,321.00979467107766,0.21651657672034266,355.944498,42591036694468.32,42441442628658.836
8,696.2740166929634,696.3099211714228,614.5197863051253,0.28466777111367075,690.142971,258372737001672.38,201667743073276.78
5,374.2534638313125,374.3202575198616,373.36976424401627,0.4889651632483771,373.026368,128993543053962.11,128390464978792.78
5,177.20525608995328,177.34627931227067,146.4531910708992,0.13405267142728902,146.376514,8122951829086.681,5566691745442.221
6,221.44132766495582,221.55419562269256,185.40106134148357,0.29363380764635255,185.222587,27494397588736.14,19332218031243.734
5,206.30734002542226,206.4284828902378,175.85559691218427,0.2996192247449523,175.698806,24376740995409.473,17760194582039.875
6,298.6825520006684,298.76624118134896,250.0403016843791,0.3952744357822858,249.750078,66809133752377.72,46966922676983.37
17,285.6503861653853,285.7378923356749,267.34440336526217,0.23289953643038003,267.075664,36200183744417.88,31745803728250.938
5,331.4104150657593,331.4858416494721,308.5525541881018,0.21704588144347656,308.543134,45320456624642.23,39333631875922.984
6,483.519527434854,483.57122889066153,439.34156151871196,0.24720900977741353,438.892336,109020307845856.38,90162318664584.7
7,221.94426978498382,222.0568821054409,218.7784059685811,0.40906905343543903,218.860272,38364924382025.32,37287614016775.02
8,290.73789585235994,290.8238712428154,279.3969625715195,0.177475987508102,257.932217,28635813606327.125,26463576357585.4
5,501.92156283542005,501.97136894363854,411.5614189109427,0.18959844322938393,411.332668,90252404013122.61,60894570112808.81
7,432.5001569522487,432.5579565372943,407.32811527269644,0.3873340302725954,391.185945,136395560679497.28,121109605773781.67
5,211.16901727149457,211.28737268329306,174.19344692218115,0.24627044487062022,174.272926,21018898176006.547,14349317738719.797
5,496.5729021478763,496.6232446710125,439.97155459450653,0.3043397924927853,439.828418,141231529249865.2,111108910581861.73
8,183.8744279353461,184.01034005878793,168.17853673167485,0.23270429284098668,168.149289,15101267278201.63,12652206851790.193
6,430.7043823819388,430.76242292359643,373.54735670500486,0.4206618077849881,373.176183,146807518805049.66,110708122583521.34
7,577.1125564456394,577.155873925945,531.377200952649,0.3884085349974954,531.289706,242317852996705.9,205707792272085.62
5,332.3710191748499,332.44622781335397,273.5530006082367,0.28626787153878874,273.398023,59972498908514.336,40763623841692.54
6,309.2979619340245,309.37877958344404,278.4161045213912,0.4907504342520925,278.544067,88722499432409.22,72023970618613.89
7,253.85062441009842,253.94908842796988,258.6872759669089,0.27217278381158727,258.568672,33433231300947.543,34707926789104.273
6,439.83482477401924,439.8916606211036,401.32500303412894,0.5364243176779198,400.881738,194736089169085.12,162392428683885.75
10,406.9682785019603,407.02970371564913,418.81706980612523,0.2561765609659704,418.408448,80254673250654.86,84952533477858.22
27,306.3585486419087,306.4401415056075,297.2982558853752,0.2661566229739319,297.375026,47471134259044.2,44728355036995.59
7,203.01316522937609,203.13627262616086,184.7727979554427,0.19136948104137572,184.707161,15138342898885.527,12560202128739.404
5,55.0974189414124,55.54930759249399,46.229126769188156,0.3913913813780512,304.853811,2317863957945.945,1636749097852.0051
6,543.644843083069,543.6908270431043,461.4805853942395,0.1789173028994773,461.389883,99825603272050.7,72140745669691.45
13,393.9677726280169,394.0312244854217,367.6373825362658,0.2874254528465991,372.922314,84345661970184.64,73538028581347.31
9,485.49343112483257,485.5449223968495,433.01643827093164,0.4073692787386787,432.554787,180307245763543.22,143726216085311.8
5,308.83673083810834,308.91766915275366,261.04124086935474,0.3119258834674392,260.761135,56451492874010.52,40449813743963.66
8,331.89877650325906,331.97409212822663,295.53027996518125,0.46671024966219055,295.606435,97079280716141.36,77128490374330.95
9,335.6583935613624,335.73286578497857,298.5976397686506,0.3409099438924988,366.867332,72715252483515.33,57662945300540.26
7,535.2959268699074,535.342627971576,480.26762602338385,0.48994325549442547,477.293033,262797606980516.84,211915747298982.78
7,290.1532099831242,290.2393585706649,253.38507547583345,0.39904455585545207,253.174574,63676413901297.85,48676509177275.35
7,631.9018436307332,631.9414054988956,549.3026440332857,0.2385974676263917,508.973986,178917715035469.62,135536341845069.33
11,300.15656980206575,300.23984811370786,272.0514020399525,0.3867362118954931,271.727843,66019732000667.375,54328830687361.89
7,216.26631395655696,216.3818812940586,186.9228415772874,0.22606341814257802,186.775784,20243581949559.504,15160269995680.523
5,272.2896734777167,272.3814719884625,222.01979217760032,0.1624115043777046,221.958603,23028784198901.977,15363942470865.748
6,578.2432891412208,578.2865219221848,520.4132458873313,0.15926148665560677,519.879322,100522635812094.98,81574372290320.64
9,257.2961773772907,257.39332332631756,234.30525140737467,0.24395377560993117,234.044672,30808007199393.21,25589650214349.34
5,213.2112321232867,213.32845450977712,177.20567984011856,0.4424503449932495,177.064899,38294953417307.65,26538397345434.055
7,272.82832412650777,272.91994145844086,239.39082350387525,0.39133799248631607,239.27112,55281224049630.1,42658915469948.016
6,423.46282724886544,423.521860193311,367.9301229621439,0.4232169592276179,367.558215,142809607015702.62,108079339243534.19
6,432.54035881102686,432.5981530246886,380.09648357960526,0.397866215692768,379.637027,140096897454606.06,108432866907834.95
6,138.9890981904575,139.16885217532203,117.26925576880227,0.2095858979529388,117.124018,7815459512646.573,5580141792436.009
5,254.7600279040164,254.85814057560574,213.34864363635242,0.2387514118476852,213.619527,29570144121791.52,20801862015576.223
5,370.55954421046835,370.6270036107327,316.192823814854,0.4181138249440326,315.903133,108305694482484.34,79079815531477.31
7,301.5241965894909,301.6070972787907,268.30134176567975,0.43874589457607993,268.424368,75492472181373.69,59895875267311.36
5,366.7098968955462,366.7780643401976,334.4400819519524,0.3058192143334528,334.12289,77810744014265.11,64823884769048.516
5,413.94005029864644,414.0004411123809,343.22687978166744,0.4153170227683549,342.868327,133987948644521.69,92427616818149.69
7,456.044587022392,456.0994029292563,414.05922479190497,0.26615001484854917,385.465513,104453566114206.81,86254221420705.47
12,491.2799287503489,491.33081360011187,474.52068167122053,0.43636981316150475,474.009363,197612516547596.44,184473652954139.28
9,386.6271531745293,386.6918095484322,348.00661906333664,0.37723195369371804,347.89927,106390683172352.44,86359015827007.52
6,258.23009653554703,258.3268912768432,226.53157508396993,0.24548351150449643,226.156422,31223003790827.383,24082545145110.465
6,466.8789740827303,466.9325180800142,398.6151606216496,0.37947535257106635,398.30125,155533765598670.6,113695232618974.6
16,301.8235715036408,301.9063899873823,281.55503894394695,0.20385423156552915,281.519436,35382306587416.95,30827150196084.258
12,763.3977925385906,763.4305401624912,707.2339750013268,0.4092810089432858,652.723065,444510140015660.25,382008183923899.25
6,318.6177183950191,318.6961726711629,266.39659729922846,0.2667589940781824,266.256875,51426109347262.96,36063134840771.984
5,310.1968427789103,310.2774262978279,272.34610498460654,0.1456192197586537,272.042915,26761876213685.254,20675714168806.316
8,298.1366688740711,298.2205112451649,286.588765812678,0.5828002254412479,286.387793,97811315168849.9,90444476854519.06
5,176.93800031385177,177.07923637475008,160.54777591314274,0.13264706465909076,160.539193,8014482490319.931,6609617305487.039
6,225.13718120258585,225.2481972399468,200.49637696664382,0.23803754935046362,200.364786,23074078376662.51,18336054852909.07
7,335.0831533056338,335.15775334795234,336.11706669772553,0.2786100289430001,335.886422,59330310196282.7,59693775563667.85
7,343.87870334269985,343.951395712616,300.5240149840732,0.33492784382840063,300.323876,74960990185410.75,57386865036759.266
13,349.05964249305435,349.1312561449904,320.4575662891044,0.208517600279185,320.346772,48273624633275.68,40747643092835.56
5,317.85241778843863,317.93106091408583,254.80340149695743,0.34818940562294703,254.815737,66648940412942.0,42997033145246.516
5,406.81151628451613,406.87296516444434,338.06864050910866,0.4300220197098602,337.794649,133994842444268.94,92841570922814.81
7,281.8557816756664,281.9444655672477,253.62001270678314,0.24512341348464642,253.283083,37086723274774.11,30083714613723.043
6,438.2144321545789,438.271478137193,400.9250667952633,0.21331269125978797,400.557579,77505894734306.17,64978188347702.51
6,149.99466295296415,150.16124305017362,127.61565532363808,0.22325664628694022,127.67286,9677962578883.363,7025059735768.364
8,273.8687017739049,273.9599711843394,246.48611197201637,0.3034338828259953,246.224375,43284834862070.64,35126661368567.848
6,277.2058469359335,277.2960179581889,231.89204929625984,0.22075642838774698,289.565463,32346099305680.97,22705467368537.508
6,229.72959814989596,229.8383959788109,193.7888433999799,0.18059738447596085,193.534604,18264476673726.324,13034063906600.729
15,321.4299246935303,321.507692736097,310.3653182879987,0.3630966712681845,310.169417,71035563165000.22,66270045069206.83
5,204.9071947516911,205.02916490345336,167.17509316556846,0.2637982133900541,282.291873,21197833240362.895,14158584311710.809
6,336.11896286530634,336.193333065439,310.84483759001125,0.430237511107659,310.508315,91828837509290.06,78647307441437.17
13,367.0107488696921,367.07886044539833,366.7465046476435,0.27789600041505425,366.363734,70880898774874.05,70779765625882.55
16,277.0524094930744,277.14263043768307,258.39144078989625,0.2626012071525085,258.118955,38376842274947.35,33421923939752.844
6,231.68146074244893,231.78934240330142,195.3903628487109,0.18598169208887938,195.363948,19122488640123.76,13640154045459.682
7,300.53518442174305,300.61835784830424,255.51985488005252,0.30257430778340283,255.515577,51893463895615.234,37618934973271.97
5,435.8272138564879,435.884572264159,355.57141655510395,0.2874027789541132,355.49084,103028046058604.55,68825197239991.55
7,264.2929715518254,264.3875466274726,240.9623006955079,0.27774986382423905,240.81051,36950385536931.266,30764285910004.863
6,412.3917830732996,412.45240058263136,375.79509390646695,0.28500793883259884,375.401847,91574083661313.67,76167737690507.4
8,276.13878808151054,276.229307429761,248.9147388765541,0.329114943236863,248.605485,47688885270933.695,38819815723934.65
5,268.01384835902485,268.10711089453474,219.31734119417496,0.227652859456467,219.083003,31191057696943.19,20958834396367.984
5,211.17293000890294,211.29128322897049,179.5595707086217,0.14700695167755767,179.482245,12602297277613.568,9136900780131.78
6,290.44429323896793,290.5303555139868,253.40259629972294,0.2412528645929225,253.394974,38744517997637.664,29562455375716.77
5,247.24838341794745,247.34947564688377,209.19514913469501,0.34876979911536726,209.097779,40573358092991.09,29130224880726.48
5,497.7019440993488,497.7521724314936,459.49033441877714,0.43045609003651447,459.086964,200042640646153.4,170746415031310.22
5,350.3260216020775,350.3973764335847,302.01719120477014,0.29243697716536493,301.824884,67987194306059.95,50661489908910.25
10,184.58111926771844,184.7165114171543,165.31728649102632,0.1615442263244964,165.147396,10596278417495.217,8516006057124.428
5,78.61998343546313,78.93732827625026,66.08343140150956,0.12007333716761463,66.111103,1453804255614.6255,1030137008852.6864
5,443.3707958910519,443.427178518711,362.5824890211033,0.2138844025765276,362.568265,79534981985301.45,53379457774137.37
11,360.89049793710535,360.95976438003703,335.3706383029139,0.27795284933235886,335.253757,68570784565559.74,59292308288473.64
5,261.06505732949927,261.1608013436449,231.19823172824255,0.5851481107594225,231.04901,75476260281975.75,59321223430911.92
11,335.17839893114603,335.25297777953665,321.2215136742593,0.1813234969327834,320.94916,38780611013476.17,35644712873161.35
7,250.8622129464531,250.9618494600157,219.99828780131216,0.28834133651066024,219.939632,34580032084717.176,26655309859832.086
5,354.39583737388796,354.46637294380866,293.8233332501837,0.2845154629910736,293.485363,67693941018024.65,46684739288209.77
7,192.1598231364689,192.2898791612263,172.7452657976449,0.2796210124242307,172.578585,19772548084263.56,16007835430035.229
15,270.0773891224484,270.1699393256,260.6834069072975,0.27850205800516714,260.454452,38674427584222.01,36053157339774.234
5,655.2389954090812,655.2771483156589,549.7699036186904,0.2954854697479692,549.265509,237672996670280.53,167816741461022.5
9,282.0833344856038,282.1719468595648,268.2478889739273,0.2541336230784294,268.102675,38499351909400.88,34846035891293.484
6,352.53920468764824,352.61011165563525,298.51354463013223,0.23754876314775844,298.201408,56022577567257.17,40285001352481.06
6,189.36562059661716,189.4975943486934,188.8636690221365,0.14931949133292463,188.63284,10311186254975.553,10257061981726.87
5,190.70337921972956,190.83442783162576,155.21161049887084,0.10878416373523814,189.809914,7638373723985.32,5077940968518.705
6,433.7312844474499,433.78891999270184,434.686485333377,0.3428134283773604,434.498398,121531785470624.8,122062879333509.3
11,394.36881774591103,394.43220508765205,365.0000693038975,0.6093759306058446,415.005262,177991344504089.25,152677708470700.06
12,446.8959303841762,446.9518683191049,405.643671007682,0.3272923026616224,393.808345,123164900569300.92,101651435775468.39
7,180.6609625829787,180.7992903786086,164.5256150158316,0.13250965064122278,164.473188,8343740431934.678,6931122849672.705
5,216.98117093093998,217.09635772753487,175.65292603412993,0.2062385470102523,175.54437,18604050581065.965,12235649280463.43
7,520.5913483915019,520.6393684884789,462.3793199396453,0.2577337725586225,462.346723,131536996131543.11,103984325363601.02
5,596.5831244165172,596.6250282535703,487.01952429913985,0.5527530352046418,486.571028,367235992262072.2,245557035435692.7
12,270.8667837105649,270.9590642840832,248.17156188412068,0.35072020105757884,247.872624,48886808807492.45,41100812815469.66
8,368.956018462267,369.02377099521476,322.9975924053531,0.4923505162178775,311.903406,126259778465987.78,96993874962748.1
6,353.8825149325842,353.95315279710485,307.0501583529038,0.4262364174901617,307.104166,100760758635339.8,76047889718239.25
5,178.81823111676576,178.9579832802355,145.02698892848684,0.11736014854421092,144.60567,7248738377964.31,4785356665030.667
6,358.6692982054151,358.73899352477,305.99455448338375,0.18988886911282377,305.829549,46430715304908.56,33888494912916.535
7,254.3070806264502,254.40536797942735,228.01466741698474,0.2454471167462628,227.91898,30285110357379.65,24392575268529.504
6,279.5662284761643,279.65563842766863,238.8926359215846,0.1704577983965342,238.759156,25456506598598.324,18638421553617.402
9,428.59922442172166,428.6575500033813,385.5479446188198,0.3665168705985772,385.303714,126829624054009.7,102823955152229.47
5,349.79919216835464,349.8706544448012,323.62879549254455,0.40464842276517315,323.489305,93525244706573.19,80165282585003.53
9,374.6564658509098,374.7231877051298,389.23434707367215,0.21286762430844047,415.260662,56692525801424.43,61149139832424.16
12,228.3863735443158,228.49581094786782,211.47258981259677,0.2584589958602132,211.288561,25757283822448.37,22112875533543.086
6,360.99082206344525,361.0600692600083,311.1423624464926,0.3733298623471009,310.847618,91910760156070.77,68459601743627.79
7,207.28852301639841,207.40909279566299,189.5489239623635,0.18952540425041728,189.352137,15626357275156.205,13085979394282.852
14,303.2031840496647,303.2856258015781,282.3506887207569,0.26732013531022064,282.004291,46708266857726.09,40555172828685.74
7,398.8343618578406,398.897039596123,347.1744741072568,0.6888405292078311,346.841546,205524279447070.2,156110592307664.16
9,166.4053237600358,166.5554915806811,149.51843477132226,0.15169900821615379,149.35319,8106066879758.614,6556514847347.674
5,312.40684110377265,312.48685471302286,264.69868423792747,0.40121252034097277,264.59594,74119519614726.48,53365482501761.55
7,380.99282132905097,381.05843371361055,348.45447708329,0.1855574687055374,348.200205,51151381855587.77,42854435984385.4
7,398.075348692547,398.13814592009754,366.1782302295762,0.4829912122959594,365.774055,144012775209659.03,122038973679956.14
10,467.8655473522984,467.9189784559564,440.98195935470284,0.5371681999686546,440.588969,220426459004996.4,196013177025036.62
6,342.48084868470903,342.5538376894916,307.64893442501096,0.2902711968473722,282.602275,64524994178102.47,52165650081924.016
6,550.309734786416,550.3551618733992,467.0912419812646,0.18694153179833342,466.930213,106810812783979.12,77173908507281.7
6,233.10365308091554,233.2108768468311,196.69619811258525,0.2915151936289027,196.452341,30221888596660.13,21581937681934.73
6,288.20897878418333,288.29570834790763,251.0530805396799,0.09838110574467425,232.12099,15680278177871.18,11925750919485.592
6,405.1873420666501,405.24903722407106,344.6926591177178,0.5243631553499655,344.317883,161816422185314.4,117441238250580.5
6,504.29432542779364,504.34389721565327,450.3597186581529,0.27059010017296,449.968673,129604518713702.77,103572915573295.25
10,481.6706546109557,481.7225544993161,432.0617631395904,0.3985110511149044,432.027864,173677900822828.03,140014336097964.72
5,225.48899634202502,225.5998392537853,188.33644005587493,0.18014002912498936,188.160881,17557758668916.299,12285982632398.154
9,205.0962445703016,205.21810236146558,182.80724167026307,0.15411857163638618,182.780803,12463708886720.604,9921477783147.84
5,268.9533871625756,269.04632401544217,218.38232654989608,0.24543542557338138,218.175749,33839366099588.11,22390839552449.902
5,285.0492455974703,285.13693625289403,232.8659613230679,0.17806520226226355,232.646341,27626223605513.676,18501424308317.805
11,412.2520227131874,412.31266076985116,372.7443068263407,0.6204119238719551,372.547749,197834966942483.28,162022717445267.5
5,127.19192929905465,127.38833101511189,108.36122030613772,0.1997855110720057,108.379713,6251231456645.96,4549839629679.475
5,275.0839089877731,275.1747753410429,257.4649367829434,0.23371681412967638,257.239336,33710552940275.01,29564584018188.684
5,264.5566502472859,264.65113109538146,216.90209503237236,0.17063156228857457,216.777046,22841233301488.613,15405625313858.018
5,131.76621036102424,131.95580393793102,109.21554745986856,0.10812181598841442,109.24786,3647786126984.7764,2514139451800.035
7,252.49777599723512,252.5967673655978,219.41048035253675,0.29453635995842326,219.161715,35774362325180.914,27078969769889.293
10,355.90924074958804,355.97947644625276,353.61010818442765,0.2575896077374765,335.561495,61861534251505.32,61071836087240.914
6,433.0185083634188,433.0762387678181,419.9561230124511,0.3247695987773306,419.812255,114815634416221.47,108052076314248.38
7,223.84215244094332,223.95381043731877,196.40548116603296,0.39464038653997285,196.279228,37653632792618.7,29054960514877.227
5,470.78716393469574,470.8402634924865,403.45381736932313,0.5488120742830622,403.117324,227963341259340.12,167860125292099.75
5,400.32993391878415,400.3923775391061,356.57121915028864,0.15871261302081174,356.27746,48329360576387.64,38419210696366.38
7,269.0060405581808,269.09895922650765,233.24348267947911,0.25794990784137,233.043849,35563132583467.48,26802284178543.258
16,429.8764618726818,429.9346141824071,413.3677153423236,0.330166023524616,413.047307,115033686693626.44,106442243063689.94
6,143.2183251812658,143.3927775995946,120.77917706730337,0.3042824967321496,120.61425,12003081673626.67,8561485156721.947
9,377.7959396162962,377.8621071112584,338.5410144589544,0.3007244336800906,338.430406,81179890642534.16,65312455452497.93
9,265.4911594398583,265.5853078404757,236.1165384407665,0.20459413519623465,235.999271,27536472977869.42,21824337468400.17
7,322.8602048101529,322.9376284208049,297.4629528168856,0.18102687824832522,297.153414,35947727532359.81,30558293326293.22
7,448.23097139855764,448.2867427449697,383.001507778135,0.27884033636232197,382.752552,105704869429519.17,77393917564343.08
9,372.86439600709286,372.93143848398483,352.11138231594157,0.2966922201305038,351.641049,78041587535676.55,69666225737755.31
6,227.0921351934696,227.2021959989143,197.8913483857878,0.2485479179945938,197.979206,24500321471235.32,18648694405148.242
9,311.18139491073276,311.26172353598093,281.41471861167565,0.21796162282663856,281.404999,40168069302512.47,32908750559951.14
21,382.7250206017045,382.79033607782617,361.4582520450437,0.36680945006408355,361.096598,101417184063705.11,90551615657001.23
7,153.18609571603798,153.34920906455028,133.54331680465322,0.246308195511116,133.446853,11123015987607.744,8473250472216.185
10,279.4980908714001,279.5875226127901,252.71040718011076,0.24227730918567744,252.698348,36054412101069.56,29526334499909.14
7,417.39333816737104,417.45322941199214,381.8533293799281,0.20048140201355136,381.451731,66178825193263.97,55475406142977.86
5,265.89742021858314,265.991424822113,218.31207721402518,0.21696888672740505,218.09855,29275785557442.36,19802274084743.5
7,340.5646538421543,340.6380534330045,290.2783053556261,0.2674047482228249,290.455043,58826871024745.125,42857148914130.1
11,474.6777085802264,474.7303729728848,432.81111559363944,0.4358094403710795,432.364297,184359731620093.62,153524052501617.3
6,175.76609983251151,175.90827681019562,152.26114263714004,0.2451160760428969,152.426524,14539472561920.514,10937503398723.795
9,381.4991482530036,381.5646735715549,364.4012638238239,0.3779509104028319,363.98741,103807546742673.0,94788621135897.83
16,268.11635565677364,268.20958254818106,253.61159816183246,0.22297757649755404,253.24516,30579155084073.1,27386411077277.496
8,359.7079343470478,359.7774284640714,315.7031764156124,0.28395633409676185,552.213992,69584437388258.66,53723726352603.79
12,316.257832846382,316.3368723950625,286.48570090039885,0.3293484776967482,286.243544,62447599350001.62,51332605604164.62
8,281.10321327616396,281.19213451692514,252.52662449101376,0.21657792959320896,252.551735,32629930353356.766,26381885393352.418
6,399.5954560155213,399.65801439262094,336.9625683321169,0.19425927288702663,336.786155,58834199934641.22,41961513606495.68
5,300.58846047008495,300.6716191591349,246.4025238328626,0.09184331797541875,246.441264,15920726328220.799,10734370324902.84
8,318.06396089957394,318.14255173290746,281.1257907739074,0.37615339984121504,280.765178,72047730891234.92,56407325414587.25
5,326.509420883819,326.58597937738676,284.0941380042117,0.673905672787,284.055238,135258650583863.28,102653482014341.34
5,309.90942855101713,309.99008678475184,280.70873250263065,0.2775703193250125,280.848141,50632242969868.64,41612422571798.516
5,300.172350096696,300.2556240315465,256.30825703426905,0.198153406492094,256.402353,34029252745655.777,24878614881277.168
10,607.4929719068027,607.5341232524798,565.3943195589441,0.39771040238297894,565.396425,274650638315990.88,238180666502786.16
12,337.1076733817454,337.1818255079202,308.10700587420416,0.3210405963358704,307.74233,69101047078487.35,57814583815790.805
10,345.2022899500519,345.2747036589268,308.63633845201065,0.36145262794587923,308.316998,81461129093824.5,65246036733643.516
6,152.13561465713502,152.29985307643693,130.47008141296652,0.18270437150315713,130.35292,8159789680417.734,6017257070123.752
5,306.1273510589977,306.20900552792176,261.93823483710605,0.3814342744322905,261.772062,67715710907564.18,49713287029481.13
6,203.13867832924964,203.26170970784034,168.34843406457082,0.1721428676084577,231.04473,13646315561686.326,9402504438846.316
5,314.1673896664372,314.2469550048544,327.91829330983995,0.30836105267229774,318.16242,57737920321822.91,62855493356345.03
16,369.38180357539477,369.44947802454874,356.13503451931643,0.44911014451394615,356.056969,115529365095016.69,107461666846852.6
5,425.7946341135764,425.8533438167586,360.0319923253838,0.36384363365777045,360.126202,124284830661682.56,89124743309936.34
5,222.2190132511543,222.33148641233137,188.00244781795035,0.12471363475370695,187.781426,11845264632190.088,8502659988420.756
6,285.86403750091233,285.95147829015156,237.91038966210803,0.27240402585867596,237.835581,42345152813144.03,29424156443452.12
9,277.02610542208555,277.1163349305278,267.57036569655276,0.25447866963366705,274.628118,37193031432773.68,34718431202347.234
7,156.81954634373213,156.9788842980289,135.38071337397463,0.20313179589856925,135.331941,9625573327536.832,7191835544054.377
5,301.4309664876841,301.51389281042975,253.58974981431075,0.23665587618320283,253.338311,40916256717954.625,29046469007072.484
17,379.27342075119486,379.3393305317982,356.67670343320333,0.38330230054304604,471.426776,104050341399044.47,92121981193916.89
6,290.1573547754167,290.24350213272135,249.8465229041345,0.17251502654591389,249.787244,27732069396209.465,20615038041749.195
6,356.54178665949564,356.61189777452086,300.0506081147031,0.2569015568689877,299.798659,61915314521576.4,43982634874375.09
5,508.15540323056064,508.20459839754864,431.608021532863,0.20401358050580082,431.151473,99454800664957.72,71956391339263.14
7,415.2708338450972,415.3310311575603,378.55819823277125,0.3022663134365922,378.261992,98416325549955.55,81919053742657.39
5,354.041840965949,354.11244704833285,296.01199675166714,0.2693716393450833,295.899151,63994741321685.65,44876473806591.49
31,725.6280049036066,725.6624570007659,707.3486770787287,0.6395339878644979,706.793649,625805014905291.0,594910784230167.2
6,427.1117378588311,427.1702665410958,411.1558500257193,0.29570273355901644,410.833478,101817004938369.89,94415809192431.36
6,303.88578715674004,303.96804377413014,266.0531782376997,0.18350206248069853,265.881353,32312421066270.082,24824785965359.652
16,332.7177882311078,332.792918502483,329.5224737455034,0.3022418242270572,329.176006,63419761985105.06,62218040645098.53
5,245.03369669647003,245.13570224823977,202.90519699339123,0.2286696688671531,202.840912,26227668046278.195,18042722035533.645
8,679.8468482265503,679.8836202200889,639.0199070617139,0.6440659600040493,638.381343,553757457990848.8,489727844840577.7
7,349.2513498592541,349.3229242098364,301.36671966347615,0.26816518866252015,301.071442,62013035108806.63,46293689609712.016
5,367.8917469030344,367.95969540068694,303.5074615288007,0.2868109423541448,303.427426,73482873164495.61,50182617953320.016
6,495.09420057541024,495.14469344162876,469.0708781323229,0.2322350950344382,468.68699,107393333182176.86,96493115458298.5
5,328.4020469601848,328.4781643391832,264.62386674074884,0.4303407568121991,264.412074,87717762569438.83,57172578752011.95
6,314.25257300160706,314.3321167779875,275.59985054866763,0.331205719022531,275.284489,62009769266401.36,47803675037086.66
6,235.25234945801537,235.3585943311104,201.68927316321242,0.2044843918195832,201.682811,21654725327533.88,15958340665388.188
17,317.90347114325607,317.9821016424211,303.54642603635943,0.27883361734043216,303.366155,53494457384921.305,48811339222430.29
6,204.4005989747085,204.52287124236156,184.78402929344708,0.1384510791873484,184.55047,11131731762298.615,9113365980595.068
9,311.9865395363905,312.06666091060055,281.64985902667104,0.27742797118924134,281.192546,51281127575603.28,41868165938888.93
15,372.214280846939,372.2814404001413,347.8924779792898,0.3105717098086764,347.497063,81377373091493.44,71174655683286.56
8,505.9985346276288,506.04793947343336,467.85006639496754,0.4211811257881772,467.440794,202293922477103.0,173179814767907.22
11,458.7203423504927,458.7748385495364,433.42157896759846,0.33816963129528194,433.100277,133980602331185.31,119730444548936.38
12,216.66000064003302,216.77535809528513,198.2932097613762,0.2747090937214957,198.466541,24647074340790.91,20677020848247.5
5,497.974773030407,498.02497384637786,480.991889350082,0.3640097701773771,479.499238,169599239271766.0,158325888323508.75
8,327.26303393273537,327.3394161705227,287.1191276130144,0.39502491201570705,286.905343,80027500269794.64,61740494015959.59
8,362.08932715789274,362.15836431270714,319.35436684483665,0.49051530176308844,318.959755,121195196191847.16,94486937557801.05
5,357.2024472085757,357.27242867564706,294.06131833395864,0.19873052650398182,348.62043,48180221078125.41,32763857340855.023
5,384.52267566302794,384.58768583907386,326.59978580016406,0.31729458728920973,326.339709,88660112049902.25,64145856219464.34
5,179.85857622092252,179.99752065019504,160.370985760598,0.18798652671576319,160.235829,11697809605629.74,9318550109257.701
7,258.1637280149127,258.2605476307944,236.19734416553132,0.2413255757279741,235.919231,30683055715719.91,25723283668906.18
6,505.910368448746,505.95978190360734,424.3326676654476,0.1726504748140357,424.100233,83554108402802.86,58962964113345.305
9,557.1531717844765,557.19804094191,531.3242213041224,0.3143441951212973,531.207308,183210657265304.5,166757931117168.3
6,519.0088204519121,519.0569869550791,433.4836695947125,0.41858574004525867,433.0234,211442675409784.0,147964009191317.3
5,287.46002180702635,287.54697727031675,241.3462236617413,0.2216720553121068,241.208371,34904232125489.336,24678682494074.812
6,386.0742873247594,386.1390362723262,353.0563691164016,0.42535082296462795,352.756589,119493889034461.67,100088497486296.84
14,382.61647311870513,382.68180712152594,355.060936653516,0.32487032410822697,368.673539,89868254212893.47,77492767348893.14
10,475.165576497104,475.2181868235108,441.1816943027263,0.5533928069388904,441.001778,234110688203678.53,202063527382562.1
6,371.5514180279585,371.61869737485864,315.51645064722464,0.3463004459132851,315.309558,90331616281388.02,65328223672131.625
7,228.76733480268658,228.87659004958215,206.99247568885775,0.26268152892652974,206.778289,26261058840765.93,21536932870167.625
10,200.00392172017587,200.12888023333923,178.45609724157316,0.18775637350761662,178.256108,14421435611814.697,11503657486690.797
5,215.51289672542734,215.62886786092605,188.07958200252585,0.16555217714295176,187.831334,14761549913492.047,11268711771860.18
5,473.2278526103126,473.28067833598254,403.24540981524393,0.37127670375961996,403.190884,156333075690283.97,113836820927326.62
5,254.87765664447855,254.97572405344926,206.99260716840269,0.2949401822706942,206.987603,36495461203067.42,24157634015992.54
5,265.41793412564846,265.51210849135873,222.1636201066142,0.2618719277126338,222.054577,35150761411384.91,24703643540698.707
7,237.82388762301434,237.92898420353112,260.1605392805301,0.2452540491208572,259.952311,26496469001725.617,31658120836979.746
6,181.14705098599273,181.28500787688387,163.31798879842594,0.11957540695122663,163.056052,7576245077851.687,6169395125833.344
5,190.70156425902704,190.83261411729342,161.0849592761212,0.3304381681622391,161.042816,22982549224190.863,16445639331476.77
5,326.0743291187902,326.1509897428936,265.7465656519699,0.27413625866943925,265.665398,55315146546606.72,36872600923269.0
7,971.5084182301312,971.5341510683047,835.8614669908769,0.5429862844594666,835.855418,950626403032735.2,704366350690664.1
8,523.9217708131589,523.9694856878558,501.7369459644187,0.22227816328462024,477.163688,115036306461465.08,105581829641951.25
6,198.6806972449293,198.80648746389355,175.03659202532015,0.287179135643481,174.823404,21691143983122.19,16871991384106.213
5,225.1058074545311,225.21683895694042,192.66641502380537,0.20494418480976848,192.512692,19886362948618.188,14606202406826.854
6,332.03148376238545,332.10676929182165,301.36107183260907,0.23804275315976897,301.072434,49849175128140.68,41135016654836.47
8,331.81352982690635,331.8888647969245,306.3381228645769,0.1989532483317499,295.557261,41674616549373.17,35570738004899.05
11,233.4933503388165,233.60039523178315,209.09214262749057,0.22863138867365465,208.948141,23831268057397.49,19146888248358.73
6,392.4838537151853,392.54754543510137,338.281991799783,0.6848965105974438,337.857519,197953661012241.75,147442469166528.7
10,382.0623801236552,382.1278088621036,342.95999359509165,0.4015900958493587,342.810588,110563485345958.5,89261720899448.83
6,210.07939288874218,210.19836183115817,181.90241978841695,0.12267882913688537,181.862766,10425216014512.56,7835519171636.786
6,408.7383214080952,408.7994806595372,356.094266874202,0.257976742609986,355.704422,81511812210505.97,62017554653718.555
8,334.7926443383094,334.86730909874996,330.50312269044343,0.36516759354470274,330.326569,77444713625762.75,75490053208064.48
7,502.18294614834474,502.2327263353428,448.85533227911833,0.24229029534079374,426.097384,115201877961302.88,92218292702712.56
5,366.71323611932394,366.7814029433704,318.0162417254016,0.266053862987186,317.860041,67777366930751.2,51099589495035.234
20,409.3129364963732,409.3740099020504,412.75321321414737,0.39327243166075476,424.096201,124140067956308.36,126216803137146.66
6,254.72025925138024,254.81838723508625,259.09560816631847,0.3564009076558002,258.839422,43973602925454.94,45483672108694.32
5,222.07814934591343,222.19069381255787,178.62551700021135,0.2574752496189434,178.440301,24273911047341.14,15762682555604.54
11,676.0277575352196,676.0647372538356,623.7142383778328,0.48790118351395134,623.14662,415785245568171.56,354411750389618.1
7,503.9553139157063,504.0049190473026,443.86221814774467,0.12535858984753884,443.545964,60373414912406.86,46938170568200.62
17,255.78413156227734,255.88185156252956,251.3400506038153,0.5055749892748954,251.177791,62703893483829.26,60562600712748.37
14,421.186191215039,421.245543205185,394.0185462022713,0.4711242814068444,395.297269,157136260354858.47,137681145803411.28
5,550.5785755764764,550.6239804837978,490.90503612580113,0.3351783511335855,448.053275,190701795735159.25,151912976348409.47
6,224.24865538747306,224.3601110783502,216.22666196048812,0.26086734544044565,215.994685,25069743977599.062,23322874334873.19
5,246.0442274007003,246.14581417770955,224.85457960816856,0.20881635860045233,224.629638,24165756215271.35,20214026373356.55
5,477.32961554361515,477.38198738014347,410.7202583779096,0.2612469142365895,410.042195,112250670573293.33,83331021758040.1
7,253.9371882118908,254.03561867769892,219.37040489391453,0.1779186301361488,219.255377,21950645109661.098,16422275658568.125
7,397.6335404368766,397.6964074270287,340.96392115475874,0.14925619966719153,340.977336,44869090034635.09,33080120740374.34
7,245.7234817906847,245.82520111521717,220.2630171329541,0.17961723187377177,220.095184,20759908819346.133,16711763406274.287
10,343.8632720463558,343.93596767774386,328.3438850196682,0.24122822929819182,328.122593,54141042374146.02,49404320241450.234
7,234.89953060027955,235.00593498086738,210.80138945426512,0.2680631533331993,210.613412,28237171811643.258,22783292485149.688
5,551.3965072427583,551.441844802798,448.184592626187,0.4046963326857833,448.070322,230573324829815.94,152877118904290.75
5,135.412765517268,135.59726053661487,108.92921879069509,0.11856082354421155,108.830316,4219161601878.871,2740383361592.5146
6,316.21334892945185,316.29239959439315,267.23563379444016,0.16196215701580294,267.204666,30892493145687.88,22128148460901.33
9,240.07368155170946,240.17779367333608,222.29126002245647,0.3560390547636656,221.993266,39063164109888.08,33535738479376.805
14,250.21556997590602,250.3154638818136,233.34423426695764,0.20648131822115834,233.268446,24707850269071.594,21514146259402.188
8,260.45269898575003,260.54866802377194,233.3661823567916,0.3602829865678869,233.174806,46453352968857.96,37365488094176.18
5,419.8731013696491,419.93263894792415,353.84367271694595,0.19562140787374105,353.887663,65351401042183.29,46552886473722.06
7,333.7885657978934,333.86345510914276,301.9758460125359,0.4365975577839873,301.610233,91898000335320.61,75349310466468.72
12,467.82421601591597,467.8776518395663,426.81011032617675,0.4657101892499494,426.34304,191297463354194.7,159485127692290.75
8,363.83371112950016,363.90241735149897,338.26893365519516,0.3257007378247338,518.804253,81540342549256.19,70574695919522.62
6,239.08406641661392,239.18860929045903,209.1907518128998,0.2661095217754241,209.013172,29031952185778.652,22277310386772.383
5,456.8089574921139,456.8636816874722,394.77962863650055,0.30873748595167694,394.641478,121409612861712.62,90912317834940.31
6,441.55731442985814,441.61392859205495,369.94945868996274,0.46120209768100334,369.782141,168957065215388.22,118973377657853.42
5,141.63529260807974,141.8116924381638,116.6601100244324,0.215617847039089,116.47945,8344721916750.208,5680369157281.345
9,415.51504796374275,415.57520990106167,380.7503833209293,0.47268779438349523,380.576235,153473066637967.72,129065839500230.7
5,292.66982833328206,292.75523636074007,241.7195783262989,0.214817819902714,241.424819,35060757687319.812,23995523468878.047
7,475.93135791106334,475.9838835959351,407.5975232056136,0.2882814023591792,407.2272,123040359546655.2,90494370632966.78
11,259.3214183221607,259.4178058665539,236.6121004932483,0.16729169088092477,236.499167,21527716569696.086,17950412770609.47
13,494.9393414272686,494.98985009034106,468.1413070957853,0.4749792178694403,467.899746,218135765635038.06,195332896481439.72
5,309.04581688509097,309.12670045496424,249.3140743742534,0.2552145306837119,249.264987,46331547908949.87,30266046762616.9
5,416.4956019097845,416.55562222852507,339.0431910624013,0.3001225749964691,338.857522,98296665986195.48,65374707755908.914
8,169.38130100115455,169.5288327360385,151.4881007952303,0.22101649651158592,151.380399,12193127663152.252,9771774430006.107
5,318.3786357465447,318.45714892247435,263.2022607456009,0.5320780543310973,262.952702,101799540071509.56,69807608023314.914
9,326.35878957496095,326.4353833959083,290.6063191579317,0.1948349921837346,290.348965,39499865495147.93,31383133163158.57
9,301.4211293255891,301.5040583539689,294.84314735474027,0.2392413928621072,294.717562,41356663613861.195,39586583149778.914
5,485.19201866568113,485.243541921867,399.90667902589536,0.5233854647270048,399.481214,230885114643766.34,157371412241301.44
7,345.3044762970985,345.3768685809944,304.2073760015712,0.4764076632132495,303.947685,107168006062644.08,83364270271518.7
17,279.13464089873685,279.2241890482749,273.1569351626774,0.34296345413767915,272.970474,50751726257349.13,48619754700106.164
8,533.9993244610528,534.0461389476201,489.41279267042137,0.3577858155780818,488.82117,191482394431100.1,161090490977019.06
8,343.160805387302,343.2336497985909,310.5075585909045,0.21079003603915797,310.405122,47173911768023.09,38691164795345.734
5,389.42493648934095,389.48912842302445,360.4740605529581,0.6169302681176391,394.906153,175728332354973.03,150777720556102.38
8,567.1907724981276,567.2348476663107,507.52441664861516,0.4160446764876782,454.858698,250642130341986.62,201044045833981.2
5,225.64656040182322,225.75732595238998,187.2761825828796,0.26510127667362315,187.19533,25788889679135.105,17820911756379.87
6,274.5129253587306,274.6039806503322,228.36315892571304,0.1694544860969002,283.30628,24409015649892.676,16945129515039.348
6,310.7310036501123,310.8114486781433,262.06689846984756,0.10212604447361442,262.045548,18890463346657.094,13475612938181.455
5,400.1681615289993,400.23063038890376,325.12736395193417,0.31740445817530344,325.085951,95986500683458.72,63595649195309.85
8,302.82435829333303,302.9069031497449,275.86862626101436,0.11452903725268525,275.990444,20109517262016.55,16715162113360.938
6,256.43822481691313,256.53569565900506,219.0694493786818,0.1851939684835112,219.022956,23288515504150.395,17041553682368.979
5,226.9473341689248,227.05746516329654,196.99409367511984,0.1464591319693682,196.771543,14483962928528.432,10939323784373.049
7,352.3044375351839,352.37539174434744,303.9386641869914,0.3035988972258769,303.563572,71351035018475.69,53243098213980.375
5,194.55961656617225,194.68806948135258,163.42966619265462,0.1463295047538217,163.134585,10663527637351.678,7546719342622.323
11,376.94758029422866,377.0138966797828,356.6842583755301,0.2051838070633629,356.526408,55328442598902.73,49587892220462.086
5,462.70151264552123,462.75554000406464,397.18860760677427,0.5242565980997201,396.787436,210484717838537.72,155514338908660.6
29,421.4786577235619,421.53796853481117,403.5826554609418,0.19366249007420536,403.351979,65194114247571.57,59820973623401.91
8,592.1770688966607,592.2192844943843,525.6197381902941,0.9325285030915511,524.99902,607872409611031.0,479819235106955.1
6,242.50472145202443,242.60779032529842,205.70722590200117,0.1577734293661187,270.998071,17784223390703.55,12832211218973.457
6,387.1098303905358,387.1744061595361,327.30248594092535,0.2578024493903825,309.364783,73134799397971.9,52436725796923.64
6,707.8443194276523,707.8796370471439,627.0738618818559,0.6169189715354746,626.469889,574834134406502.0,452023576434646.3
10,509.9244012829008,509.9734258015067,497.0200495667307,0.3651941383660008,486.510634,178334899334151.97,169500139892772.97
10,287.1162386210202,287.2032981702728,258.4141551618347,0.21383089266212246,258.24132,33600368898027.188,27268117697593.688
6,268.30413921412793,268.397300879562,225.4685958759607,0.23873634067371743,225.304796,32766317408309.527,23208820393659.746
5,372.94913042870667,373.0161576762171,330.70590096084953,0.24413612866089743,330.400957,64356552272000.52,50710115226644.34
7,268.97781569031935,269.0707441055891,244.8694641149338,0.2771798253267785,244.831321,38182352406261.555,31696574424337.29
6,251.21588292178745,251.31537921936498,219.90789597699828,0.2086706786125353,219.788826,25165850569252.094,19328360229467.14
6,203.0411887457152,203.16427916165074,190.14288418452495,0.2801616649318473,189.956804,22096586685073.4,19400236883067.113
5,379.8997455400592,379.96554667680294,324.6476883152031,0.1911062228610924,324.349334,52368216178681.2,38348724643426.055
6,116.12643353608993,116.3415169482155,130.65489956769085,0.26900805255807503,130.451056,7009285392822.427,8854790764758.887
8,307.8575636856329,307.938759363698,276.00506209514657,0.20832989096546098,275.73972,37599182298889.664,30278947444184.04
7,273.70132941933315,273.79265462373223,252.55288310041345,0.2753161211529715,252.266283,39259691374742.13,33474092421381.785
6,408.0975473222998,408.15880258849836,342.48422496431283,0.3555120477798481,342.109473,111661603488278.81,78888179420811.44
6,396.80511704090804,396.86811525977834,330.52616844296296,0.26931160728858566,320.875153,80208732160719.78,55831002062296.234
6,302.85000245187393,302.9325403206134,257.0757654648785,0.24623992605743725,256.553528,42956584435839.37,31041415216691.168
6,261.4762525897587,261.57184609277675,225.13837520916928,0.5638621296930024,225.264679,72981728923220.58,54248936100657.09
7,272.3645446849482,272.4563179693933,242.23435731441498,0.31094445794682857,242.22897,43865160048874.664,34768143672909.004
17,373.058251799844,373.1252594450767,360.17326399713636,0.28678364313879673,359.719006,75535606251394.86,70451477047099.9
6,556.7487910936576,556.7936928380647,475.5663958209624,0.3710600838525995,475.453368,215651118870863.9,157776905093581.1
5,349.46855477957763,349.5400846537156,293.8304271018964,0.22226399496474117,293.692082,51546723832982.75,36550911355005.67
6,582.7424610554409,582.7853600743176,521.0620600472755,0.3507907831102871,475.544464,223288867703746.88,178861377413253.72
5,563.4774213642115,563.5217869676923,460.9840324036239,0.3940538881749226,460.688407,234423802212967.94,157439094034837.38
5,91.52473694329937,91.79748075268813,75.08947828008273,0.10310625187342123,75.017145,1689583594407.53,1141141808813.1685
5,498.29159729693765,498.34176619738935,466.8479083369963,0.2700558318344451,466.431968,126316583773384.34,111006636411759.06
5,239.38120784294762,239.48562100541335,194.6438221111024,0.19667609680616732,194.403173,21566107773346.68,14308649977918.385
6,396.6886198359029,396.7516365527854,346.31576338192144,0.3358467816612793,352.472994,99770439769288.45,76224524266300.69
7,380.33502095661856,380.40074680009695,349.84879145349754,0.3043611983076831,349.368805,83250903409258.92,70543626734438.83
10,297.0433601179771,297.12751099515884,272.899102645508,0.4404686730771184,272.591333,73569952867458.42,62188880192514.49
14,513.9488318007703,513.9974724737239,479.99808347636707,0.3387736708706712,462.467196,168143118738737.9,146840018690712.75
15,699.029836691316,699.0655996290247,705.0988198318836,0.9148768238989977,687.737976,829243218568999.6,843704718379581.6
5,392.4352647027257,392.49896430729393,337.5064954460963,0.2763901140008422,337.134923,80511135751113.39,59708614307417.79
5,540.5663963983573,540.6126422079915,478.94361036057904,0.27129743273604734,478.604093,149121310580874.22,117312187472659.27
10,333.33169477655235,333.406686709503,331.9627695142608,0.2758074875785244,331.701737,58131633450076.44,57659313070066.914
5,581.3514819430656,581.3944835973235,505.2601147852582,0.5373482339479879,504.885057,339235821090545.5,256835494004021.5
5,201.24013556551634,201.3643269360971,164.9641695594784,0.14829783935816057,164.773556,11553834149416.947,7790356598652.9
8,374.75666167877995,374.82336569726215,336.0940981607831,0.15735321782894748,335.825798,42041011306361.99,33878479518170.38
5,230.79504386492826,230.9033396740163,192.77971167656605,0.11958729628278564,192.704909,12248431489554.63,8572174900824.83
5,333.6291330046779,333.70405809557224,285.4010654621156,0.45322902377989177,285.133507,95276692919946.95,69915125233173.1
5,190.76317990031865,190.89418745912965,176.3268850779554,0.3571820802884641,176.198919,24841843904762.004,21253090753649.3
8,634.6355477073733,634.6749391726743,561.28244731406,0.6468354986037236,566.295731,485147165653843.5,380275717269219.3
9,532.782822215022,532.8297435836364,479.933709181781,0.49024285885692587,479.513839,260513616784849.47,211751915027007.62
5,308.7222901808086,308.8032584907151,250.60578844784064,0.38965760434656177,250.137912,70329670800597.98,46513176136900.94
7,329.08494215916204,329.1609016209231,291.232607294215,0.09260802255631732,290.863983,19210525669780.42,15076516544514.592
7,135.8376588964238,136.0215776061327,132.74416026352569,0.23467708572960908,132.959511,8353935522566.459,7980918584481.001
5,212.41106686071203,212.52873058696292,171.88023828840684,0.24452135567131764,171.972665,21114999894456.836,13875486823102.693
6,238.45526266468815,238.56008109590636,202.35333188285324,0.24522883186416364,202.122449,26633405033747.824,19233680502319.33
6,476.32826033658733,476.3807422590461,406.79631518790427,0.15368813585000396,406.398314,66071358904114.56,48323491749785.625
5,376.96227421906224,377.0285880200697,301.70849335108636,0.7378692680803607,301.624477,196740655043100.66,126528304306513.27
5,375.7882745055261,375.8547954407934,308.74137654312284,0.3176178263714049,308.89559,84798193658936.27,57437303463181.78
10,234.5353494402527,234.6419189681619,215.32189707895589,0.23034633723478695,215.119057,24221372012072.61,20445582790681.72
13,403.3901140484715,403.4520840348192,376.882501907939,0.16377299745624646,363.59237,50614934222241.36,44234165131939.76
5,361.61605252731357,361.6851800190835,289.7286991687586,0.1494604077525122,289.382897,37220952793576.14,23985405215655.188
6,221.51515164885382,221.6279820104282,201.21792477032335,0.26933974820495193,200.836977,25255147552806.918,20873595277609.46
7,189.05077834887751,189.1829717345523,163.75913131075205,0.288934985316032,163.689913,19775350993042.668,14874198883470.504
5,270.17846028867825,270.2709758815417,226.36615237963977,0.3523757651748627,226.144627,48868423362486.82,34410880390845.805
5,249.60352039280292,249.703659149161,205.59334342538153,0.35322517363516104,300.997436,41866611924372.51,28500621011380.082
5,525.0025433517397,525.0501600093037,435.9173363585729,0.3515842652183811,524.696734,181959595754612.8,125861066490563.58
5,208.76142733387834,208.8811469292482,176.93692446540027,0.2237734003623598,176.887399,18684716312679.344,13459763838070.299
8,259.2391824959842,259.3356006050581,235.45639155413667,0.20694642313879766,235.346804,26565028727368.84,21950888306171.71
5,766.6701158117138,766.7027236672285,671.6987351290284,0.4096909018752358,670.983003,448741485912342.1,345229825993584.9
5,399.0345163754306,399.09716267968355,319.6767708193348,0.5402381156728102,319.399059,161691738468834.75,104183669090778.2
5,379.6428905967055,379.70873624479873,309.0575355335179,0.2998748366273742,308.84422,81738941182393.5,54366281555328.65
7,416.4751650621971,416.5351883257696,386.74208424381095,0.4693274394583665,358.150709,153090459074230.22,132185084335807.05
6,320.6525833436727,320.7305398694844,275.8368754047309,0.31805044004442423,275.772909,61997029595927.13,45999588250833.08
14,448.78727998569906,448.84298220754465,413.21143814839735,0.5083484693108135,412.950664,192155694165188.44,163137309755835.75
11,481.08170223950054,481.13366565815727,453.638781929711,0.48348329254008615,453.438346,209847939210790.62,186776796900948.8
5,271.59091601542633,271.6829506282983,236.81380139641297,0.24542712331335498,236.5919,34499276026207.92,26292189888871.66
6,424.64182048021576,424.70068954588686,361.8079167438664,0.2474938399838942,361.931047,84377101110140.38,61427306571248.77
6,870.2610410109595,870.2897675495667,733.0753900860827,0.33453596268229885,732.651831,471928471134820.4,335850376048179.1
5,390.50492077011074,390.5689352030835,319.68394551347376,0.25820368571186514,319.419256,74526611900973.83,50121908182356.59
5,394.24460904835087,394.30801635737384,369.73771867965957,0.5398926128244778,369.405031,157766951259529.8,138920327548218.02
6,224.98674866687531,225.09783889609363,194.51583430550355,0.1933000063104724,194.323091,18746108073497.47,14046753295298.031
8,241.0270448750163,241.1307453668717,209.37541040830007,0.3170685395940735,209.147778,35097467558795.855,26549587938043.035
7,375.72441095838525,375.7909431985097,323.6601926710584,0.21716393374289245,328.749234,58153828129948.445,43266798482060.09
5,389.14559112151835,389.2098291273178,322.22332032761875,0.5869611511292078,322.039381,167027940136527.47,114903444883195.0
6,219.85574043063974,219.96942196656525,209.35547676671902,0.20809455032962162,197.504785,19266382315385.695,17484491102833.635
5,244.1076270142153,244.2100193819067,205.84895390043633,0.23032713668046106,205.724211,26218546725183.945,18698946818737.484
6,309.80491354528226,309.885598982592,264.8271483637935,0.18576908889344262,264.873846,33983236403167.54,24899733949409.07
6,409.61208149850705,409.67311030813283,363.05173378926145,0.24887996280880664,362.731776,78996277973959.42,62189976258673.375
5,331.3949743773673,331.4704044746317,281.5802543257404,0.20875785460575239,281.520144,43600716885910.04,31567791216776.43
6,488.6628845400747,488.71404187625546,418.37152326709344,0.2007653123776845,417.960241,90582738697436.73,66579964600919.11
5,138.51804890389286,138.69841337283296,121.9460796416481,0.23569252813324756,121.803325,8721219157612.4375,6774197341799.033
6,360.64488963294804,360.7142032390203,355.08614601954514,0.3492703501814425,377.517092,85875125890039.48,83271283500000.1
5,425.91767624647184,425.9763689915139,372.26303416141764,0.31547173921195676,372.016215,107960530834204.42,82671257418037.06
6,282.6788635773545,282.76728932708005,267.08990097607193,0.3677071949432703,266.979078,55757401940546.71,49826830755027.766
6,175.26355504522107,175.40613936544307,151.29332373237406,0.18205252073858016,150.93286,10764849878527.404,8041906659377.711
7,262.99488240172053,263.0899241124502,312.40420069577044,0.30953355924017234,312.074004,40740069468709.64,57312498825675.414
5,159.73368033427022,159.89011424453616,132.64612298197574,0.09600402555541085,132.514287,4749051343298.399,3285307552608.2227
6,197.5767173894144,197.70321002547362,172.29168870895793,0.22497430441678043,172.217578,16840967211425.186,12835979859054.824
7,504.67551939129953,504.7250537400318,471.1682967722543,0.5623416574261652,471.077355,268066179580691.97,233912361605687.25
5,372.47062532236487,372.5377386628548,324.81209959513575,0.22893239665670093,324.520615,60229338862837.79,45912634577294.89
5,223.53258384486602,223.64439639830474,189.44515976910714,0.17169787635322978,189.546514,16454893987614.684,11852177786053.072
18,291.95796850084787,292.0435847114983,288.08512497755146,0.2920613066252963,296.960987,47310769899118.42,46074721440502.83
11,251.3029371237234,251.40239896828766,246.62656069844385,0.13850277065012448,246.419606,16773781448067.543,16160452418358.611
5,157.61165442129845,157.7701923983704,131.2125677112356,0.26366112710283357,131.158041,12591034682882.584,8753900243160.844
6,468.86707201169645,468.92038899670524,433.5886498781112,0.4293153750920258,433.605872,177255801802739.16,151795602611131.75
7,528.7029326053266,528.7502160240434,480.8903765520101,0.21210780437725263,480.466447,111814036498483.31,92661304879166.94
6,325.7850704080211,325.8617990816955,293.03386117018016,0.37753666673235253,292.777664,75831639072900.44,61465764868451.79
8,182.3167284949344,182.45380097190528,169.06906200570788,0.22626916613497447,168.958901,14441425825748.654,12434814263744.244
5,147.08605866960536,147.25592909950552,118.344102866206,0.16837621216115356,118.151714,7038083408846.037,4573398412092.882
5,441.65178573425663,441.7083877879814,361.71395499802713,0.25443114497480207,361.69636,93742087050470.2,63101284249387.36
7,1537.8373808844224,1537.8536373938384,1327.2211912452058,0.27904262831409,1326.214765,1224106648808409.0,911769467499853.6
7,478.69161208687325,478.74383492879525,417.5389173455463,0.2824246953916038,417.277439,121952678810518.33,93010400910607.03
5,259.5677357799889,259.66403189111526,229.70198448974412,0.11795071291082496,229.594527,15252165738206.406,11969041100629.615
5,366.7865013945973,366.85465460491145,293.6068430911438,0.22812375988738823,293.570648,58216334672604.79,37449439795462.23
5,565.1457079045687,565.189942552905,483.6459957508295,0.16061550059714352,483.301569,96868972303122.16,71140660857909.69
9,272.4775771308052,272.56931235756144,242.23981729128778,0.3195105747828235,242.004994,45099936381791.18,35719066233597.43
7,415.09081822384223,415.15104163874963,386.8968365730097,0.5532307127474856,370.900246,179010615568560.88,155712920830084.16
5,392.99798845863126,393.0615968681378,324.17498361662405,0.15417889376150387,323.857123,45271011166500.766,30907303010465.34
9,669.7517509945192,669.7890772177644,618.1714813157978,0.32575064996357606,617.645668,273438620706500.62,233245961755978.84
14,363.4232256768147,363.49200948761035,359.4375862623647,0.23920641776386722,374.675522,59914938868332.21,58619336784736.55
5,165.12780712648274,165.27913566570007,141.63276966030512,0.3397896687144135,141.592009,17758918617162.4,13098760781533.656
5,225.8060871837141,225.9167745193329,190.0893325994218,0.15337034486983683,189.897911,15010711406125.074,10668874209674.912
8,205.08188525169857,205.20375156997218,192.75248733321524,0.10232559750660418,192.572611,8303129787609.992,7342658911325.8955
6,326.11195139088477,326.1886031730275,287.213953908092,0.20804906857617278,287.105606,42091403894849.29,32721742016713.633
5,446.2697964575271,446.32581286571656,364.46854621604297,0.3436390777827945,364.231707,128901713670938.22,86287933067471.7
7,178.92621976046405,179.06588764410122,166.93057551918417,0.20173094964702395,166.692798,12416854312458.72,10820639584601.467
5,381.93923312653527,382.00468295727194,328.3500876958545,0.40802886280124984,328.056207,112248492633089.14,83183150794380.73
11,435.8571393682993,435.9144938383181,396.2193769619081,0.523320392622183,383.398682,186629441980486.3,154489060155029.16
10,388.750172156227,388.8144754911989,357.63885238477343,0.3273394540901775,357.656376,93445046670310.42,79204301747272.86
7,176.73099235701457,176.87239371788672,158.54523692016681,0.19136980192798783,158.354746,11499492482451.055,9271898540374.473
13,289.96157201862,290.04777752554725,267.0721328633111,0.31712245208408296,298.60864,50639787267284.02,43022374164841.125
6,270.44282114487,270.5352463336268,232.98942730390365,0.15133348843984434,232.985534,21183306803241.89,15762142223474.29
6,343.9525519198499,344.02522868559663,297.282770672237,0.2626786653571417,296.971157,58941592281700.336,44144405140271.555
6,521.6372341427395,521.6851579679906,478.68549646359253,0.3180318422599055,478.519487,162654614818169.12,137180045019210.77
7,270.6688263595624,270.76117440073074,234.96224469920503,0.34130293497059544,249.462409,47516577361392.46,35895589839702.81
6,316.0226244500705,316.1017228113607,280.8684020483096,0.25028258746649845,280.72817,47500364937470.65,37597908798514.71
7,222.93693410855244,223.0490452562419,213.8091722125183,0.20249056683189545,213.840414,19276612795428.54,17742985874652.066
5,248.5324827370073,248.6330528618849,215.00806196708095,0.1383047914526566,214.754797,16385798752290.33,12293495008678.104
8,331.91668850394734,331.99200006540275,307.14368684802474,0.406794315234262,307.211558,84728890806302.39,72652773882324.14
5,215.51153079498226,215.6275026651206,184.3177966388681,0.16783259031419273,184.142136,14962966447481.691,10974039949191.86
5,132.50371937216642,132.69225918439187,113.56491068555437,0.25830924186215204,113.610412,8745892541523.373,6441639966993.436
16,255.75114958696943,255.84888218449657,243.57752262735355,0.3224609249307466,243.3529,40141033123991.84,36441693065860.96
8,255.9997243850535,256.0973621207828,261.3666488029224,0.3786211801175195,261.012161,47156522621270.61,49136595462604.45
5,302.60094565709807,302.68355144039464,245.6901793050795,0.20918551514517364,327.935759,36485024979934.9,24139089990032.047
8,284.3126375467519,284.400555324336,262.3548898908476,0.434925950886261,262.036644,66609563210723.19,56798412336190.91
9,876.5938560833733,876.622375098376,808.5568467141435,0.5481397735170241,808.131032,781398342575214.0,665652836414490.4
15,287.16555582115905,287.25260042352136,280.07099792163103,0.19758393920192838,280.187705,31079388266717.64,29575503533378.84
5,211.9094345183439,212.02737662359613,174.87847067081782,0.1487568921684521,174.631594,12839383044379.174,8772962010562.064
6,522.8903947363793,522.9382037177687,440.7826304848653,0.40193858367035507,440.723776,206124682605921.9,146913758141302.4
8,218.56442998835269,218.6787828211359,213.79679547141512,0.5185757070559572,213.877362,47079870473154.86,45065751545545.66
6,445.6582807189363,445.7143739810936,418.9958388571777,0.37893422908139296,418.566802,141632747517008.6,125329555827249.48
5,391.8803543839952,391.94414417379124,320.4829481974357,0.5137860599057303,337.198017,148423763077130.62,99622895163127.36
6,223.6197499251115,223.73151891624346,191.63735317852507,0.1790934948181456,191.536883,17170812454552.361,12643387993153.785
5,175.01628108449412,175.1590666926684,141.69650468279565,0.3132988988354118,141.655037,18388762346653.688,12096689233728.879
8,298.0790270642484,298.16288564402,272.32200245276505,0.3930329943794233,272.027998,66167759701695.41,55314486734871.93
5,460.69708071573274,460.7513431125278,416.91718675205067,0.5788387871473671,416.399118,230221421954173.66,188857929154456.9
7,264.9247462307798,265.0190958505502,229.35473227963868,0.1852020273352505,229.138002,24842525613288.617,18665622158358.977
5,177.5486387540959,177.68938945089673,160.98545873234173,0.17906832907052656,160.832164,10865421230449.496,8947763695230.195
17,357.66811651506265,357.73800688692893,354.76036738719137,0.4153956110583513,354.226566,100314187547463.84,98704110532932.48
8,318.39830393231773,318.4768122595059,297.71570347646576,0.1726817912710741,297.571438,33371238941032.145,29210656895082.223
5,312.60536828478274,312.6853310925613,276.8104784601065,0.19483635729587787,276.684389,36268381095115.914,28498364104143.7
7,363.73207677265145,363.80080218898087,383.34247956697845,0.3184153737351749,382.871203,79688313734923.25,88430026317362.94
5,273.82918114688226,273.92046372546184,228.19485061690366,0.17945375183380569,227.920618,25709114622381.453,17910129132440.37
5,235.32697684810898,235.43318804380664,194.02553069015445,0.1404506325006873,193.817536,14930540860603.705,10183059874044.916
7,421.386427690796,421.44575148174226,373.1245399045505,0.21751396197482825,345.474403,73116905859240.2,57450443499213.805
6,456.1980872951725,456.2528847599474,410.64620727892566,0.3241766849945479,410.461126,127088068842752.14,103168684877329.77
7,242.1981252960164,242.30132458759869,210.38291841652162,0.23816233692428626,210.486186,26683869464880.22,20182951800124.71
7,231.33349965828126,231.44154351401136,219.97782575964902,0.23802285933041498,220.06981,24348750561263.89,22036115023078.734
5,246.00806247697324,246.10966418179186,203.4267083687558,0.18897585468434505,203.014576,21882153849246.363,15011039636054.662
7,267.54522818360965,267.63865401660456,247.75599658077124,0.2925028562086882,247.527179,39850034714331.3,34218948745701.297
5,167.76921010691504,167.91815821970596,144.15260106285868,0.08995964096471644,144.012749,4907655130632.693,3632588055184.8486
10,297.0094007852525,297.0935612813155,268.95785754133306,0.28774424086430733,268.757925,48230127181942.41,39618826609573.75
6,221.38684676870056,221.49974248785958,197.05943522027817,0.12231664088985218,196.846224,11533415308279.55,9156215525593.707
7,220.6045895303998,220.71788536925635,221.66423561596582,0.17246580052132807,221.530124,16101302720141.346,16255038096975.176
21,369.5200239983562,369.5876731382497,348.0618552196132,0.2711528889120148,347.665368,70116679097250.22,62275217009262.1
5,249.969771615779,250.06976370933913,204.56914903660265,0.1382660978602957,204.325823,16569653969479.465,11135170759344.092
5,539.2622740404704,539.308631678837,443.2744470899277,0.34563913018487863,443.504774,188670863500531.56,127926025420579.1
7,278.39515117188495,278.4849371079461,249.84444533860278,0.22569033824345638,249.40428,33344458599452.258,26906367905587.37
5,307.803376221232,307.88458618967803,299.3372660112816,0.16614731952215242,299.415289,30034878742586.85,28419101886201.46
9,370.28191963867096,370.34942960844313,327.84557223774715,0.21321011147391922,328.012588,55476109674786.32,43581990405335.18
5,444.74984224065923,444.8060500634982,423.2222758602022,0.13147686143186413,422.887846,49403749635583.94,44775786274343.17
5,514.9385759825664,514.9871231739229,425.80991946221445,0.22603805303329902,425.637138,113022950500992.64,77545362077101.86
5,271.9542727784225,272.0461844658745,225.18815045181736,0.2904510828898313,224.902505,40876282686194.0,28118991473513.105
8,300.9039139388791,300.9869854723562,262.3578641718954,0.26518850686128304,262.279507,45645018442089.0,34783110993217.19
9,426.9474952074324,427.00604640203926,383.4430252755735,0.5717794116689042,383.170685,195577744982658.2,158052113002863.34
7,320.37513155011465,320.45315557153316,279.11416117206505,0.49532191946291404,278.802742,96009954057070.45,73050696836014.84
8,426.2563419961181,426.3149881154915,382.3605058550247,0.3236737424137006,382.06562,110916687626008.44,89421487441607.28
6,431.2566710059112,431.3146372279762,394.9867684819445,0.2428015971147561,394.654846,85367467881500.53,71723327033957.19
5,263.72124952372997,263.81602955536545,230.75563089097386,0.2275675969223068,230.478763,30197154725320.168,23173054766954.848
5,595.1172612045079,595.1592682497304,525.2171674086866,0.4340752995352381,525.164189,287566393227452.44,224434865727127.6
7,238.92623049516297,239.03084240036418,212.538720193312,0.19682829758786063,212.290722,21501395339627.98,17048293320050.28
6,751.3090853079434,751.3423598242406,633.004734845538,0.3552687307800851,632.542337,374279014235002.7,266446308090470.53
5,600.9053358245179,600.9469382752329,501.28956861461046,0.3632726070423305,500.768199,245680950266075.28,171499500394314.6
5,128.7216452780724,128.9157165092523,109.11023858900667,0.1436930293464897,108.991478,4617091135763.839,3326730055131.6733
5,196.10995077441063,196.2373888756721,158.60478207971875,0.13773826478481577,158.547151,10201962882895.643,6697411089702.601
11,379.5084684196085,379.5743373862319,353.4816418029122,0.3413587862670196,353.131449,92874111682219.17,80674137250757.44
5,289.24369073752746,289.3301101362705,242.5724137802408,0.19408885172010218,242.433365,30974006955145.957,21851127137212.402
5,163.49020606960133,163.64304898369716,139.19998747573976,0.2080764279086145,139.03626,10706678949151.123,7783019809640.976
7,320.72158788390664,320.79952764113364,273.77499262931997,0.2665156352518279,273.662185,52054363561591.56,38035849976298.29
5,232.48797487759407,232.59548246405134,219.2621241763666,0.1472626576865913,333.296333,15276269316087.736,13601076375750.219
5,205.61241258291116,205.73396464406474,173.90577258760936,0.3842172587164951,173.761407,30984412432723.734,22229534347294.645
8,616.0749584276035,616.1155365688918,549.7363997245822,0.1529721707117559,526.433409,109515831014151.4,87377561295439.08
6,274.94665860380815,275.0375703015845,232.96272361910232,0.29441077540559607,232.808465,42337230735626.53,30482894609986.215
7,443.35234422304757,443.4087291969697,381.6321442780809,0.4091642643100422,381.232328,151264238753842.03,112378737826878.75
5,138.75589451870476,138.9359502205456,113.47623664808808,0.12596471784471777,113.765545,4702330202927.282,3155774775793.0747
9,297.2656353484112,297.3497233210325,274.8292934151512,0.2113869798932273,274.523443,35588158699953.875,30460477009540.633
5,503.01870080614594,503.0683982926208,406.63576833306956,0.4254425130443243,406.321823,201943880447652.44,132466914608192.27
7,438.7323461365543,438.7893247863778,423.67358126381185,0.4000427760044531,423.613391,144881728766970.25,135190341141698.9
6,265.2607248431375,265.35495500236414,229.72706550051478,0.3612448560573657,229.456775,48296280423847.21,36315027772737.266
9,670.9067775137734,670.9440394801312,602.8559831952317,0.22694956539626665,557.04622,191722530863216.22,155095764800546.22
5,455.39987885581843,455.4547723560421,411.03451835358544,0.3443413576528936,410.796011,134453670600739.36,109732536312257.19
5,225.53365506524804,225.64447603938873,182.41938780860775,0.38338236607368886,182.263259,37138916594165.45,24386485518120.17
10,599.3849208040474,599.4266287772626,552.5687308033462,0.4820283552719806,552.058653,323614856596172.2,275401719145778.53
10,409.72689847277076,409.78791018295817,376.38299737997966,0.24774507592579728,367.556453,78682926457632.89,66496760988810.16
5,523.3611822038216,523.4089481827586,425.31935086451654,0.05832135647244437,425.172911,30476219719099.637,20199722890613.57
12,726.8826078884542,726.917000523939,686.7225292038561,0.3924793145397075,658.528274,386921105100374.3,345682504765778.1
5,365.11737638254806,365.1858410952912,297.26598386149834,0.27853491009679543,306.065263,70317714813318.39,46779841869509.42
6,314.607837711069,314.68729168689725,272.5606550805845,0.29223261897476244,272.432639,54896087120587.67,41306789114588.664
9,343.7283291336919,343.80105329832776,312.70746580988913,0.31097159658272516,312.582917,69584402701707.414,57687273226224.68
5,558.8288298650327,558.8735644922934,471.1859267846359,0.08063290708329626,470.707379,47848882015757.17,34119004199900.215
5,323.7654479614322,323.84265514855645,276.55867669100286,0.19491286352838344,531.229491,38895439035798.32,28458061958615.484
9,306.6055712906669,306.6870984349948,271.97200023859676,0.3148765473383854,271.736127,56167607197809.9,44288157199555.91
5,258.35724588851514,258.45399301055244,209.20593078199073,0.06618256519243351,209.005618,8521002116945.139,5607737129768.653
5,132.91232281356042,133.1002838302612,132.39436096737853,0.1904674091871146,132.25353,6505515999416.722,6455348980647.529
7,419.61793980954127,419.67751358632955,368.5866125962786,0.3475995325890115,342.806544,115393251619653.81,89238986311797.8
5,364.20985848151344,364.2784937587231,297.01952004658426,0.19564385741615065,297.000502,49301097153888.47,32905937831164.043
6,834.2184087439564,834.2483763767831,707.197319676066,0.5446007942402483,706.498811,703691385617371.8,507024391449063.4
6,427.63704692988836,427.6955037253905,382.273440736934,0.20223578607372866,381.907434,70039661137754.81,56078692398652.09
13,398.7583683532547,398.82105803448985,368.6600169368853,0.24285024404276365,368.672732,73101878369060.8,62569204696601.984
5,307.1667080795563,307.24808632834703,248.4867116287753,0.1364549516227722,248.222468,24608119840904.402,16162573465525.322
8,806.8702405002704,806.9012238217043,720.506959092556,0.6641316043689399,719.735866,802027795646460.5,640615631093312.0
6,314.30289832481355,314.3824293680836,262.4120679095764,0.2397588794847491,262.371097,45030476873237.51,31488273785535.883
6,401.9953177560956,402.0575027254488,338.14190121304324,0.3794080143066973,330.58957,115593878245766.14,82040551892100.56
5,319.5659130996636,319.64413464855215,275.0793096382489,0.14669539156481864,274.96507,28596260630988.742,21243661044630.094
10,397.13056290937106,397.19350950980294,355.59661279196865,0.4234935480745986,355.425618,125825372513288.64,101081641412082.25
8,193.05610799271494,193.18556062318638,169.11172855705885,0.2056391268486727,169.010615,14714153386583.281,11316015376059.342
9,225.89626169833375,226.00690487080718,199.84467545152162,0.14086515111692088,199.894904,13807635800509.752,10829150533301.064
13,472.7463485665928,472.7992280905781,435.91414588585707,0.4262563995686987,435.491797,178902282766052.88,152330239902340.72
9,391.09957275640426,391.16348987378916,356.662360670729,0.3124960101896281,351.816985,90316829199968.97,75234748475653.25
6,282.8846550585606,282.97301650086854,245.1877126455254,0.13008981902438946,245.049571,19934233108498.81,15011672032734.658
5,258.504753646913,258.6014455838389,251.22159929900866,0.1866900403682744,250.88147,23851585631095.914,22537645064383.7
5,202.47889466098866,202.6023266972414,164.9507726308632,0.31046176760185945,164.87647,24330522740648.973,16203999777601.553
5,298.2184806132417,298.30229998991024,241.0740067894305,0.22094254044152462,240.542036,37419157831465.08,24543187441360.684
5,162.42408541237995,162.577930611901,136.38658494182803,0.1793318855117905,136.348073,9120299920709.766,6450063956819.164
14,519.1006138263646,519.1487718129636,520.2130607326898,0.3854618669335145,524.692902,194912523049268.8,195741382090834.9
6,327.89428303476643,327.97051825870494,271.30113769520926,0.2874574905540491,271.343945,58622215159277.71,40266248780985.836
9,294.3906176999087,294.47552663970873,264.4640656133683,0.4378091705420861,264.196037,71840653388808.27,58086397719617.38
9,232.7967160008798,232.90408107372076,222.36286583038483,0.21867341318464542,222.342114,22667384047409.97,20697411171375.93
9,264.84239204673355,264.9367709945822,240.27504023457084,0.21588369474043365,240.032829,28901901962764.92,23828671803841.508
6,518.3394850526511,518.3877137477773,465.45332205121855,0.44015366594487443,465.032804,221678783053547.2,179077649916205.4
5,260.3437914743697,260.4398006435462,225.96468859668033,0.16887455136638665,225.925478,21899826478368.676,16537705648614.002
8,233.83090312838718,233.9377935645226,208.0911699009541,0.1507697555842637,207.958257,15816596893073.96,12550823572924.912
5,370.7625134004125,370.82993587760825,302.2692359670161,0.3799864192156803,301.966039,98620266097721.48,65785905123908.2
6,317.35483101358085,317.4335974147325,269.60885329806445,0.282520545324657,269.551727,54010284627837.2,39092739488892.36
5,522.0904454617211,522.1383276895293,440.3181900370846,0.49547287415468405,439.92901,252892212695970.9,180388799310552.66
5,238.59251232867905,238.6972704898631,204.1520826881851,0.37677026895691984,204.149478,40813399824742.266,29962578146629.05
5,519.9162528798464,519.964335323703,441.3646084993643,0.6209224681695721,441.181899,313734791911246.1,226696218197698.0
5,496.37117907294595,496.421542052988,402.2732174324815,0.3651089963217856,401.932957,169022707979516.25,111428047197578.61
5,354.0793759872266,354.1499745863379,312.0342553340623,0.2306047649688326,311.899428,54871256319988.445,42708192616280.836
8,419.00850306560284,419.0681634785412,406.24161758204747,0.3123446324151847,405.886926,103489924249540.86,97333108395523.55
6,307.55666687343813,307.63794196798773,265.67807868599306,0.26712284785075424,265.753484,48012035501092.016,35919053294663.516
7,209.0011560630979,209.12073841613943,195.14181125959468,0.28962253751761957,194.905241,24184455543069.684,21108346627170.996
5,169.1835433140071,169.3312473475658,146.00764275683332,0.053062219202459224,145.848763,2956620918261.76,2207672592514.954
5,542.9137076172152,542.9597534980572,451.74037317647367,0.4141762765550035,451.766482,228784300609877.62,158895816628991.4
5,317.8532831122829,317.931926023885,258.3305263367665,0.28406649090585534,258.15376,54472440949263.79,36112147578111.15
7,339.7148772175371,339.788460373401,304.3963961098495,0.2508753070076957,304.409023,54948645624023.63,44202140335491.484
7,188.0646119422892,188.19749803066944,177.68250154134506,0.16097615597646794,177.491237,10958140551540.951,9791181963031.95
6,128.5387228465917,128.73306984234048,107.03222497033876,0.07327429783211405,107.003998,2361367451840.285,1642505341871.29
5,548.3286653245825,548.3742565225305,458.81159554686855,0.363429815107833,458.293334,204961116746418.5,143953471994066.6
5,440.26524817630695,440.3220284652417,355.53998873294813,0.14771082704815328,327.06729,54344254136504.53,35573669871888.04
5,306.8946804432477,306.9761308055776,252.6259599540336,0.2216341553558431,252.532469,39731141837105.85,27013465615621.137
7,198.4221235679738,198.54807760646855,174.6376142523642,0.195407399642104,174.49868,14769632882443.152,11465880942273.12
6,396.6577031497536,396.720724777567,344.61381215422017,0.07961149907022735,397.209256,23947021981168.74,18118935990491.562
10,249.0711250560315,249.1714777752006,240.67470239906723,0.22911064340960216,240.467979,27143230522620.79,25359062239298.324
10,322.73683392589567,322.81428712575774,293.0171233549239,0.42328098781501616,292.866066,83365718398632.14,68836212049780.016
5,198.13835835434503,198.26449266410475,177.17737910209848,0.1650684900877382,176.837333,12458898768093.951,9981428348938.367
5,443.54825810488603,443.60461817690606,365.21595355596105,0.3339320771794062,365.15807,123782346743465.27,84213143524204.7
7,442.3085382858144,442.3650563059132,405.64938652377384,0.8329905637785533,405.535299,304686525357706.25,256633709164651.06
10,174.57714432753664,174.72028880916366,159.82532453601897,0.15651876479714125,159.731103,9195201012928.885,7718558510889.686
8,430.7406851141891,430.79872076486134,384.80926625035414,0.3047967436698787,384.379599,106694345615333.27,85324263212874.78
6,232.01167534113569,232.11940352887464,203.35048677351546,0.25158695729306807,203.200929,25873712984472.63,19921333227225.39
5,812.8681244435016,812.8988791579775,673.0239472775844,0.46118958239794355,672.287096,566770274948135.9,389753797960099.7
6,586.9199887492157,586.96258244745,486.59388291263076,0.1847966843801697,486.297213,119975594789933.45,82740560376710.28
7,337.5918044936614,337.6658503036493,316.57426532359585,0.3373518993045265,316.395711,72787024917526.0,64078534683155.6
6,511.87620358528414,511.9250411895117,434.7806477456398,0.5915711571520383,434.479664,289918481483597.25,209717735705230.8
5,715.8119432508871,715.8468677731371,597.1122402256088,0.47832010267291997,596.471559,456640108007969.25,318736275410204.4
5,259.11958993138416,259.21605252416117,214.3873666858761,0.21042313575395888,214.310111,26982734365174.35,18531049648452.055
6,193.1638679013613,193.29324836272622,176.89122108886596,0.3015753749627924,176.655233,21532460008866.223,18084521109458.754
17,285.01818788082784,285.1058880887431,274.13509410239146,0.48229307721908865,273.802096,74160236551923.58,68651943213091.234
7,276.7025677949992,276.79290277090945,250.643316995822,0.27742113506636956,250.363015,40421781011266.86,33224084599140.855
5,260.53679491849044,260.6327329910799,239.68516664695647,0.31588832717307797,240.028493,40802359371529.7,34583069991416.613
9,374.8583599295993,374.9250458546468,352.1819837534991,0.266048082615385,351.904444,70792734087593.52,62555465918649.13
7,548.3228675890808,548.3684592690508,484.657448676494,0.708381424015511,484.320148,397299525987766.25,311047021308166.9
6,198.06620789719932,198.19238812521684,187.53833920444492,0.19537161941320774,187.408628,14714469366827.29,13203971488457.816
5,232.6431715394692,232.75060744054545,221.10997831156382,0.25814436302713095,221.079432,26685613274033.832,24126536951341.93
7,407.159760239065,407.2211565696617,355.95815432386934,0.38664111534390205,329.962299,120795855972067.98,92546574837876.55
5,271.5771137282301,271.6691530169666,251.57112319959555,0.3297245595010618,251.26616,46224496865922.664,39718218297963.484
6,363.2002836335549,363.26910965769537,322.32342679612583,0.5191396856007763,322.272649,128983832085620.62,101800653182148.64
6,429.06163331722496,429.11989604869734,379.4285669167284,0.4885562673523043,379.056939,168991197727290.47,132443517381990.42
6,229.01058701381064,229.1197262664438,193.50594272071737,0.32443185317295825,193.291735,32443439142587.82,23231158923815.76
12,241.0570676113679,241.16075519327683,223.24951553645028,0.26429555554824896,222.802048,29309478201615.656,25172474590448.15
7,285.3969064364488,285.48449030287986,252.1505540923764,0.2690214728589616,251.907625,41688530295643.555,32612133986369.87
8,347.9905120023011,348.0623456273656,312.9084512397755,0.19684635052897145,312.522401,45318214006020.44,36709705209053.26
8,282.9747633980103,283.063096711952,250.57419964426734,0.44829809423718997,235.717488,68000419604518.21,53433923576195.65
5,240.78737519063026,240.8911788571623,197.29808151534363,0.2708238284521225,339.723982,29960529359563.633,20184728599666.527
6,396.8676060002536,396.93059430128653,339.12197736974764,0.33962094735595494,338.852358,100971839946235.56,73932118924399.72
12,362.5207085742295,362.5896635939329,329.3170781995857,0.31617120253127273,326.642512,78610045618457.3,64979330682963.945
5,294.1658210667258,294.2507948737963,241.3633227081711,0.2139416360065749,241.061199,35273748392622.23,23828710141191.996
8,184.1346485284917,184.27036872137413,167.9100953418827,0.3586403033391483,167.897386,23253337305513.523,19366773865737.65
6,183.28450869438979,183.42085793972245,161.4416936320559,0.15490478780769382,161.229431,10023342907091.533,7793596694146.451
5,299.93741095218604,300.02075009689,266.90942146981973,0.3362075399422326,278.033969,57381509260644.84,45533150079664.29
13,316.11487466196587,316.1939499461531,292.40463341265786,0.3095196507389745,291.998423,58667291365904.664,50265411572361.445
8,525.8297010459718,525.8772428068132,483.5492032667896,0.4103042070176388,483.006397,212732278976059.53,180156014545898.38
6,453.4506919151787,453.50582135001787,385.8184925339412,0.3108251728716763,385.533778,120448632961265.14,87449545336063.97
5,222.2289379669247,222.34140610760574,182.91866128178773,0.21415494460403015,182.856708,20249187195438.91,13764278016587.06
8,427.5709883485954,427.6294541742824,379.0169578618435,0.29826738739785863,378.770012,102911159447594.05,81039170178931.92
11,487.0704137748393,487.12173835171143,442.06042187085274,0.22784722711585587,441.55827,102023752789698.69,84184204790843.78
8,281.2821589740645,281.37102366290475,257.0739460796329,0.14655849692085193,256.883242,22183431567687.605,18557945906242.77
5,363.16985190892865,363.23868369923537,302.27090108747035,0.23591132184888952,302.020997,59015154900412.41,41014285801674.31
5,490.0699040557794,490.1209145315478,411.28118091095234,0.18367801469501333,377.315084,83412801679084.56,58929886931149.78
7,533.2688881078159,533.3157667121292,465.63385266115836,0.697837208039285,465.275723,370413333091103.2,283052740935927.44
8,208.45265132774554,208.5725481590678,191.1777666552857,0.1978694250135104,190.953593,16490507418913.87,13890852703589.902
7,271.1824534397321,271.27462663063875,236.0326648502439,0.33802448747235936,235.900633,47241350144846.055,35875620488310.13
9,233.0175133609118,233.12477674606512,211.21507274453734,0.216724676382634,211.073016,22509387055393.734,18525394311670.766
5,289.3417810855379,289.4281711958104,241.5283462698244,0.3075928463911806,241.388476,48923224751471.99,34198178526352.82
9,293.05842018850757,293.14371499894696,263.7678581706402,0.30338468676943225,263.525029,49496425854011.1,40170831046640.766
8,195.98873907503844,196.11625594076463,186.81927379250774,0.14613185332604842,186.769697,10804911523605.314,9825605421745.355
7,297.81123129753155,297.8951652628015,274.018382026996,0.16794159415796628,273.894987,28433734186983.656,24106627130606.4
5,327.7313744942112,327.8076476043,275.6023723424584,0.305416233612052,275.443268,62190145522989.67,44113558496295.64
5,340.9327899316914,341.006110283389,279.3236602781362,0.1895856380412998,278.997501,41923020817554.73,28238426375207.33
5,446.9747204374607,447.0306485132156,367.88846204178276,0.2226600579076602,367.608513,84107627995581.44,57173120401085.69
9,574.531326463188,574.5748385437273,531.3320772064612,0.22970428885454727,493.123038,142680237635294.25,122199745975222.77
7,194.88020204558404,195.00844378982072,193.2467010105236,0.19989052470532445,193.001113,14575555115779.252,14334270581096.777
5,190.5846506322543,190.7157808274355,173.02073072601922,0.2782146145626283,172.969453,19355416807380.047,15978409070618.93
7,473.2427803453306,473.295604404878,411.9313520487838,0.6969346328611581,411.907442,291927188674977.94,221683254720996.16
8,477.59013822564236,477.6424814967657,417.867482244373,0.5019196858015975,417.392243,214659529163243.0,164710469721284.97
7,230.91806279925314,231.02630094203522,204.96350294518817,0.32917648589605086,204.913662,33459450061061.066,26415228653632.28
7,397.3279242259751,397.3908395644296,355.5418165190239,0.3815383435817644,355.23676,113577283920162.7,91124336586084.33
5,354.2100768120617,354.280649366017,300.4310812941353,0.11169146548975474,300.518,26764831077333.87,19309246055500.582
6,519.3086961681157,519.3568348600298,441.21009173740464,0.3042125581574929,440.878455,154273876259974.7,111683448847884.5
8,286.8494917987763,286.9366322817918,272.3505367549024,0.3112375849980002,272.155814,48656155045207.79,43901672582989.79
5,790.2140007524446,790.245637118728,642.6378245321673,0.33130368910855834,642.075105,386012694860204.2,256175242671918.88
5,499.3675037800038,499.4175646004775,411.43178508402434,0.7115398438551107,411.255721,331508062190008.4,225746834454144.16
6,377.87820682028655,377.94435991256074,340.8655625053693,0.11356352258815454,340.737636,30932614647628.395,25214697608960.15
6,273.46475057827763,273.55615476322146,244.35803879283904,0.2496905509872622,244.367993,35574934690364.31,28460679358855.45
10,258.3518786423599,258.44862777356093,266.8879375821051,0.29186935452819573,266.544618,37101374856872.42,39571044479763.086
9,422.9569856729873,423.01608920888526,372.56146829767385,0.47639162958382025,351.822577,160204276827786.66,124581526524310.95
5,118.93811702978954,119.14812496465025,96.21355690871815,0.127846080690172,96.131883,3515402749801.863,2308813793212.063
9,199.0461791744201,199.1717385673363,192.4532038811495,0.13595083916114353,192.27455,10371877787396.562,9701768034823.203
6,235.51342239288473,235.61954954377052,206.0176070309738,0.11368069191021156,205.846029,12125467032411.125,9299786436792.344
7,166.4442775512888,166.59441025907938,151.85159085251684,0.18492438806403386,151.93526,9869299537001.227,8227542112066.406
5,352.15329794786913,352.22428260351484,285.8561527232741,0.13041076040621846,285.524535,30850423037613.42,20401330598991.445
5,535.2967571329389,535.3434581621789,471.04050894365577,0.434755378482812,470.963029,233422340670250.78,181134786219706.66
6,326.9366615867083,327.01312005707325,283.3775354342285,0.29946188899409365,283.090742,60695418585371.06,45714040561626.1
9,346.10639891759274,346.1786235048372,314.4052233538247,0.35327801452043306,314.088561,80048958578628.6,66168403927537.195
7,308.1804984610453,308.26160907855257,269.83738117712113,0.336396113993087,269.463387,60583655920396.59,46554581053261.83
5,283.1264563492568,283.21474235090164,234.05054329397385,0.3307322289967884,233.898658,50355056869186.3,34526278714474.0
7,500.1616554523455,500.2116367946979,431.89534783786917,0.29119398600165913,431.519007,137127473171561.44,102516715944848.62
5,176.62442295285985,176.76590956242305,151.98617960159186,0.2749679774681995,151.942277,16452528518371.307,12213594786792.08
5,516.6311654722728,516.6795536280092,460.9720217128683,0.195119450106101,581.602786,98328583594949.92,78441891726581.73
6,477.76151983716454,477.8138443338759,460.2355914212476,0.44555578803607593,459.778067,190880249088552.38,177250373916913.6
5,207.9859429395571,208.10610865723453,203.2363414016703,0.12076789788750197,203.095976,10062388854930.867,9611870377109.121
8,322.71534259770567,322.7928009543499,282.4520225592903,0.33837430611034586,282.11285,66766174016262.69,51265305340442.336
9,378.43782297370205,378.5038782589619,343.0813279963817,0.3167330675469829,342.901009,85750026164652.12,70597991215987.78
7,440.1700513709726,440.2268439383549,388.16854924295797,0.3439830256051855,387.564254,125557061937437.66,97862042530843.39
6,260.50835784568943,260.60430638701615,218.9192489774502,0.42778259352434683,218.605036,55096754647338.734,39027896677421.49
5,194.7963153053978,194.92461223909092,164.21828153078877,0.33034040115180935,164.218949,23964278958862.125,17081060628049.955
6,236.5975282811509,236.70316936777587,201.95466620859284,0.12933597871429525,201.781362,13906284194132.549,10159507970522.88
6,264.4087831834317,264.5033168497949,232.7840525707522,0.2037989307699925,232.82291,27209087650469.727,21136086852964.113
5,338.2732097869498,338.3471064743509,298.1356537830347,0.11424480205173951,297.836005,24983608958312.566,19448816287504.26
7,397.5763161014267,397.63919213877995,345.85442660649824,0.16752469394085928,345.583146,50295606691827.484,38153688553303.02
5,302.3282214944052,302.4109017743411,247.6967587469852,0.19095028772638445,247.441337,33271581525672.055,22410717489303.773
6,239.08548297601956,239.1900252307285,238.74895815579072,0.22303621258013945,241.400647,24370218128557.62,24302253334800.668
7,502.8108614333647,502.8605794605124,445.0832834097161,0.22951368745525114,444.792719,109450458287510.27,85947642620415.64
5,352.6643739963045,352.7352558027129,299.63907317046346,0.393693962980177,294.364855,92499279656110.45,66967475720527.43
10,414.1330256783937,414.1933883556582,378.65341612565965,0.3169205520012151,378.312121,102584743532997.73,85897250033735.03
5,453.06606059999086,453.1212368313745,398.5272170495089,0.13097381478885267,398.104919,51057546615718.57,39593997419964.91
9,328.2654435612248,328.3415926081368,294.50926747259933,0.3617000602341516,294.342484,73779161675104.33,59499081657641.87
5,296.44701922017555,296.5313393294664,245.01973990348495,0.324434471920661,230.895897,54118984298740.3,37094380507435.1
5,504.7119599854532,504.76149075811804,438.19626575209764,0.41511348479796456,438.03738,198399364227959.47,149926780048551.56
7,265.1108874603743,265.2051708583889,237.91527142996222,0.2102446373497541,237.762005,28210025331199.074,22761745917015.152
6,299.4538828978597,299.5373565727739,252.87388199200976,0.4016920349333422,252.869603,68232187046838.58,48800844864921.36
5,223.9610937662897,224.0726924928444,187.89686317105367,0.3620661750290805,187.828948,34608118541298.84,24434009534655.69
8,481.6393016704248,481.69120493691236,431.54275053933395,0.5346790671309378,431.318239,232413104681825.3,186921356527007.03
7,186.32558983425218,186.45971529282667,162.03643272572927,0.27836178008958656,162.003364,18516786577075.34,14036916276120.363
7,269.5656005464059,269.6583264020314,265.75039455987076,0.20950791677582437,265.614442,29056329771916.953,28246639053009.38
6,828.5462483493245,828.5764211306888,694.7973444202671,0.5080998206497567,694.076745,648052128925466.1,457003894650757.6
6,313.3468665345294,313.4266401680115,276.17155097010937,0.2906196709973997,276.021678,54162795934836.375,42166759273023.64
7,227.8287327514532,227.93843788868318,200.60998620676492,0.1630804485209236,200.351542,16237406135170.523,12616479696818.842
11,715.9131541141913,715.948073699294,696.3581734487278,0.37715892444349663,695.977916,360896183250578.4,341611127585521.1
6,349.31178059206354,349.3833425628617,307.2270895348793,0.24504297572405254,306.949695,56730404666317.22,43983188240092.09
5,328.72108994308127,328.79713346281983,291.59931779680215,0.3421994085931365,291.689261,70027791448159.414,55220863335833.766
5,245.01590579142456,245.11791874685994,197.15445226330323,0.26367596226592505,197.050015,30201182114558.062,19628113954331.613
6,527.1827063754245,527.2301261321445,469.82656616169874,0.2327212908422112,501.994386,121881488881562.12,97002350655478.9
5,533.5117311941704,533.5585884622238,432.8590708898172,0.3897529574038986,432.573834,208062206418480.97,137465651858958.62
8,222.85548479525977,222.96763689677087,198.78886179785493,0.18121949569745038,198.635902,17255362600397.256,13756262900272.094
10,419.89951230438106,419.9590461383789,386.28459536079737,0.6504503594215199,386.497851,215032443677591.78,182240815286377.97
5,187.4655024328282,187.5988129024081,155.03726387661052,0.2061351684569716,154.970481,13914384470973.828,9547794452765.828
6,453.2764942347098,453.33164485364233,428.0524560678756,0.5913580213571779,427.717132,227705244857984.78,203255868574883.25
8,600.4221714404864,600.4638073666962,553.0676215067587,0.3228353505665208,520.997205,218193548517787.0,185390564421813.03
6,262.00153459409904,262.09693651331156,222.90422794016615,0.22744771150829995,222.777392,29792418712642.883,21624597104456.996
5,195.12932187321613,195.2573999998494,164.4493183589587,0.26532598478880537,164.205754,19349632082630.887,13783140301069.111
5,66.35242116336387,66.72813345389197,57.04944790269366,0.07857132635052116,56.977967,681901297192.4978,505346622837.90546
6,326.92980128554836,327.00626135994423,292.70564784676543,0.2723191694805044,269.934884,55237877180523.76,44364208246526.41
15,720.500096090484,720.5347933766951,710.5451128214631,0.5689445110209581,687.607779,549454605180317.9,534492632860497.5
7,457.93098693279245,457.98557705810055,391.5774235438045,0.1288700042280051,363.105309,51319760078448.836,37628018558498.65
6,350.0788322808488,350.15023748545804,290.8245035690053,0.31341602599684065,290.541292,72718274716236.25,50348824174095.44
5,244.92350730844115,245.02555873269225,206.14129710461353,0.15857850164869916,205.953578,18229477936798.58,12951162514099.531
8,200.1280752929316,200.25295633386614,179.83449640470312,0.18318490500043613,179.647881,14090563722684.346,11398525886359.018
5,389.84472560830994,389.9088484307819,338.7181182555222,0.31454901352784265,338.412309,90327649330211.25,68358765876595.375
6,379.816769379007,379.88258488841757,319.9812774916899,0.42434015053930163,319.590808,115413034624968.12,82163985601420.5
6,510.4340803711873,510.4830559424864,455.04560260339264,0.6395303354041388,454.892743,311476063003268.2,248007192222208.06
9,514.6064906898316,514.655069206652,463.60201351806893,0.3396112578750531,443.50423,168982962180221.88,137399860873770.75
7,313.79632839019524,313.8759877900303,274.7515524105028,0.2388723364709856,254.238299,44722186554060.04,34365133718106.727
5,285.9525571562063,286.03997088549255,242.3915925752188,0.2951399192109052,242.157259,45875372507997.96,33058520457062.996
6,338.0381308306828,338.11207889618765,292.5292805744808,0.23501068028506925,292.281165,51000645742769.21,38289848216494.35
5,232.80155317947876,232.9089160225037,191.6553610570106,0.1695008814989398,191.875293,17609255462911.895,11974065234757.729
5,465.4235082893194,465.47721970934106,390.5533379034126,0.3362835172290417,390.32112,137127167482525.64,96859680584793.33
6,352.2706686585963,352.3416296681029,293.1838624518416,0.6205328243542572,292.911003,144885691788148.44,100686312041266.47
5,827.5448739863425,827.5750832770833,677.8408582062445,0.2520699657545243,677.353615,322596909237670.06,217140638261784.03
6,74.78735986185615,75.1208971931697,71.78706309599511,0.10311516461522874,71.698369,1132149434587.2,1043832536165.8894
11,351.04758062582584,351.1187888211705,334.31812704686536,0.4414775051733373,334.073067,102680868846641.78,93208401926668.42
7,202.25624861399172,202.379816442759,193.98031147872672,0.173741668941122,193.956886,13653595859956.611,12567961683809.76
5,197.61486875236054,197.74133698347615,160.32013690778504,0.17214043010524455,160.338033,12920086882690.977,8534125896323.097
6,408.3838042255264,408.44501656124174,393.3045151162397,0.32340929439892835,392.975531,101805658491207.02,94489543041111.06
6,398.84422772749724,398.90690391561753,359.2774931046592,0.2730922749523834,359.251162,82155131124636.7,66786418697417.14
5,246.5815983257478,246.6829638075569,221.77386110112775,0.2843460406048354,221.54718,32960985068538.906,26711492259707.844
5,400.93384648464416,400.9961960629704,343.0214538083464,0.25453641710848124,342.861267,77418439040518.9,56824195369505.43
6,409.05988836145156,409.1209995420465,342.3883668369501,0.26318012272867486,342.246139,83270846408072.12,58521922278265.72
6,195.3068972189339,195.43485897169728,170.28445373813986,0.2666124642824974,170.233577,19477758952340.598,14840930721676.266
8,284.74309157641744,284.8308764872517,266.3353161865037,0.31209541002670854,266.016011,48081390419081.53,42115014073724.66
10,428.63512195603937,428.6934426536855,401.92704720046356,0.1480647117316945,418.20402,51657638948337.695,45471955954474.055
5,255.00918279098124,255.1071996391401,223.64391443193335,0.224394672442769,223.512474,27860878214924.688,21477433043581.008
6,240.76993162638777,240.8737428101607,201.93178612483723,0.340364086521073,201.948601,37573187275616.7,26510139725928.12
5,372.97122267017136,373.03824594816354,306.182897645844,0.10897317661276802,306.105712,28933283559516.316,19565375940279.957
10,216.00743442805307,216.12314019602263,208.23160012422338,0.20629707531068442,208.237814,18444040588792.58,17150682554743.39
5,677.9876563686921,678.0245291936802,568.1643818138841,0.29790860682644243,568.176421,256390518673779.0,180585655192350.9
15,399.4066293073024,399.4692172553736,374.2845792332986,0.2543985896089971,373.91352,76793691550274.14,67514259922676.875
5,166.83400256077024,166.98378487280462,142.12289527990595,0.16195778027618202,141.789128,8693636812602.136,6326547430801.258
15,335.14251494851237,335.21710178034454,311.48515211585516,0.5297338766251889,303.625189,112206840770191.47,97051326998806.53
8,218.32431189456432,218.4387904293443,209.94579974857962,0.21990090155131914,209.657011,20069802764115.957,18571265748217.934
7,532.6475515442738,532.6944848279451,456.9461265492809,0.34547847827645883,456.598501,184026204561350.84,135803174356861.12
5,262.94685670460774,263.04191576787434,235.62780616939597,0.2195948516050517,235.494783,28978748951132.527,23314199406714.793
10,309.8084049189062,309.8890894471713,290.0001457537387,0.31378931658105225,287.291712,57140493243008.484,50125396871396.68
6,591.6366874605872,591.6789416138929,507.65840557526394,0.5231862117923429,507.038528,342061214928037.44,252481350246681.0
9,541.6781870784465,541.7243379769757,488.92771503727886,0.3804753109210407,488.360613,209364433564781.28,170876683360056.1
8,168.8026722889922,168.95070929683868,154.76316953469646,0.2051821245174905,154.876616,11250204342084.588,9470740911628.17
5,245.99810200639553,246.09970782337183,210.84649778554845,0.6107206802494157,210.780827,69991320296345.44,51557323422239.28
6,717.4742789453695,717.5091225539769,612.4060376924687,0.6371186208043044,612.304961,609635396758900.0,445298137314951.6
12,241.82801136920187,241.93136853823407,241.11203831234323,0.2229890713894836,230.945692,24922384558653.926,24776298797261.13
5,163.03705220786156,163.19031954325285,133.08063506322762,0.23233381796595395,132.937452,11877993393934.592,7941672953266.878
9,209.04714913644196,209.16670519486078,194.47985166359555,0.25520216234445253,194.551707,21342843446330.062,18494772603032.734
5,246.5975815550411,246.69894046954306,202.03417697761984,0.23153039988189228,201.99323,26889991592968.695,18111348571148.836
5,313.63827610847983,313.71797564101905,273.24783843414406,0.3519951186929092,272.928297,65611784828743.81,49921658536431.91
9,628.8889815129472,628.928732900948,593.7330155912973,0.4833952431162623,593.529953,356967303171581.25,318484740042934.25
9,294.8395270539039,294.92430675237625,268.74957718872975,0.34715431930140705,268.685755,57253994007202.13,47647076956564.78
6,473.89123546115155,473.9439872462743,398.25074062082876,0.657891273348588,397.897992,276451797040889.94,195796507566939.22
5,234.80602466263488,234.91247139705013,188.89589685217194,0.1805312048681896,188.897396,19066600136466.57,12385058385309.258
5,303.0551648613827,303.13764686881086,253.20624082263632,0.2128412259580183,252.997056,37227543024579.47,26069158619623.023
14,275.92175507790415,276.01234560300185,286.5316094240351,0.3303651053296086,286.288303,47793886311115.05,51506024279080.93
5,352.26475840452,352.33572060436177,306.54466953898816,0.4392227829440527,306.199208,102864440469417.4,78088696548357.88
8,301.5422018943074,301.6250976349071,282.96829428132367,0.30125538398773566,282.728172,52013027998341.71,45853855025305.586
16,527.2665965134269,527.3140087261602,499.1431339287714,0.5015010612204858,498.932866,261002367090616.62,234109944119359.06
7,218.45358988850273,218.56800071184745,219.05524885319582,0.3709905623113865,221.141186,33746034650023.227,33930543529606.176
14,546.5902312138172,546.6359674027809,508.73600556061774,0.5434600684696245,508.327645,303575605746195.9,263289595626613.75
7,205.15861015224286,205.28043092218988,195.68472609762986,0.2256731691875572,195.72085,18202618706103.81,16573554441710.928
11,350.45258422405755,350.52391329168995,332.2835219525047,0.3521312637223873,331.962993,81789798146208.1,73598078337734.4
7,209.6969893734082,209.816175144509,188.30686154643752,0.1671552767708345,188.235387,14116283873379.475,11404165759348.322
5,297.76311926438825,297.84706678773637,238.6464274056134,0.29317664324593007,238.351278,49380103660465.766,31842205652847.176
7,550.9224793734578,550.9678559398888,481.96864135554864,0.35591756720939816,481.701205,202646755745898.97,155460940003165.28
7,314.487770700937,314.5672550035129,311.9872792325687,0.30912058266854586,311.869808,57995953742186.125,57085374047160.08
5,233.29691950536125,233.40405448640135,188.5040098533242,0.22083822270957965,188.380338,22987456815108.867,15062300985797.328
7,663.1595663597293,663.1972636059533,579.5651271283886,0.8763371253207081,579.156729,715475292129814.4,547622116418964.75
5,215.50116917752916,215.61714662076866,185.11223542730164,0.2600201514062049,185.034419,23093382491962.26,17083890533212.422
6,191.84067478434156,191.97094702509415,162.72003499448212,0.08195845747141942,162.556973,5837386746652.481,4211610980251.5005
31,383.0871043724312,383.152358124616,369.78814075051406,0.3956389288566131,369.465884,109519465136742.97,102111735544368.06
7,376.1094537020581,376.17591784172015,341.6612605757361,0.40816379204826836,341.575358,108913540233026.0,90030129032601.97
5,226.52975348760432,226.64008739663598,185.54575018941696,0.1356922721020762,185.453219,13378885427342.38,9006478527366.201
6,285.3912130953483,285.4787987084759,243.70900110264398,0.3443551322225635,243.557383,53245001806963.59,38935248719267.8
6,161.88828973545594,162.04264362651867,135.88946518464743,0.12086445531322071,135.855481,6127566751156.778,4330507437073.2065
8,445.1635408584869,445.2196964529599,398.220051295468,0.23814668776326728,397.987624,89183085751494.39,71506620783027.92
5,292.44361868458134,292.52909275716974,260.09866755867904,0.2718420818428874,259.851028,44208603270500.914,35042095529880.555
14,476.5567175682279,476.6091743340698,441.52306182777596,0.6068450196157874,441.055132,258023811719340.06,221755586409703.28
5,910.089140137091,910.1166095591651,736.1259992870303,0.18387469288243444,728.136673,284898973632954.56,187043160521449.97
7,382.43605425436596,382.5014190740321,329.95744931616434,0.7126918903758691,330.120175,195596501386114.06,145980967638046.16
9,677.0056524093268,677.042578715828,635.1918608957491,0.22075264293962205,672.767852,189909592303063.7,167364551059937.97
5,111.35022917735522,111.57452011032595,91.83706867983824,0.1880538651604195,91.809035,4522424933785.464,3086382228705.277
5,782.5016519610363,782.5336001231836,659.622103629308,0.4354559378745763,658.824596,496431699426968.25,353790439826177.25
5,467.9756069385363,468.0290254775781,384.06464603693473,0.6408499739053451,383.914766,262719076708764.1,177534789193915.53
5,319.4506495010173,319.52889926675147,261.70985854963686,0.3130173251415613,261.726271,60571855469288.586,40796476977711.8
10,263.19503039256176,263.2899998544219,240.79629396891795,0.31355379483499624,240.690285,41326820016359.2,34645940039280.484
6,192.32943338415782,192.45937479341245,161.0041533427266,0.32124652223182476,160.857822,22728536235024.766,15976087988690.691
8,264.1546578276393,264.24928240590776,240.1359036914579,0.27917884170969726,240.035511,37100299545598.016,30711287164429.316
8,392.20133094179465,392.26506853467737,347.57542691641765,0.4938025477304306,347.404851,142932793947811.47,112497761120791.62
5,235.47721273968807,235.58335620253888,201.33042930308562,0.23941500755728048,201.277993,25367340902104.742,18593701174140.234
5,133.82766186318855,134.0143390826815,122.6001296326015,0.13701154841071303,122.69218,4757369117717.899,3998572089645.357
6,153.0142602320662,153.1775565622016,142.68923288721373,0.18437177035056887,142.587408,8328175699464.631,7250932525392.573
7,378.53322749738584,378.59926613714885,324.21480897679646,0.21141491625178288,323.788294,57469967802977.086,42274537363688.664
5,309.3131033198128,309.3939170141087,258.82631161610914,0.42206426693891946,258.830497,76414300033911.23,53672982817817.86
9,369.73216875810425,369.79977908940305,362.063389488527,0.5395556137224296,361.807685,138830250394448.42,133180302158642.53
10,371.91324862990814,371.9804625332517,395.209753309361,0.34530744227618393,394.975723,90248853918557.02,101799090505919.03
7,409.88605745369506,409.94704547652714,389.6206563261173,0.39157580364983374,389.483077,123952583399666.23,112100113354507.95
6,626.851626114766,626.891506692128,545.2685307629522,0.20154596374377134,544.774428,148971590999059.7,112997821024325.56
5,354.7104580103974,354.7809310291999,303.67854816731744,0.2527218319411661,303.377717,60298032743344.49,44316700719814.43
5,160.44987936399343,160.60561567990095,163.27473753433458,0.21048155667475837,163.197234,10433699226229.928,10801086685156.152
11,236.198650970903,236.3044703776771,222.91411151325005,0.2936698221168621,222.786421,31249963281236.06,27861530976470.793
7,229.36031959731878,229.46929251162172,207.7322708004026,0.30674470703712015,207.5896,30782661365217.81,25294246290807.242
6,283.89014020584426,283.9781887858536,239.8738686065505,0.16274010295653224,239.720763,25064925459167.977,17946814551243.652
6,189.77521135890612,189.90690047051342,163.10745125119743,0.14405747104743868,162.914375,9993604157845.38,7401538554451.958
5,392.7147597558698,392.77841403278586,320.9542234417876,0.4930826526246232,320.591513,143096875342760.47,95922521700477.89
5,338.1889968841964,338.2629119686919,295.95335028593155,0.33455774198293126,295.644959,72442817277004.64,55608556113227.02
8,416.361526133119,416.42156577667777,366.0080615758609,0.1524061099636651,370.6674,50183660298090.84,38867234467240.89
6,259.9681342353483,260.0642820877332,273.00985021845287,0.3197530302434098,252.340976,41118649273592.58,45308815772054.37
12,335.3740489005012,335.44858425087403,325.39695409059215,0.5387838701498081,415.549884,114262860572107.34,107623468935424.2
6,308.8786174073594,308.95954474895564,315.34240719973997,0.22383180056482863,315.261543,40637462490813.82,42340704962450.67
7,403.6078921101792,403.66982866399866,352.37255759166203,0.32158474689949923,352.378837,98903127468810.12,75568699661540.7
9,190.83391736748948,190.96487639830997,173.48504274872394,0.19829978651346708,173.356321,13871200852902.648,11482375835979.113
7,289.7498362301159,289.83610471329996,271.60724250295766,0.2552077716774349,271.568608,40771506842194.78,35866140058471.78
5,311.37994290719644,311.46022032498615,267.57577847369515,0.11730560725642601,263.199597,21762353960409.406,16111609873223.434
9,535.1264108854313,535.1731267796649,481.4607642358054,0.20965333562689836,453.495438,113209360515391.56,91814017661846.52
5,174.23289827880248,174.37632535017917,146.05963392774342,0.16240224880880197,145.899009,9500572037894.49,6696880518811.058
15,573.8013935989075,573.8449610269731,550.4922499559846,0.46372735295213713,534.464985,285613072006862.06,263056707161232.03
7,254.00895250536445,254.10735517271533,219.14271688748147,0.27060549250103816,218.902246,33283503249501.08,24836849828973.016
7,243.04287803698057,243.14571878710638,210.09435872582839,0.23244046772224203,209.97097,26228706939607.184,19648595293873.79
8,209.257283375273,209.37671944511717,189.95210268936304,0.14605618519070326,189.793413,12297267447064.586,10149795558481.219
7,298.48280459715346,298.56654976769,261.98817234992606,0.1766995595697987,261.864166,30037210052614.992,23193365513788.11
5,292.75939771156294,292.8447796161596,252.8800812571626,0.354636785078666,252.970408,57662032076684.64,43133367688887.61
8,284.78530440814257,284.8730763109045,263.813726359445,0.2180002608652693,263.744703,33700692724362.914,28958492659941.74
7,373.6645219153478,373.7314208602555,326.16494718545783,0.5675084046482703,325.766403,149050626688817.5,113839497899587.92
12,358.6962343090075,358.765924395646,342.31228424701095,0.3035911799386659,341.9403,73938268603121.34,67393492484456.04
7,188.18701357374246,188.31981329059332,165.18412304546467,0.14562615085281969,165.098822,9934552786680.35,7671458338913.852
8,679.1526024936277,679.1894120743251,599.242282308096,0.24252686453331723,598.800913,209788248946741.47,163681247468792.16
5,308.75712376735686,308.83808294491615,251.02508702861894,0.2467618378384,250.854838,44727331003096.0,29671817622244.01
5,306.21014375209455,306.2917761492763,255.25584222155302,0.2088063337079277,254.983012,37285680566795.22,25991349115293.95
6,298.46836569433975,298.5521149150515,271.9937108398851,0.3604186037082364,271.660497,60880636776441.96,50641757022772.97
5,246.98304141221317,247.0842422033971,207.81787799397298,0.1416759765011438,365.562376,16574943128642.13,11769407389174.238
8,261.3231645869996,261.4188140699978,236.15747378883614,0.35993703840671626,236.112688,46717134064939.67,38220314562690.25
8,220.47561678604893,220.58897886609998,195.13225872961206,0.26537885281847506,194.986131,24655904965481.434,19354032619830.953
5,214.21184142684504,214.32851655223064,204.27939060695786,0.20121487491768794,203.988588,17698060473455.266,16107814985178.621
7,224.93240029501132,225.0435173527005,193.42087795064268,0.1409341671209094,193.47361,13697697226131.703,10154774457474.5
5,142.08510921000735,142.26095128045404,127.3813992349578,0.14414078153749182,127.340269,5633298482979.422,4536223145891.913
5,259.9439834247783,260.04014020674083,218.4145986580887,0.12017921466266994,218.406924,15582570262898.762,11033872083578.057
5,141.42681618306543,141.60347571891933,127.91724650307665,0.3657887642940487,127.949054,14051632154288.291,11514983956366.305
5,129.58102652281278,129.77381259216324,110.41518633572417,0.11216125070951471,110.494587,3659499249674.5947,2664331315227.642
5,451.27143719302086,451.3268328232375,387.80063199604143,0.3815443040357262,387.513704,146181990720003.03,108244283786602.73
7,406.17618144830027,406.23772643111636,359.24927654131153,0.3333220346820824,359.121056,103776846642687.83,81360265562626.48
7,644.3768420617531,644.4156380671387,577.261586147207,0.5146565416879476,576.713917,398623662398806.2,320511052355084.1
7,318.39421369564525,318.47272303113846,297.93555442296906,0.09935586669612984,280.334197,19292242944286.285,16911621645723.305
18,278.6457234417804,278.73542866380143,281.8703537203533,0.16515394467564878,281.664919,24510356664727.867,25075944527103.94
6,440.494923749055,440.55167443636594,389.74300359891845,0.22845995528594004,389.721584,83817080878861.22,65757499428050.016
7,267.34080812470063,267.4343053700628,234.91103955210048,0.1691410831649519,234.681894,23118348847733.668,17889358058619.625
6,464.3827623509745,464.4365941317734,407.58459004558557,0.3922679603116,407.168119,159030766649746.28,122791579882703.7
5,718.9206432943622,718.9554168060629,590.1149688282115,0.19405730027594922,589.56272,188270386815665.44,127295487848205.31
5,180.42091166125456,180.55942336161306,146.80491664350944,0.1799750043134391,146.752674,11273027622586.604,7490083230828.494
6,766.4524882117644,766.4851053256057,659.6234789194624,0.3517166871861643,659.500948,385526324306491.6,286265657073453.9
5,207.3589934357085,207.47952226345183,177.32460842007993,0.1865311429969653,177.12816,15391922493469.365,11285990529167.008
8,206.05358543415792,206.1748773984644,182.97886417574867,0.2588207644369278,182.702359,21032662175007.246,16619296467614.742
5,366.7457428817564,366.81390366491206,293.88025347284383,0.24245540491882783,293.71711,61826976046570.766,39854414544808.195
6,376.6477625327078,376.7141316978898,327.56315016565355,0.3952620992439934,327.22687,105800591380996.5,80220750226333.12
5,319.09538421204235,319.1737210758914,261.0248415636308,0.0785020759546,260.997778,15340178577350.662,10300036116644.871
6,183.96183332137247,184.09768091684487,169.92112326007643,0.21484045115311026,169.762294,13964564154987.285,11930325122097.682
6,186.03799590974114,186.1723285617733,159.56805232726802,0.18229135807101482,159.634594,12132426424804.2,8949109669059.857
16,339.42452501002606,339.49817109710887,323.3095297882215,0.2806263628577513,323.187729,61300471227481.56,55665428867974.37
6,337.4251305730287,337.49921295052746,279.9978160524685,0.4664802409370509,279.82912,100260574628744.45,69266101014265.55
5,398.2232195338887,398.2859934468393,323.78145164883506,0.5976955821696791,323.630772,178008719065020.62,118109865300975.8
12,371.0844680930964,371.15183208484405,348.7723520240077,0.2586292744164168,348.414201,67468767573749.69,59664341784518.336
8,249.1880762268442,249.2883818665353,217.68552485569717,0.1493478706737443,217.480886,17775264002564.047,13596055041484.354
8,178.88903137383386,179.02872826970682,157.79786973243756,0.2902272169962197,157.824922,17801744158345.133,13880927932158.605
5,517.1539866057547,517.2023258476561,451.74453118356365,0.3189897654596963,451.295598,160372538988879.7,122663926266431.97
15,407.36301027084454,407.42437597292115,382.7737017138154,0.3634862017809215,383.857201,113736731318529.45,100531845688207.62
7,893.2299633421355,893.2579512168883,782.0741542855053,0.44880018423767665,781.681296,665146878581876.0,510965670265298.2
7,344.98988939259664,345.0623476751934,297.2495151930593,0.3097135976417839,297.018309,69810544503483.81,51962191564795.14
5,392.76971179786415,392.833357170413,334.37841995749244,0.3425224798271183,334.033116,99753225035890.05,72504933219445.05
5,309.8498460975601,309.9305198374011,260.47519089818206,0.2852677526260805,260.550318,52004033796655.23,36862806740335.93
6,185.35334686940354,185.48817535274165,162.54590550460202,0.3264296075821942,162.709582,21460951457290.125,16541340132047.578
5,109.0358500784328,109.26489190186605,87.97832840175165,0.09064502711518116,87.959238,2104079159351.953,1374998270944.3193
5,268.9693772295911,269.06230855932625,218.6392291150243,0.2698746366921922,218.382447,37182418785687.43,24657638544481.85
6,461.79814015521356,461.8522731900475,414.6307430409515,0.37030269731147064,414.539642,148549801964916.6,119983233629967.55
6,440.0325761796591,440.08938648791275,425.8813588275869,0.3153679034944456,425.558411,115130184502731.5,107907072378842.72
5,326.7936763218322,326.870168238,318.17819461205323,0.38069212914598083,318.014744,76929810104785.42,72961292751748.53
6,255.52745483288996,255.62527295511023,216.73301436725566,0.24267225627591626,250.838875,30231266109785.07,21810605559276.996
5,160.65840317977992,160.81393755603625,133.71160078808043,0.21819232048675316,133.59023,10840469410312.229,7532675402521.659
7,195.9067604522646,196.03433064364256,181.09875692502908,0.2341077281667936,180.884862,17226353274454.068,14740173178298.102
5,263.3839730183423,263.47887437691634,220.33753514307594,0.2282811714911409,220.208858,30214261595140.098,21210456777419.047
7,596.7869183131824,596.8288078417,543.1140567932191,0.4343347667973535,542.633792,289340548813082.4,240002810655679.8
8,383.63673547452913,383.7018957544435,355.97895005186723,0.44685812450650875,356.112595,123915220483143.88,106834728791649.56
5,145.82830346491457,145.99963729905363,122.15039255809306,0.17591636673608552,122.030457,7226364599462.995,5085850884932.5205
5,345.34864382227033,345.42102684967125,277.8566347647178,0.5369469353687356,277.668733,120688159770312.67,78428145972890.66
5,328.34661453078365,328.42274475716056,277.6485557476399,0.22080086895454384,277.471774,45256577042282.4,32455067839122.83
8,283.201360156071,283.2896228142652,260.6873812807236,0.3802738604509524,260.99923,57857358215357.19,49095257870061.555
11,255.79376413082522,255.8914804525861,236.19016162107275,0.15462873060604354,236.063153,19378157824102.848,16544066515440.553
5,416.0824115799241,416.14249149319676,357.3438402657288,0.31078202225892887,406.234085,101556231826601.61,75109411349192.6
9,608.2771101691051,608.3182084696115,547.9983261516279,0.3738067920322516,547.384844,258934806166782.66,210513520063058.44
5,268.3884173047535,268.48154972614134,220.5792188108157,0.30522640035002924,220.517901,41828079447923.945,28350186521563.973
6,419.8531699145352,419.9127103188037,388.6109596000198,0.2602016163483931,388.215759,86698933500005.38,74377864465267.84
5,211.73371100862778,211.85175094269366,176.09928174928834,0.18283695929598748,175.986259,15727508336189.924,10913290773846.223
7,257.73847396018255,257.83545326297485,221.8639646935733,0.22467063969817547,221.784675,28489893890314.77,21165611392369.36
5,492.99022469480883,493.04093303156696,399.64795025585505,0.255434285595502,399.377816,117029117159408.72,77195950324893.84
7,237.81570028396814,237.9208004810722,208.73732898500816,0.49852606814299893,208.849883,53522942893141.305,41328771248614.086
7,193.31916959171343,193.44844618561729,164.75728966732714,0.14801266416261186,164.532643,10649209243795.766,7756185624846.617
19,351.55332589676544,351.6244316725977,345.2934839144206,0.32554207004011654,344.94127,76138255783912.31,73474166033099.72
6,208.91760987116965,209.0372400178548,177.21655861852284,0.414982797829949,177.008866,34517167491236.37,24907705796653.348
5,259.29375902662156,259.39015684901324,217.29507652990875,0.28943027718539943,427.180861,37060440603506.805,26107221773524.273
6,405.6521340951181,405.7137585736077,339.84910242444835,0.24834052761628006,469.37357,77323041803859.92,54440926450574.93
5,359.24755756678155,359.31714072348126,288.0070401528025,0.3889519380456238,287.756877,94807754757466.64,61172901142138.71
5,525.0159314858721,525.0635469293007,428.94684246389176,0.3349647250160753,428.820078,173441550508891.25,116190932693136.1
5,132.45842897981603,132.64703316622263,117.793617556662,0.17084906395345226,117.887361,5801477308826.253,4597288328106.352
8,254.80710127086684,254.9051958239804,224.80817131227246,0.211424735312341,224.805524,26222798918199.57,20455959360539.39
5,246.03713044707703,246.13872015315266,200.6324506913556,0.09553660011192386,200.461293,11129455473885.994,7426732667452.502
7,253.72585861084633,253.82437102810118,249.2133188929036,0.6617739616265493,249.24315,80581092072090.45,77764965186137.2
6,358.7392159761653,358.80889771463836,323.3838047513733,0.2833577979045044,323.207671,69068826037412.16,56228058294022.625
5,112.14813834399943,112.37083667048509,90.93058680919671,0.1230329386061372,90.624982,3011823543822.587,1987177949127.6748
10,389.6369641708679,389.70112117915465,357.17268288503175,0.32247088806150176,356.955472,92484268211123.38,77835069416705.1
5,159.96354137051955,160.11975071114094,129.97218176086645,0.14401000919072587,129.76254,7119044977441.521,4716755744579.55
7,553.7532142708498,553.7983588954536,497.6948421846431,0.2780756856903645,497.563063,160291686216317.38,129725619623027.86
6,282.1515435404668,282.24013449945056,247.76361055072283,0.2560722487712111,247.965201,38809056202540.32,29993597479701.863
6,287.3661330899166,287.45311695483787,246.86889155229787,0.4798611713234328,246.597561,74999487747436.31,55498339614158.83
5,288.396450719585,288.4831239217539,277.2454306121346,0.2114190240772559,318.63987,33519015665496.496,30998372103848.227
6,81.06073272239657,81.36855897391703,77.6399539192809,0.05667190331784288,77.592774,733616695457.8098,673483532889.324
6,246.73022916691875,246.83153361100412,215.78294600187434,0.19456871580958382,215.596061,22655385665000.477,17368231834430.395
5,141.50498360967788,141.68154568035743,121.60706445254614,0.18173705701185122,121.514652,7031069906741.572,5206425326705.363
6,306.3457024007626,306.4272986850496,257.72146235804007,0.21687595146869348,257.543932,38747773089172.76,27506272028888.684
6,691.5344562106334,691.5706067543186,579.1790340598614,0.3887850695048672,579.061336,347231068093278.1,244276835307763.78
13,622.6149770785429,622.655129010044,570.815586744239,0.23872571703317924,570.513041,173835560581979.53,146338936360438.94
7,205.83888435237265,205.96030275620942,177.94242912510848,0.1721627436038355,177.812418,14009991532820.414,10495939790511.229
7,469.7086849943478,469.76190645806884,405.7781886454279,0.37895475234910336,405.855608,157193936691162.12,117620542573554.19
8,445.3043268057073,445.36046464845106,413.34868087009943,0.7227624989043544,413.062214,268240545487598.5,231402352555814.25
5,282.24990121558375,282.3384613123171,245.0638273300688,0.3029942951447488,245.104946,45884391240081.51,34676098879915.848
5,384.6032613843816,384.668257941181,340.77683225169653,0.11565620080279389,340.536943,32618688547248.05,25662035939080.04
21,477.25273166586004,477.3051119383967,543.7722528383928,0.4077342698975031,543.810155,174445884057649.8,225961628036210.72
8,203.7605780186687,203.88323411821278,206.96399083575392,0.23579933626585264,206.741278,18756260995975.84,19345537463924.863
6,212.8614209340104,212.97883585475333,177.18646289518742,0.1951723997585158,177.100007,16957017007101.166,11786008397971.008
25,307.10241669488494,307.18381197556414,292.14906212832926,0.2907668872900164,291.774297,52070088513861.336,47164061604011.11
10,273.5261981313645,273.6175817892528,245.63687469445856,0.2237067557015081,245.504371,31917714789398.047,25788711360349.445
15,270.0124998545067,270.1050722916546,252.89453770281486,0.22757421645037507,252.63766,31643077358984.84,27789599206870.617
5,386.51991707484495,386.58459138401395,316.52518870435256,0.2273594792670992,316.253422,64374999066627.62,43322465725825.016
7,304.0369811148651,304.11919683808327,269.19371914486806,0.4113043807688823,268.925343,71985640508294.55,56552579686230.28
7,261.93539065112685,262.03081665246634,237.72700292638748,0.25789578607192526,237.652502,33726889983738.58,27827642851966.098
5,327.95833374223423,328.03455408079,277.96908625056244,0.18986269322652363,277.744989,38875512065731.61,28008076703646.254
8,339.52462118091455,339.59824556090325,317.6800597269432,0.231769813510383,317.301441,50742935276829.32,44475361893738.234
5,270.7522713956881,270.84459098517056,232.45084413238467,0.17037338604019564,232.363632,23878156656276.71,17646293932767.77
7,438.0269062362217,438.0839766378996,393.88452175440136,0.4499409884793887,425.914833,162265079321515.28,131455417742444.22
6,350.5389910782029,350.6103025670016,293.0779577424867,0.2775408330989143,292.904668,64631560670523.84,45321423396144.49
6,163.28124076667132,163.43427910418208,136.51338440542065,0.15498189765877704,136.250901,7974581140928.418,5591630359556.985
27,414.83750661492127,414.8977667986233,423.9032544141452,0.3726619755211948,423.309063,120860206300214.02,126151764065117.16
5,781.820541066771,781.8525170605634,643.9649872579295,0.15573824048652535,591.457575,178772552498651.34,121703983960209.72
5,441.35146488735523,441.4081054514227,364.5155207493491,0.24754251574214722,364.251409,91103414870896.75,62354115925950.305
6,269.76899486612695,269.86165083442376,232.88953603805427,0.17422785898367246,232.608619,24238171465603.473,18109688185186.617
9,260.8110628141794,260.9069000357443,233.17998339913328,0.24912809503764405,232.976554,32313379722136.46,25879468465626.21
8,217.95486222872893,218.0695347111655,213.7206598324793,0.2062928833057215,213.603736,18774874938964.17,18058479350022.473
5,506.7352919621936,506.7846249838383,439.0214083280409,0.22628710089079931,438.895775,109601477826217.89,82477331770073.73
6,321.812888395204,321.8905639146075,282.7009129640809,0.21838488427664796,282.495812,43017003365678.96,33271528472472.594
5,183.19450172745033,183.33091791394273,152.16026809079113,0.14590593552935435,152.118187,9436708677684.855,6531171241779.993
8,350.4213840987611,350.4927195159572,313.82590227684045,0.3925260120135002,313.950856,91068222698817.22,73183317283751.67
10,287.7320591376797,287.81893241343454,282.3519026969642,0.3670038340396841,282.194088,57641194469020.68,55524147117536.34
6,208.9343678450185,209.05398840203338,174.64034693072904,0.3317030032440655,174.700979,27648324221003.676,19376763288666.023
8,199.48306751905227,199.60835209682676,186.72987969698858,0.3290782905600954,186.438645,25025826623975.797,21953292340037.848
5,266.3630180481423,266.4568583912131,215.9803842465468,0.2308738811798727,215.83481,31243437891653.805,20616443906791.6
6,215.0608402207271,215.1770549952878,192.96249119433062,0.2937549064109288,192.802577,25956531323834.49,20935493755162.977
5,259.61344342118264,259.70972258466486,209.6498193239416,0.2144637926181087,209.521592,27600348212721.742,18065312671999.47
7,151.88998350956504,152.05448724235646,133.65361981810983,0.08397816954962031,133.529554,3763709459409.7656,2920574432526.7715
9,220.55413570414063,220.6674574471743,199.11604552980296,0.3004778627547525,199.097227,27906623745723.664,22785421682632.305
5,248.64682964198252,248.74735353568906,216.46075908871896,0.14457858089677927,216.304947,17138292567156.426,13018994288070.775
5,193.43163717686713,193.56083865524855,168.6614438387178,0.12343241986860304,168.576022,8904811736923.303,6786259039355.722
5,290.7636190317741,290.8495868184355,249.81944161631364,0.2541335244785336,249.475817,40883496835196.04,30260205099454.344
5,211.201567963855,211.31990514476118,181.8555297387385,0.18273703429525137,181.653747,15640738197445.383,11625680461245.29
8,252.87938977333096,252.97823181477938,228.1746601430847,0.4020810784815195,276.278549,48849803529861.914,39843116448451.77
7,239.49006211715124,239.59442784187814,210.99895010288182,0.17353894324382232,210.855556,19066651912078.043,14831686280979.096
6,377.92172540830404,377.987870884225,316.3596804120531,0.31306151376231695,316.322871,84535817320169.16,59423819180164.04
10,270.4189930853721,270.5114264154225,242.45642328493992,0.20593959299242254,231.991739,28745271204291.42,23151493373658.53
13,560.2427601178942,560.287381853738,522.6363271875025,0.3918420723245529,522.1618,230471331435718.72,200794592337452.78
8,225.0214589917482,225.13253209337608,198.65909457843543,0.43912484914070954,198.497931,42297176091628.71,33039048242636.414
22,346.7125908393175,346.78468917544785,327.5487010620737,0.41967287357982047,327.56432,95277666603838.05,85122247196048.88
5,184.75719331343933,184.89245652827373,156.86496865996497,0.07377775675821002,156.844551,4881462295400.182,3528652798683.147
6,317.4188281640645,317.49757868848053,269.00769147193125,0.24877266440678109,269.02913,47630753554048.01,34309166526100.316
5,246.34480532043568,246.44626819727532,202.3402116749201,0.1833704321171609,202.078344,21296283194679.914,14415575863180.078
6,262.9829322789989,263.07797830692806,221.85023363565375,0.2306493603228735,221.872201,30432893134721.984,21721259850327.68
17,380.50580273152275,380.5714990804757,371.62762728190177,0.31343792404806253,370.977337,85787535106696.02,81865317327786.66
5,381.89426526171053,381.95972279781245,339.71945118135824,0.12438201886119728,306.706626,34569494551444.848,27411366619301.117
6,621.9950718413544,622.0352637872966,534.6458967672501,0.5875497546795007,534.31334,423794516518168.8,313930440581750.25
6,205.05970230385137,205.18158179754863,177.32824807592175,0.23440654671776923,177.222915,18882904199893.652,14155694212124.178
6,315.8459688452337,315.92511143589763,329.44149643229156,0.22040627523439954,329.480189,41830466094952.914,45475539673029.55
6,170.26600128520778,170.41276710873035,145.7914466641272,0.1641411460891622,145.656803,9172812803350.209,6743343700149.642
5,551.4245664048719,551.4699016581059,457.3815767908519,0.315282099254017,436.439375,180026230447767.9,124268239755877.72
10,267.9794038577236,268.0726783764823,244.28003227871872,0.24685229388956256,243.986276,33789100436645.02,28122139141190.92
7,439.1189500375654,439.1758785294268,380.39129482775843,0.45275276246209734,380.142423,164077956544278.47,123438867885063.64
5,193.04249099073857,193.17195274653454,174.9872873415981,0.23715505136310502,174.914388,16946408222618.994,13947799376389.568
5,279.03919256154154,279.12877133215244,230.35289992756975,0.19790935214744146,230.110468,29407798994704.785,20107518862535.992
6,130.5285689964881,130.71995763566844,110.94884751317353,0.14047453377767277,110.898326,4641079410104.279,3362438226308.4194
5,273.13523844494586,273.226752863583,238.799828786536,0.3959862036250588,238.755657,56056843927400.09,42950157328944.2
12,240.49740580420627,240.60133457350787,231.8303896809707,0.27093720912190317,230.966636,29901440814481.375,27802760460177.473
6,367.0102623786936,367.07837404466846,348.3297785654529,0.1467259352219561,347.929129,37634560951683.91,33931930151343.598
6,287.42594028912725,287.51290606003926,291.70306762913947,0.39455419447957224,291.398725,61798274271434.836,63634646033244.32
5,241.27612477007995,241.37971825335117,197.1233021564532,0.18991791960188337,196.907042,21159562302446.97,14172390299781.707
9,197.17329921340038,197.30005048832885,178.0305417350991,0.2988204136216033,168.376012,22224541950149.73,18150324836228.957
9,302.5905615816583,302.6731701989843,271.1169219388093,0.1728567782068648,270.869746,30196913186268.43,24287907019727.09
6,341.4662782085603,341.53948403311426,305.831632041512,0.23649701274167426,305.75714,52357276960999.34,42080958329769.51
6,185.15384392044515,185.28881757547205,181.11288918304507,0.17930256293541957,180.974412,11822993306105.262,11316842204154.373
7,514.720180449959,514.7687482379232,443.3343295633991,0.5203033462525948,443.262524,258078049583276.2,191926369817684.94
5,182.1026616949353,182.23989518318993,150.94743815763792,0.1726385548460323,150.817334,11018208275528.963,7595029196356.032
5,472.14864623695644,472.2015926946781,391.5327466124531,0.6519876449937941,412.346295,271995984090035.3,187619999037724.12
6,307.47714135938486,307.5584374692705,273.76776876182777,0.2482904728136083,273.418363,44632874459461.54,35454954372710.29
7,257.7453436214749,257.84232034045954,229.1694963813598,0.16037692669263845,277.297368,20397373755563.043,16157403351836.63
5,215.9465379873391,216.06227636660057,179.40841952257801,0.7036378723000702,179.271006,62206263774145.56,43076484678728.695
7,298.71008189061706,298.7937633604476,256.38098562898756,0.20707688817117828,256.128664,35205514065453.195,26003704885511.613
8,257.9579373229588,258.0548341494798,228.30201764127276,0.11480576367364911,228.142408,14666815918925.65,11512214337239.03
13,382.7285751206199,382.79388999024,367.12051301217156,0.23207405474095438,366.810059,64426670891328.89,59322451430134.2
7,360.4848442811387,360.55418865462764,327.34278821111957,0.25744399182476885,327.221758,63412551083541.61,52377238759641.79
12,435.11374199200986,435.1711944399461,411.82513812995603,0.28481987942560844,411.517956,101779264746212.97,91265113889211.7
6,186.44191713736973,186.57595897075763,156.66032884950232,0.14125649087305778,156.506326,9462545620531.0,6701070595461.66
7,408.4137141072397,408.4749219607859,352.43488557875935,0.25112268802317356,352.040877,79240254928021.61,59160178145045.484
5,196.4306637301444,196.55789389761244,159.1130607618445,0.2195864609616909,158.887742,16252436142938.553,10702056918123.129
7,302.38468202310804,302.4673468694037,273.77140012849645,0.13846338155240714,273.738849,24202391719886.152,19872841735496.52
5,239.12823157128113,239.23275514529413,195.6462438610195,0.3385091533965674,195.292964,36866737007895.375,24764542219294.88
6,281.31288899679186,281.4017439813075,248.78607302550552,0.26844289249184755,248.804764,40427801232785.33,31687399448985.16
8,256.27203728824134,256.3695713142762,227.8251964232074,0.16601777697618897,220.408195,20869938861860.465,16526862918947.86
6,176.514187438985,176.6557623380713,154.84626815306598,0.15545497263534425,154.72126,9335275641842.383,7200288011348.725
9,526.9832304461559,527.0306681507881,486.9958801029726,0.33977830227741973,486.931639,177220742235828.1,151558128168217.6
17,319.7867265012101,319.8648940511599,321.42540594953124,0.31680715164518336,321.105568,61426650261229.73,62052223322889.79
6,253.8484955448361,253.94696038814223,220.35528728957854,0.23183840702342945,220.183061,28517855086148.07,21541539018856.965
6,282.9987297534682,283.0870555890476,244.85130007219487,0.1728213256403438,244.801989,26438418967402.09,19840702779594.83
7,240.00239043634153,240.10653347037044,209.05745079768107,0.2944844528329991,208.752124,32344281273790.656,24600037113860.457
7,354.69777666744335,354.7682522053341,315.9690420649966,0.2871765396002292,315.776839,68436929413245.49,54418338122841.39
7,232.27773136479138,232.38533621546387,202.10910943762192,0.14354544578117953,201.919919,14867184013387.572,11282688721411.355
7,305.8821560355214,305.9638759411625,274.8510597354038,0.3296759474168163,274.629594,58509162904315.93,47328849996191.6
10,566.3515080666874,566.3956485438524,526.0581301132294,0.4157863806278096,525.688093,249753037752968.72,215737295331177.44
7,163.96928419083383,164.12168095061185,141.7428227649803,0.18431783357564918,141.693843,9549278355397.604,7153819327528.539
7,704.6544679648589,704.6899454532031,625.6866110598621,0.3632964689035498,625.035542,336982065759857.7,266205433666422.88
5,409.10965104586734,409.17075479421953,340.25680092258625,0.16020104740023844,340.086029,50922229347046.195,35338154719073.22
6,368.5150743047104,368.5829078915709,346.61085965847144,0.25961766175753564,346.236521,66797899188002.69,59156780094654.49
5,393.9917899929012,394.05523798296394,319.27789344895984,0.4298458072322088,318.9707,125703001579555.81,82858267493533.34
6,102.01397161783036,102.25874243918463,90.11600493744132,0.23831990164179415,90.046409,4807929157841.703,3759754636008.596
7,283.03811499042416,283.1264285391468,245.28936238615762,0.208025809252088,245.13932,31781781605712.203,23928829252179.86
6,894.1244295128845,894.1523893899413,752.3812083549827,0.45303141074396724,760.942699,672703052517644.4,477632099952478.06
6,431.6285818331817,431.6864981156159,397.0665503171759,0.4414001630494435,397.029111,154635023327015.03,131055726712918.39
6,123.31951773853419,123.52207679303585,110.4024073902769,0.3869782451646097,110.276515,11323689629328.867,9092967707059.773
6,269.56643644810737,269.659162016297,250.3313801083958,0.2909907238098123,250.008516,40241802221968.25,34748740780007.09
7,280.0762780449748,280.16552522308314,239.40889782301008,0.42963119857488696,239.493659,63876166789920.375,46801875759057.28
7,613.5023582055554,613.543106491938,556.3865526279936,0.21485408720721877,515.604139,152088212088531.44,125304850998693.06
5,244.44460805032193,244.54685932327064,199.8475606916007,0.17071531710254478,199.610136,19536449090460.535,13102724779317.102
6,217.32974479287242,217.44474693984918,184.36278484838977,0.15941856418359673,184.37459,14457882100821.64,10433522393609.037
6,305.58474701166205,305.66654642957167,305.76677802206456,0.3075826311840897,305.38528,54516189512725.62,54580586614221.766
5,372.64123163824934,372.7083142577737,343.5120567210801,0.521354478713354,343.288258,136288748077866.61,115981928845629.53
5,344.600651682633,344.67319179201525,279.37960535918563,0.34597210742604645,279.174342,77733220368604.81,51282125500129.05
15,389.4976060221893,389.5617859813981,366.1970045274116,0.45822190561400233,365.906235,130914132375912.4,115846584422326.55
7,386.4873500952015,386.55202985317624,364.0444354525529,0.1901032073120566,410.445722,53901883617889.46,47873822668527.05
14,464.3008099974505,464.35465127883515,448.5116013191797,0.49363441581381057,448.062278,199648633912139.16,186415246743242.44
5,191.26535181626136,191.39601564661223,165.884650411773,0.18826503408956036,165.724996,13234172720271.182,9979180673960.928
7,335.0382554803982,335.1128655174978,330.0289995531321,0.32861893092945854,329.621125,69859694163247.95,67804295180013.9
5,233.7887750632931,233.89568475197453,206.45620108681683,0.16525033645682058,206.404845,17316063480764.006,13532261562300.568
5,91.64965290378866,91.92202607310686,80.32011022555996,0.1525101270550848,80.222557,2497426038801.928,1922514496095.2275
5,497.1406396523638,497.19092468986344,432.41077362331083,0.31119485688772996,432.070599,144711612082554.38,109752482554611.75
6,438.1153598389248,438.17241871983515,394.17356883603605,0.4610804015963635,384.291153,166312859309372.25,134876762119851.06
5,326.0735327835111,326.1501935947908,262.770990103136,0.2707203586760054,262.469896,54631637152771.52,35613194208594.305
9,422.49239710133037,422.55156562060944,385.5748345724406,0.17158658286543343,385.333075,58100044775670.336,48467785150513.24
7,302.6294175789094,302.71201559262545,263.5148557037809,0.3130783103587105,263.478199,54422963666662.06,41364166772132.89
7,223.92525133516403,224.03686791578832,191.49448790713313,0.3498930490138894,191.517378,33443938386916.78,24524580611620.31
8,274.06611308538305,274.1573167758431,254.08972507110929,0.31581931804990215,253.905245,45100203826506.96,38816632365996.63
11,274.4655995992263,274.5566705861703,248.28116788737896,0.30832185194846984,247.974182,44166159973220.22,36204613528687.91
5,304.0987952496188,304.1809942653708,270.89689696794164,0.39001288251928545,270.669034,68318707454290.02,54325140292175.62
9,376.6893121324724,376.7556739782896,339.93055180017524,0.28396966392336326,348.431502,76251116906675.05,62207775473805.53
5,298.15661363462397,298.2404503987788,259.34364453455544,0.49457093892039944,259.187739,83136148031875.5,63055072893404.43
9,224.55815843500025,224.66946058536453,204.30082130456142,0.16193630752419935,204.065573,15668654502934.635,12989960624800.506
12,282.1667823393613,282.2553685153721,257.4456175606808,0.2177510711876447,257.037464,33051655803046.445,27557726607081.203
14,358.7852632580834,358.8549360551868,349.6596725989996,0.6565648931907638,349.314749,158889948724665.28,150979029185020.22
6,502.40161195164205,502.45137047440556,429.9047650999007,0.41353773619045125,479.739844,195863492553771.2,143812385098199.53
7,366.35704842029196,366.4252815066506,315.27835263501805,0.3579681334134049,422.877015,90778522784904.28,67408653077676.35
9,275.86325126559467,275.9538609964075,257.4783468812559,0.2576976479992814,257.263611,37346607349314.15,32573827924915.438
5,253.7448045725534,253.84330963719196,246.37917103686206,0.2642360588216234,246.120281,32439869608418.043,30599561815775.867
7,392.4800605210828,392.5437528564591,388.78753336946295,0.22428061282009049,369.818514,65467014438098.6,64251637352269.67
7,482.74583680409324,482.79762111228786,436.5426852720719,0.2679989696346059,436.078886,117729420091447.27,96445070471969.7
5,258.1903805681298,258.28719019323376,221.56652011155143,0.10216801693127012,221.416522,13088519233783.05,9663992652888.504
5,251.38600237957615,251.4854313720464,223.255810591527,0.23667950190697917,223.259108,28550960188332.316,22564984317554.695
6,168.82189785975808,168.96991802380268,142.62531598617102,0.244781028981369,142.788229,13404253226820.254,9594699366775.139
8,270.7698628044031,270.8621763980997,256.11786025189207,0.2481846646200572,256.066113,34674731042449.227,31053741413120.535
13,226.7479773622844,226.85820513679252,218.97143297607153,0.2197121937160841,218.67179,21615852805316.418,20170748582654.926
5,341.88574222681814,341.95885825341963,283.86614932745715,0.264047466715095,283.594022,58542348166953.72,40490415283928.33
12,244.94646017530044,245.04850204073898,234.71288838277908,0.195851736518811,234.409819,22477771789952.793,20654027552948.684
7,408.00914430567815,408.0704128420139,351.68825105506596,0.5349758270514237,351.45407,167348582739779.84,124663967631740.33
7,333.23077508716676,333.30578972648215,291.7374918139144,0.1852896066139382,291.664158,39166235644533.68,30089463804900.85
6,313.1198984529666,313.19972989642906,274.60171970142835,0.2204577938261716,274.352491,41127273904989.66,31703888324265.387
5,392.53540362405136,392.59908698097723,332.70112602459216,0.614291389815633,332.818316,177764689203718.88,128076374762513.92
5,246.23801766325442,246.33952452403818,245.20957810071616,0.1689210484906595,224.959455,19615134375929.844,19453006060063.746
9,331.66823008627523,331.7435980521137,293.8567909676019,0.3777856422004373,293.800549,78621751953148.8,61848834973624.55
6,355.29555451421726,355.3659115018844,305.35721379103313,0.19892400837551502,338.196681,47717663623136.14,35340138157285.016
5,371.50015411420316,371.56744274340923,304.0533407383991,0.24765621503194213,303.851055,64774461266932.59,43542453133625.05
9,436.7028732399455,436.7601166498882,428.94602604124475,0.49753392705895183,428.866197,178196337986988.6,171976881120828.66
5,379.6925861773188,379.7584232087824,330.44387238462303,0.35116055706659416,330.14327,95608701773587.19,72593613642315.47
5,672.9663934462545,673.0035413785421,547.4466992602711,0.25587025126934165,546.874388,217254714531424.88,144287037947216.94
6,276.93204560478637,277.022305749648,265.1133664874396,0.3276218472194525,264.946554,47745175029419.516,43790349414573.625
6,299.02100596535394,299.1046004469544,268.64584682410197,0.4698626625528781,268.259704,79473483479587.98,64268474556206.195
10,255.23726652835407,255.33519582083872,243.2141332667017,0.20909938364000585,243.126007,26023755866492.535,23649480860847.715
5,558.7860325726651,558.8307706258663,484.9723341385232,0.20647061543227666,433.653567,121490195391663.08,91744606867325.4
5,280.8611563219735,280.95015417421655,261.26251993376553,0.2759536382436029,261.021629,41416720069731.06,35883643136267.41
9,227.0878086403269,227.1978715416712,209.36772124031418,0.15312382992054832,209.402424,15155957265585.812,12900635902518.96
5,187.81479118871033,187.94785390969184,192.02509917634487,0.30129368352129426,191.847145,20347431089836.387,21261790725612.13
11,280.0828231305559,280.1720682237654,256.2937212343032,0.280735848227114,256.073563,41896987470355.484,35136670465888.91
6,328.4472530217616,328.52335992671976,280.0523678661457,0.4138246863376295,279.747027,84403628652221.2,61535967704889.34
7,431.65782557513705,431.71573793441377,416.36159191255854,0.15241114988538762,416.411357,53906308398586.37,50185320980784.98
5,345.3460368074294,345.41842038113487,298.0587633735718,0.20661329104641313,297.894938,46832951861751.805,34975701990717.105
7,343.7430882656562,343.81580930843,303.85492858593057,0.3815825121795876,303.570258,85237666172619.4,66748565243336.805
5,379.1155844034197,379.18152161932477,309.03669011566575,0.22953852104557831,308.833841,62541825412425.39,41706631666417.3
7,175.01144665082043,175.15423620002161,151.61278974110803,0.21138318240972118,151.852733,12447585499045.842,9364693969204.03
8,290.61215231021856,290.69816488993814,265.18179455325884,0.10683173121879687,265.357661,17297813934405.42,14425254406465.922
5,272.3455578903307,272.43733757067054,220.54301373485671,0.14946608109901785,220.343583,21217050979673.277,13963216967316.172
8,342.78084417078065,342.8537693105226,306.5540485475676,0.22098059515899043,306.301812,49325590241714.836,39527883602825.98
6,363.05598195809523,363.1248353329152,310.74086158543406,0.23125454114767507,310.37182,57824397093775.7,42476260078238.74
11,402.08109682072,402.1432685257248,374.42157135259015,0.40514278294527406,374.02823,123414411159877.28,107154965418043.45
5,192.58428078444533,192.7140503576791,159.21454205693644,0.2275821485041563,159.14956,16191538200502.738,11102368732973.549
5,750.4789723848414,750.512283704809,672.1712454689233,0.15888490204421632,671.542927,168147059912670.88,135151252892819.97
6,614.3894392813783,614.430128737586,531.9072737481889,0.3100436506259887,531.87579,219400772608197.9,164854620993000.34
5,360.1293292250769,360.19874204125676,301.33944475668693,0.17224311743563522,301.200092,42492924944096.87,29844461554374.355
8,660.9163419489387,660.954167136547,577.2065279672903,0.2569949620141665,576.719156,210519260243654.88,160948397789476.66
8,188.8160925463411,188.94845012454707,169.42302918640058,0.11254992368559727,169.302908,7746190586538.474,6248478046026.574
9,309.6911863398747,309.77190139939904,282.5804251621494,0.27207080187980065,282.373656,49568503812004.766,41336126639212.37
5,307.91117890226263,307.9923604458091,266.55858593604626,0.32409278437427447,266.445536,58285876135839.195,43792209467391.695
5,210.27438724930252,210.39324593025708,182.32622517261208,0.20172843473528881,182.157389,17101943996547.316,12888952745507.264
7,295.6665008306868,295.75104346977804,271.4876360979355,0.2722067576537017,271.493417,45239772402398.34,38200176099306.75
5,587.1957795235932,587.2383532181121,509.3467981001714,0.2233086861216544,508.931288,144870396509938.3,109279469080705.28
5,170.02553334819572,170.17250656418744,143.8988700246207,0.2556943784063702,144.000403,14195304852731.11,10196888877207.195
5,188.19023714548683,188.32303458917227,153.8105670718236,0.22619116234447154,153.705798,15373403713198.547,10304814081631.86
5,224.10004402552596,224.2115735912013,184.35078132832442,0.3644638365919968,184.115826,34878148507571.637,23682652681038.812
5,328.2500134068105,328.32616603245515,263.74377758349203,0.29683742782522815,263.622727,60648248358248.85,39304309650092.37
8,268.38550111404624,268.47863454703,241.7870201186263,0.2571629186247697,241.461181,35293616909772.43,28696761740236.785
5,313.20255313873776,313.28236351991444,253.05576723713523,0.21923409955558526,252.869174,40922389757162.61,26813676759635.99
6,364.438197069289,364.5067893511915,306.1102805908137,0.2611443772680555,305.971325,65721747229454.02,46510114342711.27
5,448.8979667492535,448.95365523805896,369.15168962897627,0.09829871223317334,368.89924,37718818570071.484,25594671930218.824
5,352.2662645032868,352.33722639979385,293.99426307364445,0.332657117494182,293.832876,78100554842796.3,54572132490181.375
5,184.55734477090056,184.6927543486345,157.48405938634912,0.11707388179762589,157.557551,7698589613795.054,5621086117113.13
5,241.77253977399405,241.87592064686294,203.28620538278076,0.14748125367722276,203.263735,16534134290827.453,11723570166857.346
7,341.6985846241278,341.7717406897946,302.4229797489909,0.2854913548181923,302.449262,63184657073271.734,49600520986560.586
7,173.9199050274908,174.06359000311187,149.41277713401044,0.1836000364389795,149.18201,10691169250883.24,7911026459457.82
6,126.65517073618058,126.85240350190868,107.86337115210253,0.2608872815322205,256.505335,8076173089292.383,5873818278413.904
6,366.4154333865453,366.4836556026064,333.8514770572515,0.2269503711817017,333.516503,57803410060281.695,48064244079521.86
6,199.14400451364477,199.26950226698156,196.71691128113514,0.18323375307352638,196.946702,13957183114321.607,13621866928624.035
5,345.0874566495634,345.1598944501871,288.66046538413514,0.24155898742335288,288.361904,54597923227583.66,38322331417583.27
7,175.35786391470754,175.50037161421935,159.9252582637062,0.23435421144256327,159.819586,13842407290408.34,11531248894867.86
20,275.7544505391493,275.8450960088798,267.9722501190634,0.26340391513775796,267.855366,38136430515203.78,36032318400560.77
5,203.04052888502127,203.16361970074553,167.61931860471142,0.24451765190199323,167.545301,19307746246372.477,13201462038093.596
6,219.3487630744516,219.4627072244665,184.93193824288093,0.17351786061393934,184.795143,16016333284702.574,11417597800093.395
11,274.07891914631057,274.17011857678773,251.59391206562535,0.17179000700712496,251.48143,24665008438721.02,20814802440663.555
13,320.77007739447583,320.84800537272787,292.53297222694493,0.22076671665105466,292.350032,43203151909185.04,35989690994463.71
5,157.27232691327157,157.43120660375746,132.4045961980585,0.2652997281708766,132.278013,12614591254432.773,8967207251127.807
6,332.4315316586723,332.5067266100505,285.83780981301305,0.39111212997805406,285.450578,81741765281240.56,60594630212975.63
6,280.9863717398064,281.07532994466214,234.20802885953026,0.2919740112825668,234.082446,43838210948458.28,30554033249220.785
5,260.67044922729883,260.7663381273775,211.0481836622165,0.271051318135764,196.673319,35093496016137.914,23088559185209.11
8,185.54429214737542,185.6789819782266,162.57095394412073,0.28222894197770454,162.356244,18616066663464.113,14323509720303.451
9,224.74854279914484,224.85975071216956,201.8657788585662,0.20411279606155536,201.652265,19744084504014.18,15957242906252.77
5,230.38194476562555,230.49043466918914,186.77214827924223,0.15959009946581768,186.517658,16247935709761.852,10717042458155.846
6,160.1098278996687,160.2658946565411,136.40835027339944,0.2741085730302497,136.5748,13500179549192.574,9825970606257.924
5,534.3671398557312,534.4139221217899,488.08704651418776,0.31125395420488516,487.832877,167012990240291.88,139560496312249.92
5,698.8404671356436,698.8762397637829,574.4960220467998,0.2916754715512977,574.151604,266619858506724.34,180768277709361.2
5,198.06258565913606,198.18876819331265,161.98800055415424,0.12515748365775783,161.858147,9461815048227.512,6351037172401.93
6,220.9859509613839,221.09905138264878,211.0020745899154,0.14375647876418235,210.782967,13487799220416.695,12306247055741.629
7,342.8504926584636,342.9234029869516,312.09751806904757,0.2800517526968782,311.983573,62406224543073.88,51798352270938.766
8,431.8206246855234,431.8785152144011,384.471759765181,0.383588585159873,388.081331,134667847684614.03,106975318576304.83
7,548.8804939503624,548.9260393160391,497.18413039123055,0.3410623724094963,467.255509,192835207467457.9,158499340209418.62
5,206.9257984993281,207.04657950467217,170.58236546443084,0.22879845750599911,170.412899,18769089175631.6,12796762814685.28
6,211.69582507272114,211.8138861199146,181.49426581564072,0.19481931558928028,181.532283,16743287339260.807,12338792009926.34
6,312.0861092014637,312.1662050198707,260.8486426376021,0.2905430989202216,260.685203,53717593168566.29,37645250284950.51
6,580.7857298274564,580.8287733671699,512.9126142751442,0.513986854349555,468.828565,323984227839984.94,253197014429810.97
5,230.89124400797138,230.999494717085,201.0563672925891,0.27362811387266,200.823882,27851433322946.258,21169308720487.508
5,448.503271256465,448.5590087466199,428.05928026192447,0.32580047251182054,427.669315,123484141830354.34,112576883131192.98
6,504.6023796977623,504.6519212255559,468.96121184311266,0.3263594953954935,469.045852,156246240358802.1,135128926265550.28
9,502.86234250673414,502.9120554444484,465.5435726037884,0.24819281172792448,465.481272,118299620077979.69,101531961471221.58
5,379.2894546109215,379.3553616057776,314.5511847423178,0.3589165081304784,314.622519,97495859464723.08,67276996734908.18
7,579.9563477081408,579.9994527988504,498.09349235522814,0.3740859160972876,497.642679,235741017472734.7,174334062887782.47
5,192.8677776468526,192.99735659960675,159.72406629426106,0.15665644788034225,159.57248,11213525114629.312,7715588524012.951
7,459.118864065123,459.1733129663013,406.6124678720405,0.2696061609817205,406.132159,107216179346702.92,84277275603415.27
7,262.23380887815676,262.32912632558674,232.35181312009016,0.28574186374642974,232.00957,37419396066637.54,29439317282057.805
8,162.34619674862034,162.50011568839494,145.64429911691062,0.29661579661711435,145.613354,15006113897718.184,12099564590120.09
7,445.2537882315942,445.30993244546585,381.2861667848741,0.2156557289683,381.130231,80864255915680.52,59460607085355.1
12,397.82894316801674,397.89177928449476,359.13965529004423,0.376074592845911,358.935377,112245244007850.23,91641766763061.31
5,234.78202732419805,234.8884849337244,192.33672459072682,0.20520781372254515,192.149469,21644618326008.105,14575244798004.117
6,286.83313033713773,286.9202757892886,239.39360922262068,0.16137611215395423,218.380075,25370162795801.9,17727068629789.492
6,690.6986715242904,690.7348658098992,578.9180361535178,0.08704173201202356,578.769371,78559255125978.05,55360865759080.875
5,384.84991929818085,384.91487420443536,333.01365875374927,0.4037892808879741,332.800888,112776944934052.48,84660435235779.6
6,352.66500495011866,352.73588662973776,295.4648778558099,0.33279771889001974,295.477515,78308696324654.14,55137718902784.73
10,406.08293871289055,406.14449782521643,368.7685854747639,0.6793912408210525,368.620046,210102247917641.7,173553897160638.7
5,165.32087510268252,165.4720270762305,142.72521412025924,0.1728870981933078,142.496634,9109055579410.645,6806474400657.356
7,152.52092176079694,152.68474571732156,129.72307075392612,0.09589286819608536,129.563688,4328283288378.1245,3139694034837.0713
5,400.57681086644254,400.6392160085301,333.82198157887535,0.1968119883666417,333.603113,59891009292492.6,41726221428707.88
6,235.44529544675845,235.5514532920809,256.2154520681667,0.23899900097105067,255.961524,25316838276195.617,29936768192121.5
5,392.6532369133772,392.716901162342,319.3538594963424,0.16486791236176607,319.022088,48297043996830.56,32064007404379.89
5,298.1765445355927,298.26037569745387,259.1393183490545,0.24700338863929255,258.958283,41780394364025.77,31634320663587.52
6,443.09838619400597,443.15480348037806,383.8554223771869,0.40750070732185373,383.417361,150483657988885.47,113222066465391.25
5,246.4378915336868,246.53931610104135,197.73957916604647,0.14223886526291085,197.759623,16567480930275.264,10706657537728.361
10,355.69796575943326,355.7682431659675,321.34327431226285,0.30756041188089145,321.745464,73660423323472.19,60226253146798.61
6,207.64295158574186,207.76331568214525,179.8408554589602,0.2486194315553952,179.698995,20520944193704.01,15431144278982.865
5,250.36269853878042,250.46253376427433,258.52958583830014,0.42725290044287706,258.298106,50861766863957.336,54203581190429.55
5,208.02798979466274,208.14813123832823,181.38292784485512,0.26365827359885236,181.195315,21831261025695.78,16635743692368.047
7,548.5017624966478,548.5473393080391,527.3065620653852,0.24802562263967629,488.382651,140436947286677.92,129883695324302.66
8,246.93485578805766,247.03607631896367,218.11563178423094,0.25425141475586543,217.882218,29584973695647.203,23131933272700.324
5,436.60686699073364,436.6641229863797,363.0370701688151,0.45708372487113635,325.310109,163760507887638.34,113593183345465.39
6,222.7679292514026,222.8801254104051,186.10870854864467,0.22666931488050798,185.90251,21525108314936.715,15069548307687.676
6,373.37208256351346,373.43903389685323,314.727025156558,0.4081276107461228,314.408431,107338482055285.6,76499599793963.45
22,319.9258999766132,320.00403353058834,320.8720698900368,0.4035053920080598,320.880803,78137856171010.78,78596630843035.38
5,684.8031958159094,684.8397016818482,599.5969745185242,0.23976217288216745,598.956379,210853515734980.47,162021740363499.2
5,220.38450286040876,220.49791178382964,190.07918170011703,0.4846238695096287,189.990435,44753363937860.08,33377780303299.39
8,458.49838357714333,458.552906154626,426.044675266974,0.1401359249620907,375.362245,55902193812667.54,48330705945116.945
9,398.2989222939273,398.3616842776222,352.6182224705924,0.2614329990273766,352.362691,78464984404364.44,61630844362120.08
5,307.27653729861,307.3578864682409,248.3132675225818,0.1776284460282641,248.106925,31982936286749.4,20963299193379.504
6,200.33728663174793,200.46203734116622,178.95810686375762,0.2735069009673478,178.729517,21010223758953.67,16797444314753.812
7,202.60835122424209,202.73170444162363,173.68375461252288,0.13946632054565908,173.600145,11018551585153.795,8118485315306.531
6,350.5934449960626,350.6647454110652,294.8874396642034,0.19962299132863306,294.624394,46635719283688.1,33093251625674.895
6,610.6899280291708,610.7308639624116,564.3634838629299,0.32943582866121385,531.525261,230233936349833.3,196881437189014.72
7,406.5476276347667,406.6091163949191,374.6411783533156,0.37870772026587823,374.381278,117986764894787.12,100340018428856.9
6,331.0686235368826,331.1441279724074,286.6007379799728,0.312775195165903,286.488286,64967101431178.586,48810395822625.04
6,174.34327869567406,174.48661503495754,150.84756868774207,0.1137034773009436,150.704855,6680570548392.538,5013860187098.723
9,234.6552353658573,234.76175047184728,216.1867590063823,0.1197824347529502,216.142215,12678466284466.053,10776440142748.902
5,256.526737521238,256.62417474448915,247.73471221185946,0.291705900410466,247.601049,36563247080100.03,34120717631737.82
11,257.52358075250663,257.62064095020185,231.90958658771652,0.4543311335485872,231.664737,57164228304140.37,46443644543373.3
14,426.90986625159985,426.96842260635486,393.4742250471508,0.22054342022588905,393.295806,76064776802857.86,64709365058257.625
5,221.6051162451851,221.71790082454325,182.1516650324078,0.42672819693367786,181.974801,39885192930595.42,27039684371164.293
6,338.04872436130825,338.122670109988,322.1573878920485,0.23230901288895833,321.776506,50422593079035.164,45832078908680.51
5,120.20226173371209,120.41006488620387,99.12521016071683,0.13016019433782836,99.010523,3654304592793.1865,2493359450733.004
7,283.23690660549653,283.32515819010985,247.11432770876345,0.3136738421301056,247.007315,47817010386462.38,36485190359745.66
5,160.94640307388156,161.10165940306248,143.02720231386795,0.17580023098126024,142.849117,8781622191400.1,6949216318998.6875
5,252.3346115569677,252.43366690995433,238.72468070942688,0.4839720412669461,238.467499,58452886667260.75,52368464972616.35
9,332.9140229827608,332.9891089789067,300.37286848388965,0.4074137392166011,284.485984,85362920364266.3,69617078021473.07
10,210.68916977538484,210.80779459175824,194.67940832218216,0.17261134335330017,194.801147,14710153237662.03,12576286710864.174
6,221.17701392098357,221.29001669077383,201.37051631439851,0.215907415478411,201.0922,20222312901674.51,16789326861589.104
5,333.5075088663201,333.58246127489764,298.00302844215076,0.352899586421512,297.659582,74296817942582.31,59437460317167.805
5,254.96293017949924,255.06096480197868,210.12319174173564,0.38501621940578284,209.88784,47561780389931.53,32413269760645.72
9,278.42261008187364,278.51238716581895,256.1258240420116,0.28571579669881403,256.10385,42134085137510.414,35708036776545.65
7,242.5638405147566,242.6668842781567,222.97405507021588,0.18841447626183105,222.722593,21216234808248.58,17953472750620.03
8,532.7041992056429,532.7511274988775,496.00018532249703,0.3125937683244771,495.451847,166692441441260.0,144696106922865.0
5,185.75270891423733,185.88724773092258,151.00341243247385,0.10129682268236018,221.680964,6755430847154.106,4480341260534.588
5,93.60342615904857,93.87013043941324,83.22221881980919,0.22464544993980753,237.304254,3823087406281.204,3028166240762.625
5,271.6701548596438,271.76216263759534,219.22994256539602,0.32641008015205936,218.939829,45794976481116.37,29933801266906.543
5,492.2408071468727,492.29159267714977,399.9416891411528,0.4057425225201275,399.611059,184575040907509.62,122295351084646.45
6,313.7429675837134,313.8226405284281,270.0424264123266,0.2501552763267982,270.030506,46799876347952.016,34761745542233.07
5,259.88182305289115,259.97800282580494,213.83585952776735,0.31973438325307624,212.004139,41089214130648.516,27913473872180.016
8,275.6912755365135,275.7819417709394,242.5441096438617,0.26170527304887825,242.462164,37875433037791.27,29380772754651.38
5,282.35273123636637,282.44125909051553,240.91289222847266,0.375151111855804,240.751839,56746138745749.36,41426820679530.86
11,297.3755694902954,297.4596263859644,303.059202758844,0.28795785258927437,302.934896,48383653885747.01,50234118868522.29
6,267.69660852719716,267.78998154703896,235.54089399038563,0.233507341752421,235.204423,31911109375558.22,24760005135383.977
5,226.2163996916828,226.32688636012114,197.63595248959115,0.1590330183110501,197.649714,15616282806392.309,11946906407507.424
5,391.27934324084737,391.34323099676686,317.28622048242335,0.6648608243165052,317.130014,191045924903013.03,126089759533728.8
5,593.3027128066421,593.344848316492,497.83821904808525,0.24928592893303292,532.008583,164913222245849.0,116474517747509.62
15,406.72880166150173,406.79026303612676,395.811196153364,0.4181533882144074,426.814097,130276327835880.92,123435916215761.16
6,213.72003406680253,213.8369775354937,180.19068209239177,0.13863959566091816,180.189551,12177053617176.229,8681360323318.54
6,438.5507382916791,438.6077405338133,409.50506831340317,0.33015616066275977,583.246681,119676748965798.9,104476657882881.17
10,264.36068745944795,264.4552383183814,248.26391520985285,0.20090866836783797,247.966108,26816849683181.484,23676245654340.906
5,304.88679648545144,304.96878310928986,248.32367285512996,0.13358633722223903,248.087062,23741915578068.523,15805054319100.24
6,165.08354527614028,165.23491435208075,146.08544486924592,0.15366106015949454,145.912958,8081201337442.988,6341696721203.741
5,149.9979589637352,150.16453540462336,122.9651441509726,0.1655884500642314,122.800376,7196913643639.841,4853303644402.745
7,270.59502923774227,270.687402455627,245.4215098323965,0.19048683937203417,262.168646,26640655994246.082,21951456055480.086
6,147.6474945807789,147.81671981200617,129.70336309519493,0.17596597644219733,129.598207,7408256709688.48,5729876250924.583
5,220.23657484437553,220.3500599028333,185.50200201821704,0.22362074354604786,185.327813,20762262083546.848,14772603912783.11
6,400.14929420099094,400.2117660058874,337.29783843500593,0.3618255037823134,336.977744,109282089811299.06,77884702085951.8
6,170.91892625528703,171.06513190086474,147.79119927402115,0.10529361657203447,147.712429,5951846636930.356,4461253106505.717
5,363.6758053550601,363.74454140323746,339.2987797123945,0.2053569501617044,339.032911,51576485922746.84,44948589231036.695
5,542.589622186579,542.6356955680069,438.6014986308185,0.15357553035610444,438.279966,85473085080536.1,56060263023712.66
5,129.58756703809127,129.78034339163924,118.76320894354726,0.15223881002788409,118.724413,4954709907617.782,4167740596546.52
5,628.6029586050222,628.642728079302,523.1720159425357,0.44159383077944714,522.754076,326055881559498.94,226530399975051.47
8,366.84972673812746,366.91786820464165,319.2998391266283,0.25796323971545976,340.083302,65782639642491.88,49956435100393.02
13,393.49161333917755,393.55514196649597,375.0846817560173,0.2939577056176216,374.81695,86038828748618.23,78244101869915.16
16,521.843497094524,521.8914019792263,495.33011069206054,0.8897069572209854,495.178853,451468753859416.44,407120833712765.9
10,437.3872775724978,437.4444314221879,419.52268176338833,0.3186009509608862,419.16226,114918147161371.61,105801075137219.38
7,317.55057160914095,317.62928947011824,273.6372071616616,0.21774959932739413,273.427631,41774033913682.734,31100062988119.08
10,253.0887129172363,253.1874732408838,230.59921236324095,0.24481026983775533,230.733132,29920950390988.555,24879667470634.953
5,310.0281004658336,310.10872783340517,254.96424336172106,0.24933503279358615,254.784873,45559155901160.53,30918447754533.31
5,238.84662273108637,238.9512694882492,194.74395944100317,0.14718280343236442,194.545082,16107303441755.0,10745334269870.564
5,306.1755961194338,306.2572377252343,276.56081593466274,0.12769410112933066,276.44835,22894229315749.215,18712172759428.402
7,271.56904619655137,271.66108821858285,242.45650027909173,0.38843457448145613,242.354311,54373691689576.33,43427001064574.89
8,310.27355444780926,310.3541180485248,290.886486709684,0.2846094146780963,277.765167,52025822495669.4,45779189214370.07
6,235.4759712189909,235.5821152412191,197.9214395780395,0.17903623170307253,197.827851,19017185904329.84,13474559573897.885
5,337.5111744156579,337.58523791101504,298.88998164937425,0.34445553748843144,298.634627,74270895581059.0,58370492506059.57
10,285.6664238570515,285.7539251161331,257.138632341984,0.3354467663743806,257.110063,51978729380149.766,42193271152297.664
5,133.273971731426,133.46142341916234,112.80932537345734,0.14664942206268478,112.700234,5047397802746.037,3626602620061.992
5,433.56636644715087,433.6240239126346,349.1856661024221,0.20702228212520168,349.034581,73666318490633.19,47964782796738.34
6,206.80322245799144,206.92407501064127,175.67954867169084,0.23601637449856147,175.589672,19333376646894.367,13990510278258.117
10,204.61946407233992,204.74160563317756,183.1092147221952,0.15185855041504837,182.84658,12225947395705.244,9809276251827.096
8,309.11520561400846,309.19607103226707,285.6953706535149,0.29746733254546764,285.382377,53953579119348.33,46151552099178.85
7,358.7104265869331,358.7801139168384,315.01730673158306,0.1727568092617335,291.503682,42286296415007.59,32686446172814.234
11,302.06828785950603,302.1510392674058,281.79056985990223,0.4521120313562782,281.778646,78050198592452.55,68006111229907.22
5,463.69286021673275,463.7467720814609,414.95421854251344,0.40589945664962,414.721462,164023228043351.12,131613152041693.2
5,180.5007446627597,180.63919514825895,151.86594944617931,0.2159098021200328,151.827186,13514728233689.688,9595185266309.926
5,404.8856373940713,404.9473785172629,331.5052034603616,0.14229431935089704,331.299872,44355287016569.08,29838631840238.566
8,512.1853321100903,512.2341402412802,447.59376298697447,0.39269759202047155,447.187436,193330096127729.88,147996558259080.84
5,539.8222294306534,539.8685389865582,433.5329967211605,0.9200491555877458,433.324284,499156604949047.4,323150581951026.0
18,380.8163481182271,380.881990902829,356.31726803552596,0.44406767278334713,352.809745,121360233991226.8,106373621736217.62
12,424.68441956839996,424.74328272987293,394.48930048353793,0.186927307772605,394.620515,63899051271994.2,55207120556474.086
6,593.1241238740183,593.1662720699162,517.1241393611268,0.32114088573546784,516.632398,211854949690259.84,161425929290123.1
5,257.30268345279666,257.39982694634836,214.47992685748244,0.18846318765995826,214.449554,23854686333254.36,16626843963568.664
5,426.5415549723064,426.600161882521,386.32130734026373,0.4413660372768987,386.213126,151031707094711.1,124109416771108.08
7,310.8872391503021,310.9676437613681,293.51550326116677,0.36041933801789,293.430258,66005167567510.55,58894298902459.41
5,262.2676266489937,262.3629318102997,210.92387610593488,0.164413578190996,210.897246,21639849128633.22,14048272879100.848
5,177.03013729361646,177.1712999054776,156.6795162607723,0.18855403630023518,156.602722,11369797662222.266,8924674794385.645
6,264.25955132440845,264.35413835644346,229.84108717509605,0.31361490369001943,229.682384,41666899728012.28,31596974443115.785
6,254.10265548112886,254.20102187552524,232.46775131619378,0.27325083770114605,232.338771,33630594914044.094,28191156285913.184
8,127.22420243649859,127.42055440784729,124.97110994953175,0.18780395561055502,125.065093,5882449923811.477,5677705558399.169
5,318.54087804794267,318.61935124463844,261.90347470910416,0.13937416721518495,261.844619,27008532327483.17,18319579853387.625
12,730.7812546456333,730.8154638083721,667.4489236659804,0.5706751470652144,640.501305,566827354202480.4,473529066912059.94
7,393.0460589712897,393.1096596025879,391.3801144091068,0.8280290010620751,389.544888,239633509395497.5,237622767585649.03
5,233.20183535699655,233.30901400047048,193.59447661839857,0.19316413915530667,193.473418,20113796470485.734,13905416412828.496
10,338.5003836252265,338.57423073002104,321.14172874655395,0.22853392251691906,320.773361,49741831228784.8,44812366154183.15
7,155.9367353687076,156.09697446603616,151.6455107474913,0.19032969004170208,151.509982,8923516380263.564,8443176313237.259
6,264.96362440445176,265.0579601852081,229.70393159262136,0.29747999091398314,229.720601,39750630913358.28,29949610814065.336
10,508.61420415428694,508.6633549485344,469.8450225882605,0.2888846808289087,469.473629,140645070043456.44,120189833892026.34
16,323.3184122445097,323.39572615653213,305.3430738610436,0.3454136973191617,303.92827,68395478263649.61,61063197760226.51
5,864.4124341826199,864.4413550782507,706.0640817058564,0.30619770411748626,705.558268,426536905517529.6,285550624416010.06
6,570.8358663339276,570.8796600801307,477.7329032269753,0.44241282184585334,477.300846,269801645510635.3,189523180472633.12
5,621.2722282966464,621.312467002458,538.8238920301078,0.4785258071931445,538.70185,344965004124856.94,260089939660713.44
5,480.94016567070565,480.99214438009875,388.06984467325384,0.24197767297930556,387.729953,105607958492153.22,69021899310477.11
5,208.3528901645302,208.4728443704666,177.36578804588788,0.15472531720039417,177.356953,12909422247079.87,9380933602812.012
5,261.96105390402124,262.0564705602697,214.27945477976033,0.21904011208479224,337.510686,28691705147860.445,19264112395596.395
8,348.36282793161786,348.43458479966364,319.4193803125694,0.31641053174558637,319.283021,72695315657746.64,61210792378986.31
10,264.24646274110717,264.34105445652466,245.53705223210704,0.2531464949141973,245.303627,33692857019103.094,29127824735051.758
7,513.8253522540462,513.8740046149393,445.933952990424,0.4494919842342073,420.514247,222449750623991.03,167956581749011.2
8,400.79650506169884,400.85887600210674,360.975199703251,0.28439465111973355,360.652313,86356216192762.28,70178471707425.15
5,389.10818277490563,389.1724269554427,318.9386027044147,0.31455181083458045,318.807484,89990476991206.62,60672919837391.41
7,236.82775235728892,236.93329079427687,214.03406464545856,0.21751184810861307,213.87078,23328725954299.336,19087417633806.94
6,389.4748635116288,389.5390472178648,339.01723933207495,0.16221422555125845,326.023237,46766789813169.91,35520386280923.07
5,254.32416718806684,254.42244794023927,233.45836342619103,0.33630948460370585,229.702732,41387888383336.04,34927513230822.754
10,238.0542492179843,238.15924414294352,211.6823076067588,0.2173859539684365,211.535822,23555356901354.953,18663042179866.85
5,383.1306336644246,383.19588000408294,316.11184641651454,0.266457802454483,315.937606,74036109404249.36,50570729832470.984
8,201.3214129093149,201.4455541723442,190.36691159493705,0.10244619484610962,190.221813,8013309761458.393,7171955075966.862
7,228.2691127935115,228.37860638758806,195.4727007873267,0.15607307527096323,195.403228,15605120559885.24,11473307216189.613
5,347.8720645367406,347.9439226154902,306.1220748849832,0.30600402333655163,305.966843,70128851179824.164,54428077497696.63
6,318.19988013087215,318.2784374023811,272.2854595163054,0.3497095762603448,272.047347,67082496745931.5,49254625606800.01
5,151.71677983042613,151.8814711612776,146.69475164106953,0.2173882861154917,146.562927,9641519140515.453,9018991150807.537
6,449.10122369297824,449.15688698107533,387.80692985145487,0.11466331265980542,387.398043,43978338812864.734,32877365814460.066
9,418.2280516900465,418.287823418818,376.7594688400911,0.26665247922961244,376.664419,88148757066201.92,71667257611310.8
9,175.07748678323384,175.22022251536328,156.53315948074953,0.1734866613166254,156.493051,10240996541594.256,8202148258474.818
9,431.6193634102385,431.6772809294688,396.0846254568893,0.2770022328560577,396.256438,97440282899210.19,82181984153108.6
5,354.6052727394185,354.6757666582218,302.468679110924,0.3579044226399402,302.443139,85082391131360.81,62076659161411.86
16,469.18729592114533,469.2405765210383,438.0940923096411,0.4365999982634071,438.247727,180480659628130.8,157543736927209.8
7,241.87938784455298,241.98272306934578,211.52746624485368,0.10049852590904053,290.892599,11313541025417.215,8672274093239.667
7,263.44858260477656,263.54346069759686,250.427207626546,0.40866745414200456,250.354655,53840624567286.02,48693134815333.555
7,207.83666270478832,207.95691468249848,181.34056189895264,0.15134401060592803,181.14869,12567682395541.291,9589972882211.857
7,411.151293366378,411.21209373855413,356.9863576101116,0.21081111476472683,356.590002,67510909868856.46,51021341861493.62
7,210.41795578390054,210.53673341313987,183.89976773829028,0.30934323763198707,183.570506,26164643682783.004,20031894620294.11
5,293.94690809583216,294.031945167697,258.9013960170759,0.14938973919296053,258.952182,24671168619564.46,19180939960337.914
6,173.2247346588362,173.36899577959207,150.00499555203373,0.26031286057543057,149.948475,14993679612283.486,11270998165567.068
12,225.8249519361207,225.93563002977467,210.2244015657523,0.22960903711082814,210.109685,22399049864157.035,19435098080904.543
9,257.74092716470966,257.83790554479026,231.2296044499857,0.1932987532405402,231.030493,24544067609793.137,19791559488686.605
5,346.4617728642122,346.5339233844401,286.95924410466426,0.33866981579328725,286.648333,76923832336867.22,52945580047565.9
10,384.445282352533,384.5103056136712,351.3963199982335,0.11840008011782431,351.23171,33358523665949.05,27913218975696.17
7,171.99854426791947,172.14383297197568,177.02538015743482,0.26939383618253226,177.185729,15295239666785.545,16194453728857.072
10,271.98600765727804,272.0779086242485,242.17834026283987,0.24842484729644673,241.810581,35017726688828.254,27819027672691.965
5,305.264927433694,305.34681252814556,256.7718171941983,0.20912367627834616,256.764501,37113679400752.875,26337922543895.066
5,300.8573854617499,300.9404698389367,244.44359225177328,0.2538158163534022,244.063168,43690908031180.77,28946874588617.766
10,306.6935121489137,306.7750159224768,275.5681167340939,0.33614796537083574,275.189982,59961653407251.4,48499625650369.14
5,196.39596419939372,196.52321683152232,162.81142644643006,0.2528239089693099,162.755717,18683619311640.703,12880789345653.266
6,224.7504619007591,224.86166886467012,188.8361613113565,0.1665432848139978,188.66916,16137967215594.107,11426187278345.32
5,248.79378759479727,248.89425213484762,213.29583356126932,0.14378044990884548,213.031344,17064463537167.314,12575001032629.62
5,243.4538587256672,243.55652594093453,201.27585186036856,0.34171966635162526,333.14255,38559706919572.586,26443670929556.996
9,381.61819584696246,381.68370072809057,386.43399462864096,0.1434003638102573,365.268639,39748646747764.05,40749235653668.375
5,336.0492690778213,336.12365469829393,291.40820830452327,0.16996739644830539,291.293082,36559996102818.336,27560109341235.805
11,412.89863100329944,412.9591741133726,388.3102708222416,0.38001251260198243,387.886359,122083683819145.84,108094607265648.47
5,335.26331823747734,335.3378781998896,294.82634716623016,0.1732968784772529,343.892834,37097231847328.22,28752430149907.27
5,504.0217360664931,504.0713346615552,418.1555495580578,0.2455165581786332,381.127657,117570778861929.55,81193458384344.77
10,555.9228575575825,555.9678260070344,508.2888931048998,0.31062136974067706,489.286447,180268324012788.28,150939003195666.8
16,398.63148943372954,398.69419906509,386.2514703142086,0.328410040693138,373.873794,98530265621685.92,92557302393897.66
6,163.44431748039074,163.59720326653132,149.8897293362918,0.22781731952918433,149.789976,11706821998604.299,9860259244249.723
5,298.2658348817665,298.34964095456394,245.30833524717573,0.09259872969595156,245.057961,15805550842638.41,10726819908584.14
5,209.73577611981332,209.85493986223068,218.3121865785933,0.29213133960500026,218.139405,24562415247665.305,26593841843866.977
7,270.1485571204894,270.2410829505431,250.47966398166992,0.16718570427855659,250.560761,23331726314203.87,20084141785267.465
5,194.6831801985358,194.8115516395667,163.52022578267577,0.2084846572419706,163.311404,15166360475963.441,10731410258863.602
8,296.9676208511723,297.0517931842958,286.4448655414456,0.31155763493171534,275.868227,52170629915706.164,48569641937131.26
9,224.5105987328543,224.6219244494729,204.7540446314203,0.2061645290868845,204.54748,19899018012899.273,16576776386564.154
5,244.24539922210045,244.34773385722903,196.92022254308182,0.4001912975996048,196.594697,45386350879025.53,29613357958820.863
5,172.77650067067776,172.92113573535397,152.7495607545266,0.18762170341582854,152.552523,10781388589344.27,8444667495474.335
7,390.6205688456726,390.6845643294816,345.7071771179145,0.23704676686889772,345.47908,68511688220428.73,53777872589277.35
5,289.89300757439764,289.9792334642772,249.07472851661404,0.24425623976993485,248.889302,39075149137025.94,28922370968673.668
12,246.79533944637635,246.89661717498709,225.33585913158356,0.2579554436451114,224.929688,29978610657707.66,25031197471664.293
5,219.6233476070493,219.73714937198673,187.75088308616526,0.2211652668066793,187.864902,20423017048387.242,14965138629958.354
5,243.39491951254163,243.49761157866953,198.10932220528517,0.34738012915505995,198.119658,39173989025034.25,26045974910092.84
5,264.7814820143371,264.87588266527536,230.7263169306277,0.23358200414094413,230.391386,31235732226045.566,23774149688954.0
5,317.24035986629764,317.3191546819984,271.4483301362266,0.26968097863306517,271.133735,51539884071541.77,37837945686939.055
6,272.1243765566768,272.21623080992066,239.82413665938157,0.21835368745520417,239.688233,30844682701128.324,24009349725364.45
5,284.7175121481221,284.8053049432473,243.20130357639462,0.4143776028464299,242.903998,63668927570635.12,46583584565876.21
5,527.6837544979951,527.731129232586,437.48808159952506,0.4464100356801366,436.986792,232914938816484.62,160610577089611.03
6,273.2099892256506,273.30147861414895,254.09048996403118,0.09657142219304717,433.739084,13846153526714.613,11990793147600.627
5,179.30120873132012,179.44058474189285,153.76166056697747,0.16287246139163275,153.746889,10085262048149.932,7436429356023.953
6,569.9686170722416,570.0124774487341,482.3801992225984,0.2968043116813408,481.978825,181056515489631.97,130069462527636.73
8,165.9837230202988,166.13427192388474,145.0798009575196,0.28628921208668023,145.013661,15138857977644.467,11592270247462.174
6,328.4192118876346,328.49532528925744,302.7992988704289,0.28743042214526127,302.497183,58802921022970.68,50057700627095.336
8,267.63366665699044,267.72706162856434,241.754000588607,0.2306900632267618,241.819267,31514740407950.145,25759882567006.75
7,385.91639956578473,385.98117499927173,392.48546999305205,0.3326113293543765,392.091999,93569660094679.42,96753178445003.6
5,191.10888220423402,191.2396529419351,166.9598606894817,0.188374162732773,166.846115,13220305143668.248,10113652208207.576
5,473.24145682459545,473.2942810318602,397.20877380118935,0.16409081774825113,396.847307,69600042460964.43,49183350225449.88
6,254.65089201030477,254.74904671390607,272.0539884090128,0.39910949882424235,272.00595,49167695620335.91,56052588120902.03
8,329.36673721287315,329.4426317012627,289.33737957428923,0.20423896802876207,289.104944,42148977304506.234,32600293050461.355
8,330.05990990370987,330.13564503949743,303.58183463368107,0.3978773258821562,303.502933,81971356789728.84,69449442464936.586
6,288.21667594041736,288.3034031886262,260.617454304405,0.13592486901815648,260.591458,21605795619036.19,17696399347512.75
5,109.14302811768256,109.37184549369753,88.66559252510827,0.15339936389456185,88.562404,3551591294498.179,2352297687323.4053
5,880.0169433598803,880.0453514452915,730.9605260573721,0.2508948597737172,730.149778,362737156955751.94,251032460166682.53
6,401.7471005711925,401.80932395523115,371.10698265518243,0.23603453755367698,360.200584,72127878764314.98,61631392775292.45
5,227.67325249605182,227.78303251588116,185.19927421373708,0.1441301752952691,185.116328,14346140805663.46,9526223056474.732
5,228.60783913598976,228.71717057192402,190.1387217335598,0.1387811313503231,189.987756,13930845452220.506,9667265485058.66
8,610.5270695764898,610.5680164286825,535.8812606962272,0.46090993583063783,535.641819,321069916844091.7,247883864334750.03
7,299.98423650715324,300.0675626467807,267.9676455261194,0.23022868230693783,267.880405,39436690934195.94,31530122296544.363
5,442.8247456344685,442.88119777907906,368.0567225868595,0.5986044792751343,368.376978,220049853493240.38,152502990388174.88
5,279.05820549716105,279.14777816650405,237.68793616859494,0.14957107648769416,237.66926,22281981052791.188,16209367424612.94
6,609.700243506596,609.7412458838606,513.532681180349,0.4021133971004617,513.295399,279671430836410.94,198957369185744.44
6,225.8205670465263,225.93124728822852,194.97811327452868,0.308385646194827,195.088798,30006169265728.21,22426321638313.605
5,261.8986770823002,261.994116455807,215.3793268216671,0.3325900277701625,215.245343,43386410260386.086,29442761422064.77
9,377.8919849124358,377.9581355931641,345.899929556043,0.1740530274481642,345.72157,47235485877224.6,39637587016075.1
15,378.4830083418204,378.5490557424156,368.2169579398038,0.31835908018098363,402.185715,86206715289471.17,81633474727189.55
6,296.29112854223285,296.37549300309894,249.57529765066906,0.1258758946309436,227.51434,21149190926129.277,15049593930084.49
6,245.32858944509888,245.43047243388887,214.94207043179506,0.20437897443675773,214.815552,23520388690175.914,18095698742214.895
5,395.2211369525885,395.28438761744275,375.5291787304523,0.312264473223825,375.316947,92145527792155.1,83267630263199.12
6,289.70540896596265,289.7916906747598,262.3754736265559,0.3877500069001204,262.524592,61700527809075.22,50696499467547.836
9,224.34642730243897,224.45783444417467,209.49717413055848,0.28604074629803156,209.539556,27490808423682.715,24000469021173.63
5,153.52846573903417,153.691215728752,128.81530278326744,0.1622801752197093,129.743388,7387359245004.875,5216409087818.051
5,241.17007692722936,241.27371594329483,203.19497004681554,0.17835663919319916,203.092426,19864904981304.145,14142436624266.123
9,209.77666823147587,209.8958087582949,213.00804194252007,0.3216705652286454,213.109325,27034010028198.92,27865911857736.547
5,400.8428223409805,400.9051860755643,355.0290148079974,0.3825061372422853,354.668554,115868055295248.69,91092429168233.48
7,440.8380868270591,440.8947933434253,382.6220830601432,0.4734022794926744,358.000798,172826951321888.72,130521826677862.45
5,312.265359886518,312.34540973905257,253.59603311681454,0.17274039145553857,253.416987,32119752596835.215,21260470038035.383
10,304.86523023055935,304.947222652596,273.48560594396344,0.3080221475775042,273.249166,54338870629623.625,43811822166591.48
6,208.74204752679444,208.86177823067223,193.381877001623,0.33477925218622195,193.584654,27851609360546.938,23935135047062.934
5,647.6855722784395,647.7241701045667,525.9021151512118,0.3097904728664548,525.81544,243419861264176.56,161055252993236.4
5,234.84495858184832,234.95138767691935,190.41016474630962,0.1213072864384988,186.653518,12859088253478.21,8483779109085.668
11,491.4105256111953,491.46139693924204,447.3737478402595,0.35263551961662065,432.964563,160079445309374.7,132895386921018.9
6,266.9952582787199,267.0888764874351,231.63354711363422,0.36191914397922864,231.530614,49014886686725.63,36983240016815.97
10,289.05151754674245,289.13799438343403,256.21821853396887,0.2879461874487216,255.995593,45733810856003.87,36010076866445.664
6,545.8803079786879,545.926103643073,489.08017930445203,0.3678190334412049,488.462533,205583070271515.2,165344299299601.28
7,344.0689753242638,344.14162750339995,336.0100922498406,0.2731113353190829,335.881907,61302688609923.26,58488978141460.1
6,544.9185518549539,544.9644283397771,472.5618601181851,0.2585874496224456,519.702942,144473916745608.6,108928902023665.03
10,165.23469064581462,165.3859213863685,160.7316516257205,0.11583776242916065,160.605345,6118107291559.97,5791966149754.595
7,270.47636084925625,270.5687745809872,237.8670671076846,0.1573669831595249,237.836379,22025844233718.51,17072388006120.305
5,427.7992026596225,427.857637300316,357.25784732598083,0.3442608310889557,357.246334,118754066785976.34,83085635358805.03
5,292.16080986843417,292.24636665488134,237.72728329374175,0.24393308313083914,237.569398,39631444188411.45,26333765233758.906
6,245.85952585338308,245.9611889157522,225.9153145145123,0.2238289528141153,225.728081,25849068925268.246,21857322931902.875
5,511.82590603487984,511.87474843796076,478.68381737447,0.1674528977789644,478.596011,82950368869838.83,72641515391396.83
5,219.00889840849936,219.12301928849098,191.49151366560596,0.15974767971760157,191.252087,14710298470855.602,11271681400750.06
8,230.20742401099113,230.31599612223258,205.99986086040684,0.20888151015093193,206.321089,21185854823691.24,16996611661310.111
17,516.3403968940557,516.38881229623,486.4212466976136,0.4801154109963891,486.010531,239789770029320.6,213011605925327.84
5,534.5368050416006,534.583572459987,446.8997139754115,0.24115730049878373,649.105713,129774877022376.28,90999857663630.88
7,439.69226578967164,439.74912006194535,401.97482539332736,0.12533733858235124,374.753177,46060256601054.11,38557496221053.41
8,203.78459123146004,203.90723288636246,180.28584825166618,0.24806687329236732,180.222285,19728199166960.523,15472782322768.08
11,337.96861526737774,338.04257853966976,304.9042230028914,0.5607845861942945,317.370978,120716237520062.92,98432124311984.22
5,86.98288353226604,87.26982312109817,84.5344472802226,0.09326795412114527,84.456546,1382881394296.3857,1306776500131.864
5,172.57715598978928,172.721957983124,149.0343330433539,0.0714925766059582,148.807887,4133045436240.0806,3090014888488.212
6,390.47740616514733,390.5414251080946,340.5427241164547,0.2609251205163568,340.205037,75294643134104.8,57406447669067.26
9,316.7301114361071,316.80903315771917,291.9760161310594,0.4016178359609288,292.150777,76242965018906.98,64883971149816.43
7,542.7801976284591,542.8262548344443,495.6337974930517,0.4519313142928175,495.469204,249341559226291.56,208212851200386.7
5,314.45807005192825,314.53756185992063,266.0412388601139,0.5708244452985729,266.03608,106496319533692.3,76453596511900.77
17,373.58514278323685,373.6520559402443,375.87318108870664,0.2403800212238953,375.758715,63589479814673.945,64363867021116.734
5,327.2852967903288,327.3616738335959,292.11645280024794,0.37901067987194337,292.045025,76821599270916.72,61321262305390.234
6,209.3716627825366,209.49103364183446,181.6738803286935,0.11115623539294635,181.367955,9390973024526.89,7087980737204.31
7,370.3792840537455,370.44677627989296,324.6720083258529,0.29140232478203903,324.377308,75652703427184.52,58267578464179.06
6,164.1445200272543,164.29675424358717,143.93934435512347,0.15445403654246662,143.72632,8031188941044.835,6189825183160.629
5,215.9349246788496,216.05066927936247,180.96692452121098,0.2065296998438841,180.968141,18452372758393.18,12998756267836.79
7,249.31353681014002,249.41379199390929,229.4222577438437,0.17041582436550598,229.144806,20280287470636.47,17197526086301.154
11,301.13161827555206,301.2146270107957,276.77877582881365,0.27820323574883316,276.726928,47936873369532.484,40556873271880.84
6,256.84238467766966,256.93970220055917,217.21554371518323,0.26380531314343164,217.093955,33175975083216.062,23797588668754.734
6,211.2148774121577,211.33320714036591,178.78189190060675,0.13352874169421108,178.757787,11460835147383.7,8234850435274.25
7,119.64092367692895,119.84970011755865,146.66854080359334,0.19789518180853272,293.187705,5484979678524.034,8213960121375.44
5,337.1461556094204,337.2202992736522,279.4510996501124,0.33171164768337125,279.227501,71393506257727.12,49211469517822.805
5,466.62970719339353,466.68327978982944,409.8648490028995,0.45281049283668506,409.34264,185104649236393.94,143137264588011.84
7,173.63222963300674,173.77615247015106,163.25894412085205,0.1712014529066869,163.031293,9942481333626.793,8799269851811.84
6,565.6766695816871,565.7208627132546,469.71878471544915,0.36686016882108663,442.340288,220066625453384.12,152227226088290.1
5,268.6001844630067,268.6932434832726,222.22443309780425,0.333880941640241,222.011015,45790463435449.38,31447541544373.996
5,260.1315453489583,260.22763282487347,214.3843891379765,0.24253607486200113,214.16535,31303382860938.305,21332605660206.87
5,391.86142543400007,391.92521830467405,329.28408234253146,0.1714914003529775,328.928855,50019431093869.18,35427380788932.836
6,337.9746308714025,338.0485928275117,289.7888787053909,0.5103237457133066,289.721631,109950164310293.16,81055104882200.25
7,305.04063670501347,305.12258199189387,266.27133607918086,0.24487932973775334,265.938618,43336104035786.35,33099132776060.99
8,190.12675513999017,190.25820092721833,165.96348745315694,0.19798938827433482,165.962114,13748079738925.182,10499985419313.371
5,315.05781388852137,315.1371544140966,260.87499475452876,0.18826949806945398,260.669142,35603825179909.67,24490846792727.42
5,269.8903115637222,269.9829258971075,228.87162719021237,0.3893527659685064,228.740795,53835226362153.73,38826758529926.766
6,371.4191587760145,371.48646207618697,318.80902880360287,0.3025488791613702,318.860983,78958191864297.53,58330657367884.63
5,202.45884269028207,202.5822869440672,164.3295816132191,0.1764701024893112,164.23731,13893744707109.47,9185999982402.578
5,220.9635609004741,221.07667277625092,183.26473301736624,0.21022777966086556,183.037293,19657160841333.87,13564731635374.043
8,337.83911358715875,337.91310520510615,298.1016950649661,0.20785593400778746,297.996621,45103591909458.06,35194260321940.67
6,254.51379348806745,254.61200104411154,214.61668450975452,0.21890046570422667,214.535222,27079939127839.113,19312064917407.617
8,226.9126822655357,227.02283006988515,201.92254917136646,0.30802455747665125,201.874986,30259407665874.445,24009825065877.812
7,207.79645209599755,207.91672733016023,185.76630305767296,0.3533744400160793,185.538983,29121535286681.668,23319190654848.977
7,320.91194497526124,320.989838511759,279.88021020648273,0.25279744569066004,279.570085,49456042309557.48,37707969199069.15
9,397.6512182670612,397.7140824628642,390.05203796599164,0.2502582228145529,389.818625,74897916753986.31,72087130865237.72
5,399.91417787351605,399.9766864009079,354.2414359994932,0.1780081634553724,354.243221,54039046364914.68,42490963684813.555
5,218.39210121088456,218.50654422992744,176.3530031579196,0.203828827246934,176.058925,18626385405370.71,12189668495192.385
6,393.4052364716982,393.4687790452411,335.2231454054658,0.3490397560593484,334.89315,101960425591225.28,74242661820116.44
15,385.819870780215,385.88466241723296,367.84462476675986,0.25181013543125913,362.498276,70978438113618.95,64572949050120.23
6,644.1024158956204,644.1412284294298,562.837146536358,0.26006176701697953,562.648962,202395107651430.75,154913763783757.25
7,210.4387668272845,210.55753271680453,189.2045743070094,0.26719925454638416,189.022024,22633107340421.926,18329357046394.957
6,210.81047979236067,210.92903638495414,181.35750929110787,0.16806733816422725,181.158141,14342498237990.818,10642056862186.22
5,184.00559109375246,184.14140640757915,153.63444242388113,0.14608377647299706,153.476517,9531238145387.05,6665263105059.689
6,177.042735912244,177.18388848677122,148.02141751100473,0.22520192159722163,147.89171,13561028594261.713,9508575140431.324
6,380.9011776316761,380.9668057996624,332.523191354757,0.19794502021039045,332.116373,54509229245722.516,41641266490342.04
6,291.14950025767763,291.2353541387024,247.0098306436225,0.15639116849110082,246.788485,25332342553109.15,18285143743870.043
5,364.65356530767764,364.7221170858723,292.01170428896324,0.13934912965384252,291.697081,35304795138664.77,22727230884310.24
9,273.7888122058425,273.8801082391455,244.62634032220626,0.17694307918095883,244.36829,25345105203630.19,20272806674586.89
5,270.69082408306303,270.78316462211563,237.5423538612561,0.4951087075750731,237.521847,68715796187646.04,53038194789817.3
5,119.63664099109742,119.84542489237013,98.03052589931181,0.118962860084067,97.879511,3311371342927.317,2230963787593.0864
8,308.72786123376943,308.8088280829704,270.7973760498616,0.1648035844844776,270.63734,29971747596650.69,23111802673527.598
8,261.9326929528088,262.0281199366022,236.75902657429916,0.18864872085308854,236.626915,24737413520900.812,20246304384242.855
5,295.68083438985224,295.7653729317873,246.73816020853627,0.2588607226344768,246.459086,43044804637565.53,30069089096371.918
8,268.34384949353824,268.43699737743066,234.99484335041083,0.38817561647945714,235.105717,53065907034137.23,40790552965173.58
5,296.1401247902183,296.22453225681033,248.70313178432232,0.4328505568791202,248.638501,71873405445598.45,50847399929672.14
5,473.5468386138515,473.5996287595389,388.03291180288034,0.5132028049642773,387.873428,215775323497773.47,145385320979485.75
5,435.51410795205464,435.5715075912036,381.83306207317486,0.20582969260752457,381.358093,73899415043506.53,56936178108885.266
5,78.16119555628353,78.48039558251217,63.515772604883985,0.0694241649849959,63.397535,834659817277.4791,553059393102.3375
5,185.97813773365766,186.11251359024556,152.87351340032552,0.16564657179441095,152.752596,11026659331329.225,7475626006823.716
5,194.98999442446623,195.11816400748899,157.58545813363946,0.18687884577326186,157.453165,13649759367183.541,8947770646680.785
6,244.81237621518903,244.91447394575775,207.04760949477375,0.26410683772787436,207.13689,30200305718291.195,21664217432924.887
6,309.09035591098126,309.17122782881506,268.862803552863,0.5044660899366538,268.930885,91058506158281.31,69068912128500.945
5,423.5551345686733,423.6141546495902,356.5803447542666,0.4950068361543778,356.792158,166874587835972.28,118634464143190.64
37,439.7797627395047,439.8366057017254,434.4239578571174,0.33462136022240535,434.210704,121955416587196.33,119029084026202.48
9,289.06868122761534,289.15515293121217,260.4948111478115,0.19516760186813165,260.343232,31107315159587.23,25307001964093.3
6,202.70475972349433,202.82805430846977,198.80601108155287,0.20409686176982775,198.634609,16087785605978.48,15479965897529.062
7,186.47896814269097,186.61298336279486,159.2082755422622,0.2545864993428756,158.981158,16975717546753.51,12406828118711.104
7,495.3253558675952,495.3758251725248,433.78008818055537,0.3012776066045339,433.854586,139127534913359.33,106953718661404.72
5,136.72283692403656,136.90556649222373,112.11572624392744,0.12703909594304671,112.039068,4605307499649.949,3107251233918.698
9,626.1094396202376,626.1493674687918,561.3498685762162,0.3637688817594751,560.985149,266906242754864.53,214928300214810.72
6,191.26817869792146,191.39884059842166,160.69844015543126,0.1421536112442506,160.684463,10017097723104.445,7092227361030.904
5,240.57062454967334,240.67452170144617,201.66757554492816,0.22244505649603477,201.377903,24606455132858.76,17343967558515.562
7,198.7587367927648,198.88447765337435,172.24753310740192,0.23226352579649673,172.203595,17588753942886.105,13241570395807.99
6,413.45019339581137,413.5106557502888,348.6414889972463,0.5698569406354406,454.60246,182900504402890.94,130448440931913.4
5,411.9035640692848,411.9642534164578,329.7314614760018,0.3593070105062205,328.527911,114938454883945.06,73945640176200.06
8,395.1158651381149,395.17913265232136,351.70435101620103,0.43334778997842455,333.858504,127435673595484.53,101180889809172.58
7,319.1361845379202,319.21451138916206,277.82370275342925,0.16450291848666404,277.620127,31950423179407.855,24271974575091.246
5,307.6036951541173,307.68495782612956,302.7909840341679,0.24624436938279057,302.823402,44304404281896.15,42940758288287.516
13,348.739932221249,348.8116115121188,319.7900504390207,0.24223193382705555,319.436547,55903425277908.22,47078812478055.766
5,338.13764595432826,338.2115722614096,276.1743123051666,0.1526768578341927,276.164243,33277852367571.2,22277025609237.945
7,276.5694263261526,276.6598047754266,245.91153243828833,0.20951816727591346,245.843152,30573726267210.93,24220351897538.75
5,218.57441875267656,218.6887663623132,184.37682342409124,0.28372018980726416,184.137943,25896231250513.28,18480814782374.695
16,351.14756862561734,351.2187565487963,348.7867856727183,0.4368236381654434,348.599104,101665416247957.6,100315061567095.98
5,131.35409654236315,131.54428409649907,110.68967532166438,0.30195179342691625,110.544113,10034984911205.598,7147002466727.532
5,351.72164293052356,351.7927146854334,307.14284871372195,0.2363878508991081,306.992659,55495172344427.76,42419967255253.89
5,302.76641341991257,302.8489740698446,257.19331092335784,0.20526536303826987,257.091094,35846046486487.875,25940373120416.605
6,285.60266452993415,285.6901853172385,265.47162390083963,0.22422773053648906,255.742265,34852325808776.664,30150653509093.883
7,180.84514342226407,180.98333044625755,156.54128424565113,0.12282098941694346,156.601539,7754382507538.271,5824811706540.808
5,235.08818285894955,235.19450189135566,213.983908939425,0.1614170079331158,213.859291,17104717240173.252,14194075103929.31
5,132.26644418961365,132.4553217449725,107.99974704475483,0.12737735289278618,380.113558,4323803650493.118,2892772714039.383
5,284.91528145559397,285.00301332954416,247.06081206268962,0.24508967151536115,246.71117,37883903965923.03,28556820342343.324
5,191.10119400021418,191.23196999536322,153.51084417781098,0.12491058201176307,153.55334,8796550829267.342,5697872597770.911
7,254.17879240728706,254.27712934832877,217.58702293823177,0.35143249130254745,217.377042,43183359927972.51,31731103352874.492
5,489.80317747262035,489.8542157236939,404.4420596810081,0.4714251795665525,403.977423,212082098834009.88,145086763280779.12
5,182.37992676553657,182.51695177983464,172.88232100477862,0.18008735508390383,172.828319,11524154462602.688,10364654122617.533
6,311.3590761740684,311.4393589705214,275.9235154615715,0.1446742611241078,253.093651,26787599967610.95,21081172978767.645
7,344.6877388730744,344.760260658668,297.44385172010624,0.23442728088848258,297.243379,52878300705277.24,39478284287697.82
9,352.6655256961207,352.736407271097,311.8701506566959,0.48584664666586297,312.080048,113937832723866.94,89297765744598.88
5,163.0428035918236,163.19606552574103,138.24115357706424,0.07201251642872232,138.105719,3719178326704.377,2681306357655.762
5,353.112884748,353.18367654105185,300.4765355209362,0.36403021372792627,300.537962,85805244848341.73,62308123901477.8
5,241.86492045339995,241.96826185665236,209.6966142116384,0.13332250335356358,209.504806,14970891019217.502,11280759766831.453
6,288.3273945359766,288.41408849067125,248.92072384093612,0.13377539301046942,248.926016,21283255156165.508,15902786364815.895
12,208.1921230362272,208.3121698181159,190.42999282069508,0.1589312641790458,190.53013,13237063192495.309,11091637457300.242
5,317.76831389225435,317.8469778272657,257.3439020860633,0.14724076848323922,257.05976,28382430506987.37,18682449674710.125
5,209.55018148229937,209.6694507057826,172.02772450996767,0.1521232096916078,171.769924,12839203674388.043,8682161578119.775
9,281.3892307196164,281.4780616051232,260.5421365848071,0.16187839719331215,260.29521,24499735538219.766,21031959724470.03
5,497.28385962613345,497.3341301827817,412.0804593301789,0.1506145393039336,411.847061,70531646451616.39,48592977735268.81
5,255.59392423423157,255.69171692773722,216.19020123548694,0.3411439349358994,215.83583,42394098879044.945,30419161407296.496
6,325.06356362190917,325.14046256129825,334.83302464768644,0.2556602682961714,455.180813,51301949606094.484,54403657755348.8
9,179.1945540290656,179.3340129302741,158.50522966478337,0.19889395618964392,158.299617,12280157548240.629,9628440957722.121
5,513.2339056490035,513.2826140711667,417.521841231914,0.5965695802001265,417.091578,293888438905158.75,195150644450482.72
7,515.3372417882855,515.3857514269848,446.0779106549077,0.3064866838215298,445.651577,153069673504731.75,114984695238776.75
5,566.8917776172583,566.9358760301337,498.45738099025476,0.3000289979015243,564.846902,181052984376344.1,140298138100206.94
5,529.2114220182348,529.2586600090376,427.4417406516914,0.48959029472524135,427.169769,256721344658476.8,168080675511359.6
5,412.41503969688017,412.47565378841364,345.73843428176315,0.2941913069290837,346.646655,94508620656584.17,66627429662980.75
7,283.47545056340977,283.5636279076148,247.77225266929935,0.1910740335443084,247.592795,29302988056211.01,22438668988461.586
5,384.1370923934673,384.20216781338866,312.6121986850979,0.3234054538836867,279.485903,90172803853226.38,59936958705049.7
7,390.91568098650225,390.9796281664056,374.064891717755,0.3043669676100153,373.88455,87906036475895.3,80553931296941.61
6,316.1988609381234,316.27791522420074,269.47162870946255,0.21819315721150964,269.185001,41505886584416.2,30229330827494.633
5,483.5910916189182,483.64278542450825,413.90826165443514,0.3296807156673244,370.388673,145061841077279.94,106562853656077.19
7,275.2036563083739,275.29448313669053,239.2076723927652,0.2891702846256898,238.942013,41667278409525.2,31557463682484.098
9,245.42196114534008,245.52380538844866,232.18527364425069,0.23984737768260542,232.167077,27584821348633.605,24713202742175.555
5,197.11616551707158,197.2429535069721,170.470094147364,0.14883827425428853,170.519806,11129151163072.5,8344404824743.895
5,390.6688209743036,390.7328085552229,327.451350162852,0.22528695145990377,299.678202,65157945356965.18,45918708322535.36
5,141.4880342403063,141.66461743563949,115.43784167691778,0.07258877479595677,115.369913,2829884211066.4956,1890396311003.0854
5,207.73105795221247,207.8513710273412,185.49381208090244,0.22054294614815229,185.091302,18237420191294.63,14569711829622.984
6,656.6922994764885,656.7303679530269,612.813755105581,0.4338257123009829,612.788184,349379529801687.25,304604124550772.94
5,353.2230908308219,353.2938605411635,286.0998096864833,0.25112005955740024,285.976938,59422143057672.61,39128286381194.336
6,481.97255075535674,482.02441813836043,459.46511450206236,0.4263788037276725,459.179306,185942527145993.97,169124976289120.44
6,220.99928190953378,221.1123755119319,201.80709337949548,0.3337240345594174,201.680799,31090235728821.527,25965570627483.094
9,127.46960992197295,127.665584452741,114.68211589921242,0.1246196513259702,114.704274,3932132809907.2476,3188501674920.501
5,89.74208727027427,90.02023232376999,85.45525863993488,0.10039636532569297,85.402447,1582627240078.6726,1436268018470.9182
5,154.0883252901917,154.2504845721268,126.15553693153551,0.1181958546580125,126.029438,5434470061022.246,3655234190010.661
5,290.06645220930466,290.1526265559091,281.80418804528904,0.49170289656744526,281.458481,78271655346643.12,73913781593754.0
5,210.3408645127436,210.45968565016997,171.11749370208565,0.37560004737778246,170.976606,31692383618207.594,21049712821517.11
7,203.20710944614456,203.33009941830397,173.81467041941272,0.12997701138166115,173.471959,10335355163388.268,7582040476913.252
6,394.52290523527824,394.5862678240138,353.93058803682493,0.48620254377880723,353.672905,142408645942874.88,114832701776757.1
7,211.49207843447303,211.61025315549645,187.11712839299244,0.16425041701790108,187.305984,14109524070332.664,11067698449128.209
16,227.56002878999092,227.66986340511014,230.62695433175895,0.23893584082542738,230.683673,23657195988528.395,24293549569813.918
6,304.63155028665994,304.7136055873676,258.2731269080523,0.2657987429553564,318.245786,46879523574284.39,33794604562154.43
9,294.5253473175451,294.6102174272314,277.5344353210091,0.26691610721196724,277.397256,44029276672597.914,39136502757069.55
5,389.5913063938318,389.6554709196992,354.2058786277031,0.1678007090272911,300.183749,48391694570376.99,40067168145109.3
5,811.6944742912689,811.7252734731003,670.4210554587423,0.2431428532339184,609.491207,299550201763540.25,204986558792921.8
5,278.70436453808475,278.79405089165306,227.1876182180001,0.38833563770441243,226.846351,57227969954027.664,38163360750776.11
5,458.9134850028299,458.9679582688127,417.32472849079323,0.11480755537369083,417.132003,45960911558107.82,38071327044721.69
15,179.09841205339993,179.23794575939948,171.45113440441605,0.5594537895333874,324.233151,34200929626070.68,31366509290485.973
10,544.1598129479735,544.2057533944064,521.5102908312266,0.6091331020200248,521.231395,336944782715218.25,309700908236410.8
6,148.74971349046217,148.91768620111776,126.92339326453681,0.1960971884783674,126.809436,8370593042459.861,6111157960337.645
6,350.0714486630557,350.14285537341823,318.8355935799122,0.30939310325273506,318.47534,71790043965948.9,59648335692761.86
5,344.11060092230207,344.18324431486764,299.2744550304999,0.12817161058946372,299.080985,28967494273236.133,21963531370384.523
7,202.44399950695615,202.5674528061516,173.64641555470675,0.17013472676494146,173.477358,13397138881126.064,9882661835897.145
5,224.06409898276718,224.1756464314518,195.0802638842996,0.23234279403218733,194.829325,22314381402652.996,16954832110608.828
5,273.706983523294,273.7983068417713,228.7999130526173,0.38729645100154675,266.969428,55065180388430.3,38599501622479.12
5,265.3034142871015,265.3976292893239,217.466298969211,0.2636645035584554,217.307608,35358999826878.47,23839467724300.895
9,423.7573802266282,423.8163721430959,375.4627771703819,0.6294306674709949,375.072144,211949649883961.22,166741568090735.34
6,196.26313934370603,196.3904780406804,177.8163572459121,0.23923587440692642,177.567838,17664020698077.543,14523802576155.273
13,330.73739983353977,330.8129798672518,305.4284609328074,0.31531934490247626,305.108294,65361058719138.01,55818624301787.06
6,274.6824806516894,274.77347975553556,232.33197900716993,0.16915417208036948,233.184463,24395979348969.77,17503316499902.254
5,202.97977125907136,203.10289889704904,162.93329317542265,0.15150935205491162,162.731495,12005021963971.74,7764527811687.551
5,316.57721770671435,316.6561775347584,295.386711652793,0.3666945489013781,295.224886,69602254519582.11,60670150103189.44
5,337.4757639334972,337.54983519844524,279.6328693611301,0.1570045593683809,279.376189,34080128092016.668,23475126804067.043
5,453.8917561865589,453.94683205648505,380.9919324002444,0.24374143840139273,320.674696,94840294660292.56,67029448692894.164
5,213.90043438571078,214.01727927995853,208.18880963958108,0.3054401633100503,208.148269,26692083835848.21,25297473664067.508
5,176.99503348854492,177.1362240751765,145.58209915478412,0.19443124629752978,145.567473,11716495734312.691,7953281685161.689
5,331.07756993563197,331.1530723313363,264.90687093109034,0.21802680724345214,264.734257,45432885405352.69,29200410963877.312
6,186.0206636335744,186.15500879287518,158.16021143631227,0.25125850796946986,158.350511,16674108499616.959,12086699900117.846
6,209.9683315744927,210.08736340907348,178.4475585767197,0.2137016712100819,178.200959,18055933806650.652,13077588402480.482
9,365.5820670969169,365.65044480056997,350.5179397851747,0.283288194253756,350.178098,71687586473820.73,65950219775333.57
5,225.29413380051926,225.40507253592648,185.18041025465698,0.19326155419057792,184.972045,18793224253124.906,12738874869956.965
5,230.68100185958278,230.78935118185333,190.40238600344497,0.17063187619418732,190.359414,17406999654392.246,11897529156176.281
6,183.3842092483107,183.52048441966417,156.73342999363027,0.2156389380313,156.83367,13928886255486.191,10201883497904.018
5,189.51580664105128,189.64767588032376,183.19510764765909,0.1843616207169832,182.924318,12727997204510.88,11900064010149.541
5,250.5989626969567,250.69870383548198,261.1550304310708,0.3417676560615353,260.8342,40841285685142.59,44322442432765.58
5,142.7263635186703,142.90141651944398,119.42326507104565,0.1091383369423428,119.369634,4313886198784.4697,3029403844956.93
10,251.52424002371532,251.6236143916297,230.8754054577324,0.23050499556449616,230.864005,27842813098026.99,23493727729395.04
8,323.8399349110966,323.91712434390263,281.6215019238985,0.3171566750438012,281.455005,63048575604103.99,47798186642039.09
14,273.7864788209883,273.8777756321157,269.4453259894501,0.3032772141227099,269.520842,43236935958244.375,41888407542456.63
5,301.846072709812,301.9288850215181,243.32544602799305,0.49997418874753724,243.024385,86110100554565.47,56170458551341.64
9,368.64921278419484,368.71702169333946,353.06607590815986,0.2332843247454483,352.794271,60122331133884.55,55188768903673.37
7,267.60294429070103,267.696349980817,243.1036623328635,0.2906693422405195,242.943481,39619359174034.46,32752032518798.625
5,249.8371508292357,249.93719598025075,213.10265543632312,0.3159827369904197,212.78523,37558539642167.125,27401522837322.414
6,446.3668357382315,446.4228399700909,390.5847832601594,0.6846972903260478,390.483988,255429533162504.22,196003026562836.3
8,370.318590040849,370.3860933267371,383.6026753124879,0.322123359726797,472.139896,83527095564653.95,89570980425725.61
11,381.3234944231735,381.38904992028813,345.1032571539859,0.28544545603561355,344.833172,78524389181593.58,64428565304573.01
7,539.3084445508235,539.3547982208266,475.0946155220772,0.4838456617710053,474.944996,263427157494711.38,204850957000982.12
9,314.0856845936107,314.16527062461427,326.8856133327637,0.3016031283717134,326.651823,56454433142337.27,61106661617924.805
5,264.92400334125097,265.01835322549863,222.93854719949948,0.10630500515620854,222.755692,14327070660285.068,10175683879326.68
7,273.3791733338216,273.47060612190785,244.0637994729544,0.3312124307381402,244.331075,47044030993475.34,37570197477065.59
7,367.08492499333215,367.1530228084202,319.5879565081246,0.18818396320015116,304.05624,48182670731270.65,36609420148137.69
8,512.4457573556896,512.4945406849192,445.9723395384351,0.3328679901687638,445.543223,164281174804161.78,124731694657368.69
5,466.4342105044734,466.487805552226,380.6287470661972,0.16312473781852996,352.224553,67234712747613.33,44933100298081.67
6,186.71471524016167,186.84856137314696,156.4358119385262,0.2445268486700239,156.212777,16351420864065.234,11512627499585.545
6,262.8732884828782,262.9683741399382,245.31287522332616,0.2789434915052418,245.040321,36713659801473.79,32011097524106.12
7,345.68316215486954,345.7554751517173,300.74694713101394,0.2970793875330927,300.388488,67254411649630.414,51030452659384.695
6,276.55054817988594,276.6409327966406,231.13877165671826,0.2455992166371942,231.121917,35784324955567.55,25075076033781.582
6,250.8347785235922,250.9344259303206,212.22278167282022,0.13641426620814265,212.065351,16461984469937.309,11817376303126.807
5,774.8829753053518,774.9152375699387,620.5146638388381,0.3834734364925564,619.974967,429236455811378.6,276280051673249.66
5,263.48405887007135,263.57892419282547,214.71238722346047,0.15573382100798874,214.514217,20696046756508.727,13791110532256.908
7,169.3686223678398,169.51616513707455,164.06461533122635,0.22578672066822114,163.86131,12452160208407.254,11690847802953.754
6,222.56157513514904,222.67387526748306,209.84885987294655,0.1421267270418817,209.747904,13525401630342.02,12036415125826.736
5,267.1512530701511,267.24481663252504,217.59377521690016,0.3833392548600031,217.330326,51949757239876.836,34587832823317.516
11,195.84035324866068,195.96796666945392,186.8604599969502,0.20431503036253315,187.159979,15041312612125.564,13704416959626.71
5,40.65663299990779,41.26695780996209,32.949002113511376,0.21838275081077899,262.501432,711332623786.0424,468826972258.9489
6,425.4801028483237,425.5388559459878,388.97070024957554,0.15408702356389564,388.772245,52958589805383.555,44329736010834.13
6,424.70109601015565,424.75995686061026,358.09734071231907,0.24440655153476473,358.107017,83356924829667.83,59440516830142.945
15,395.21453967747254,395.2777913979946,392.6447801620393,0.35683369366035095,392.250203,105168869135821.66,103817726887634.6
13,309.77719197609906,309.8578846319663,283.4901910373026,0.35101171842770734,283.313273,63842940198158.89,53550896614851.39
5,166.81110268939028,166.96090554513145,148.75725535736495,0.23408002339753792,148.693598,12521997228683.664,9977781907878.43
10,454.1260320700566,454.1810795307243,429.51063957944086,0.40728236951300795,429.253608,157914459502630.47,141398811553502.03
7,225.920938053743,226.03156914706224,206.04627452557548,0.2200730781950973,205.83625,21494754876973.82,17907358131335.098
5,407.96309004567644,408.02436549747455,363.2133459242579,0.5949394301559112,363.336199,185889186359400.44,147649097623207.28
5,308.4133371825999,308.49438658119544,260.60980661770736,0.5120098426645603,260.338142,92007202960679.14,65891669345840.01
5,158.2941664062249,158.45202150254067,128.05888180292786,0.16039259059721817,127.954492,7758416055368.103,5096399638938.68
5,597.7943437550887,597.8361626947445,489.7654462353238,0.28017692733400684,489.530162,187945876792029.97,126601717173787.66
7,430.05311411891415,430.1112425447349,404.14897845132384,0.5291025636434997,383.631281,183725408754244.25,162437628268635.8
5,234.64688434583474,234.75340324094887,196.0040771383832,0.28642456182508014,196.075633,30089758628264.22,21060575435056.86
5,345.55710899628866,345.62944836612655,285.37034887143665,0.10169461210252652,284.934066,23221907429925.305,15888897034338.254
7,168.6862355825186,168.83437468418853,152.7860229193725,0.13180246712223093,152.809577,7244414554147.802,5953319999271.502
5,825.0641924312131,825.0944925474716,689.7691572017748,0.2752519916403888,689.536728,349911797277278.56,245284694649651.34
7,175.31816759007057,175.46070753060377,156.21813177656236,0.3405452083802892,174.667758,20042214787964.555,15944206133345.6
5,302.9382855739288,303.02079939580256,281.57841509395297,0.29977246454931494,262.237222,52235382350799.0,45186865702702.65
9,216.580087449911,216.69548744681114,199.82615544843503,0.2373242987786536,199.692721,21304214954645.44,18160587307598.875
7,238.46482051563422,238.569634747496,205.49608152417176,0.17917029772029378,205.135867,19513324333150.625,14527231134052.123
6,312.8912638092333,312.97115357192143,276.9996549186225,0.2710694999577507,276.606588,50404512904014.82,39588454546188.56
5,612.5288521264198,612.5696651706722,504.1854845827351,0.1373261718085721,503.921746,97289480320443.44,66143924452714.0
6,261.37487336507934,261.4705039323007,231.50444861862232,0.29668806289557265,231.41484,38588271864617.78,30336581181388.504
5,579.4814436318543,579.5245840459729,503.1223693182967,0.6101487914306739,502.826371,382328377562365.0,288891420206456.1
5,345.6177043473082,345.69003103691506,302.9907563415634,0.07369220926924983,271.899432,16879811227064.166,13001706900977.23
5,200.99697571432736,201.1213172349115,166.6992612277655,0.4663366427420967,454.918673,35890870968402.51,24767563718714.402
9,310.4882667272606,310.5687746301913,291.4814267677458,0.21260741929508786,274.770991,39017012237934.02,34424327620480.375
6,335.5102935858236,335.5847986754548,282.0377911915686,0.2713637891026731,281.70006,57946753177179.414,41072838565267.83
5,501.9108746948874,501.9606818636167,430.4132488538485,0.45174509894137277,430.012409,213389442428852.97,157344743842681.28
5,208.5244341671056,208.6442897486331,169.4762836883629,0.18342123171759306,169.288771,15306639009766.7,10146536150904.113
13,333.0019972554667,333.0770634194583,349.70614967561494,0.36987968142018157,349.510816,77605744467294.97,85512500758767.72
6,283.1973590072737,283.2856229120967,238.97310847634063,0.35059588880974907,238.935333,53378537973096.11,38122297033713.81
5,244.95144640442498,245.05348619356528,222.34159896725623,0.3304056654990945,222.284892,37750202823333.52,31155575322239.395
13,268.52904038108187,268.6221240478615,251.97188132584253,0.29581337627094284,251.789702,40591377130160.695,35779909917854.4
5,364.45333426454255,364.5219236980711,303.532711445669,0.35512433874810684,303.477821,89138437879240.55,62029010006257.82
5,115.8218172874788,116.03746532811772,93.08902429135023,0.09947531264009649,93.003203,2600610709203.156,1686309975882.1787
5,217.11053675083093,217.22565494948773,193.0561744307934,0.1290915815536004,192.909764,11705040521143.598,9273708603923.285
6,209.60794925470333,209.72718562638053,181.4483626015747,0.2123837640534449,181.30656,17884492274255.934,13434649992273.848
8,297.79202763497847,297.8759670113582,279.72810131845796,0.2705108259145325,279.60315,45603408310809.11,40282793673485.14
5,267.27994563945043,267.3734641676836,228.58347705200597,0.3022915394689257,228.664201,41090863816779.05,30136212803844.645
7,147.78003986490026,147.94911348998178,130.99159338370632,0.23653883649489937,130.588845,9950789326521.541,7834494995107.405
5,177.12258919561916,177.263678184111,144.5683313183985,0.15346791932872883,144.581763,9280066079950.068,6204049857576.734
5,145.69246487392337,145.863958266048,116.91426140552413,0.18698216027174763,116.885182,7662679836899.775,4953387789685.01
6,244.87535908875594,244.9774305703429,276.46681195549615,0.4418091706999266,275.965188,50319151174382.63,64003459431426.94
6,208.42638482055688,208.5462967529437,180.49561932790598,0.3795946579981015,180.475702,31451148144859.184,23645327359590.047
5,187.51002801613419,187.64330685268638,158.02160403983305,0.12855868936418738,158.069687,8717076756321.121,6209297743699.375
6,617.0519830052498,617.0924969003521,567.5002624970825,0.3203702193880686,567.008309,228600866810921.62,193626708174401.12
5,140.6973659183009,140.87494019998113,120.68190326787565,0.22598665283771288,141.601126,8628070092525.837,6364745160610.143
5,146.21604395940835,146.38692397594681,123.5885231093943,0.14205303051500068,123.568367,5877032592211.426,4210947153050.1064
6,238.8206579674432,238.92531609689772,202.37793539200544,0.1033145873133377,202.39674,11338051646454.76,8164955710833.831
5,108.95768889010867,109.18689467272942,88.99728116993856,0.15754942413375397,88.825896,3634578198115.803,2433329069749.274
5,453.52050884594956,453.57562979495384,399.18327395035783,0.13060355357543874,398.939362,51015765618015.65,39612004658257.75
8,242.93665235448168,243.039538053384,222.81507836694897,0.2492475509761838,222.776259,28083898209263.945,23659723116603.332
10,296.7267554583511,296.81099609825793,277.077208202529,0.2677817084990186,276.796237,44827727967096.12,39134178507184.78
9,240.77911014810968,240.8829173762962,254.3783271685237,0.2659334643540979,253.934391,29422159223064.133,32808219864842.94
7,260.25607136743156,260.3521128848576,222.7540912754905,0.31247445308856153,222.811088,40279061962199.15,29587521396487.945
12,269.03655821622147,269.12946634813204,244.15342238337692,0.16305169097073646,244.102432,22574346268847.453,18622621424694.273
