ms,lp,al,be
1.341708999999999996e+01,-2.974898599999999949e+00,-4.451706699999999906e-01,6.976945300000000350e-01
1.342741999999999969e+01,-3.014363599999999810e+00,-3.761409800000000136e-01,7.090048500000000198e-01
1.342494800000000055e+01,-3.006129800000000074e+00,-3.857458500000000012e-01,7.174387399999999637e-01
1.336647400000000019e+01,-2.984140599999999921e+00,-2.762396100000000243e-01,7.067665100000000145e-01
1.340171899999999994e+01,-3.004994899999999802e+00,-2.893861799999999929e-01,7.218412100000000109e-01
1.321382599999999918e+01,-2.940372500000000056e+00,-2.801432400000000156e-01,6.270933600000000441e-01
1.331564999999999976e+01,-2.970841200000000182e+00,-2.392619099999999943e-01,6.888104099999999841e-01
1.339917200000000008e+01,-2.982746399999999909e+00,-4.407681900000000041e-01,6.984816700000000544e-01
1.343587199999999982e+01,-2.977977800000000119e+00,-4.645264000000000060e-01,6.848174700000000392e-01
1.346139999999999937e+01,-3.024913699999999928e+00,-4.393604199999999738e-01,7.135156599999999960e-01
1.345005300000000048e+01,-3.022619300000000120e+00,-4.136067700000000125e-01,7.293389900000000203e-01
1.346232700000000015e+01,-3.019430999999999976e+00,-4.430017199999999877e-01,7.304262500000000546e-01
1.347575299999999920e+01,-3.018470199999999881e+00,-5.017834700000000092e-01,7.015607600000000055e-01
1.348640999999999934e+01,-3.013417399999999802e+00,-5.144750599999999841e-01,7.245208300000000046e-01
1.350171699999999930e+01,-3.017732000000000081e+00,-4.974671299999999796e-01,7.262118300000000026e-01
1.327529299999999957e+01,-2.950537600000000094e+00,-2.616494799999999898e-01,6.724155499999999730e-01
1.322503099999999954e+01,-2.939043100000000130e+00,-3.089851900000000207e-01,6.283137300000000147e-01
1.322340900000000019e+01,-2.938578300000000088e+00,-2.904367900000000002e-01,6.244696199999999475e-01
1.316746599999999923e+01,-2.929420100000000193e+00,-2.389275100000000096e-01,6.300990100000000149e-01
1.316370000000000040e+01,-2.931473500000000065e+00,-2.422452999999999967e-01,6.366324899999999953e-01
1.316750299999999996e+01,-2.934868799999999833e+00,-2.453345000000000109e-01,6.291424599999999590e-01
1.323951399999999978e+01,-2.943783600000000167e+00,-2.439992300000000114e-01,6.709135499999999697e-01
1.325062299999999915e+01,-2.953308900000000126e+00,-2.583359499999999809e-01,6.491210099999999983e-01
1.336846700000000077e+01,-2.966230400000000156e+00,-3.992780400000000007e-01,6.661208499999999866e-01
1.337817300000000031e+01,-2.980420200000000186e+00,-3.593129099999999854e-01,6.840093999999999896e-01
1.336422699999999963e+01,-2.979813399999999834e+00,-3.673848800000000248e-01,6.898969400000000141e-01
1.338875999999999955e+01,-2.980333499999999969e+00,-3.722789100000000184e-01,6.852470499999999687e-01
1.336512500000000081e+01,-2.970460000000000100e+00,-3.846083000000000141e-01,6.685365100000000282e-01
1.335472200000000065e+01,-2.978660500000000155e+00,-3.678115699999999766e-01,6.823635300000000514e-01
1.328897800000000018e+01,-2.971758299999999853e+00,-2.544425900000000240e-01,6.712937100000000434e-01
1.319609200000000016e+01,-2.935939199999999971e+00,-1.953742800000000113e-01,6.386070299999999644e-01
1.345779199999999953e+01,-3.008332400000000018e+00,-3.973722800000000221e-01,7.246681799999999951e-01
1.345789199999999930e+01,-3.010312299999999830e+00,-3.937873499999999805e-01,7.223432499999999923e-01
1.334620899999999999e+01,-2.970916400000000124e+00,-3.962486700000000250e-01,6.698582699999999779e-01
1.340002100000000063e+01,-2.977331899999999809e+00,-4.317150200000000049e-01,6.786418100000000120e-01
1.332888400000000040e+01,-2.955414699999999950e+00,-4.184099600000000252e-01,6.480549199999999788e-01
1.329589400000000055e+01,-2.961958500000000161e+00,-2.924964700000000084e-01,6.638609100000000263e-01
1.326426700000000025e+01,-2.943731300000000051e+00,-3.149719999999999742e-01,6.592606899999999825e-01
1.327290400000000048e+01,-2.937164500000000178e+00,-3.055009100000000144e-01,6.544018099999999727e-01
1.329052100000000003e+01,-2.935043199999999963e+00,-3.242554300000000111e-01,6.523512900000000281e-01
1.347276300000000049e+01,-3.032039000000000151e+00,-4.049474200000000024e-01,7.327554400000000356e-01
1.335200599999999937e+01,-2.968769200000000108e+00,-3.751369999999999982e-01,6.649789299999999681e-01
1.343180500000000066e+01,-2.997000799999999909e+00,-3.589078600000000230e-01,7.119760800000000112e-01
1.341840499999999992e+01,-2.997034399999999987e+00,-3.506185299999999838e-01,7.240309400000000117e-01
1.355974299999999921e+01,-3.053750299999999918e+00,-5.445147799999999760e-01,7.558846099999999568e-01
1.356842299999999923e+01,-3.053073100000000206e+00,-5.342987000000000153e-01,7.582915599999999756e-01
1.359000699999999995e+01,-3.086028100000000052e+00,-5.261867300000000469e-01,7.543577399999999988e-01
1.354930799999999991e+01,-3.063425500000000135e+00,-5.570493899999999776e-01,7.587945400000000173e-01
1.357374500000000062e+01,-3.045539199999999891e+00,-5.536209500000000006e-01,7.613552599999999781e-01
1.353001500000000057e+01,-3.046951599999999871e+00,-5.290384900000000279e-01,7.589914899999999909e-01
1.339701600000000070e+01,-3.002304999999999779e+00,-2.968642599999999909e-01,7.108550799999999725e-01
1.341105800000000059e+01,-3.002634099999999862e+00,-2.575786600000000148e-01,7.382874200000000275e-01
1.343197999999999936e+01,-3.005157300000000031e+00,-3.180352499999999916e-01,7.372801900000000019e-01
1.344397299999999973e+01,-3.002423999999999982e+00,-3.184619799999999779e-01,7.347514000000000545e-01
1.326684700000000028e+01,-2.928924299999999814e+00,-3.738285599999999764e-01,6.283274899999999885e-01
1.325916100000000064e+01,-2.956099399999999822e+00,-3.283862100000000117e-01,6.362254699999999596e-01
1.329223600000000083e+01,-2.953386200000000184e+00,-3.172001199999999743e-01,6.482806599999999531e-01
1.328870200000000068e+01,-2.954690799999999840e+00,-3.144744500000000165e-01,6.518661100000000541e-01
1.344395699999999927e+01,-3.004077500000000178e+00,-4.573935599999999768e-01,7.103494000000000197e-01
1.336145400000000016e+01,-2.982967599999999830e+00,-3.101374299999999917e-01,6.930274100000000104e-01
1.348716699999999946e+01,-3.028006099999999812e+00,-4.517995899999999732e-01,7.366615899999999773e-01
1.326650700000000072e+01,-2.950773400000000102e+00,-2.961133899999999763e-01,6.478905200000000253e-01
1.313386400000000087e+01,-2.953739199999999787e+00,-1.124688799999999933e-01,6.308171900000000276e-01
1.312874700000000061e+01,-2.947422800000000009e+00,-1.096154099999999965e-01,6.313441199999999531e-01
1.314845399999999920e+01,-2.930073699999999892e+00,-1.448828899999999864e-01,6.363653000000000226e-01
1.313619899999999951e+01,-2.932030899999999995e+00,-1.675728800000000074e-01,6.265415600000000529e-01
1.314887200000000078e+01,-2.936255699999999802e+00,-1.949509399999999892e-01,6.117894200000000282e-01
1.351835799999999921e+01,-3.023137999999999881e+00,-5.265862900000000124e-01,7.328621499999999900e-01
1.351477000000000039e+01,-3.023464000000000151e+00,-5.237598100000000478e-01,7.363200100000000248e-01
1.340251100000000051e+01,-3.014798600000000217e+00,-3.046461500000000044e-01,7.084858899999999515e-01
1.338512599999999964e+01,-3.017670499999999922e+00,-3.243523999999999852e-01,7.050041799999999803e-01
1.338741599999999998e+01,-3.018407999999999980e+00,-3.197421400000000080e-01,7.042795499999999764e-01
1.339642699999999920e+01,-3.006331900000000168e+00,-3.029633700000000096e-01,7.053971100000000494e-01
1.339455399999999941e+01,-2.999798499999999812e+00,-2.934284400000000126e-01,7.339632699999999454e-01
1.342870600000000003e+01,-3.005706099999999825e+00,-3.285686400000000229e-01,7.349344799999999456e-01
1.342765299999999939e+01,-3.016794299999999929e+00,-3.266712500000000241e-01,7.272960899999999507e-01
1.345738000000000056e+01,-3.001491600000000037e+00,-4.484086800000000039e-01,7.113350499999999688e-01
1.316431000000000040e+01,-2.934495000000000076e+00,-2.363651599999999908e-01,6.189950800000000308e-01
1.286564300000000038e+01,-2.923147099999999998e+00,-1.027025399999999949e-01,5.332853899999999703e-01
1.312977399999999939e+01,-2.933844300000000072e+00,-1.644737900000000086e-01,6.236722199999999994e-01
1.317652700000000010e+01,-2.945907399999999843e+00,-2.167029299999999881e-01,6.112407499999999994e-01
1.316974399999999967e+01,-2.903405100000000072e+00,-2.242706100000000091e-01,6.217177999999999871e-01
1.317366200000000021e+01,-2.909915900000000111e+00,-2.188078800000000101e-01,6.206587900000000158e-01
1.312973200000000062e+01,-2.915364299999999798e+00,-2.152234299999999934e-01,6.182035000000000169e-01
1.314317899999999995e+01,-2.915713900000000081e+00,-2.161679300000000081e-01,6.092297300000000249e-01
1.314888999999999974e+01,-2.927070800000000084e+00,-2.480095700000000125e-01,6.094381800000000515e-01
1.340741799999999984e+01,-2.994709700000000030e+00,-3.769741300000000184e-01,6.958153299999999541e-01
1.344420500000000018e+01,-3.007862300000000211e+00,-4.146635399999999971e-01,7.092462899999999459e-01
1.346031900000000014e+01,-3.014011399999999785e+00,-3.797252199999999744e-01,7.304684299999999464e-01
1.346151500000000034e+01,-3.014868900000000185e+00,-4.168176000000000103e-01,7.276344900000000226e-01
1.327061100000000060e+01,-2.948312299999999997e+00,-2.990245799999999843e-01,6.496083400000000063e-01
1.328617500000000007e+01,-2.936361499999999847e+00,-3.116511499999999879e-01,6.631499199999999483e-01
1.328969000000000023e+01,-2.959633000000000180e+00,-3.001268200000000164e-01,6.556072299999999853e-01
1.331589499999999937e+01,-2.956048299999999962e+00,-3.139007500000000062e-01,6.732803600000000221e-01
1.334620400000000018e+01,-2.966272899999999879e+00,-3.458298799999999784e-01,6.714263599999999999e-01
1.334520000000000017e+01,-2.966328700000000040e+00,-3.473454799999999842e-01,6.702841800000000072e-01
1.333990000000000009e+01,-2.956465000000000121e+00,-3.524862999999999746e-01,6.777523399999999532e-01
1.335044500000000056e+01,-2.973161300000000118e+00,-4.214172999999999947e-01,6.499686700000000261e-01
1.334459000000000017e+01,-2.972787999999999986e+00,-4.175437300000000018e-01,6.565023300000000228e-01
1.343442800000000048e+01,-2.993101199999999906e+00,-4.233007999999999771e-01,7.165351100000000306e-01
1.343701199999999929e+01,-3.022601600000000222e+00,-3.460418000000000105e-01,7.305074099999999682e-01
1.359465800000000080e+01,-3.070829699999999995e+00,-5.463272099999999520e-01,7.754966699999999991e-01
1.356856299999999926e+01,-3.079487600000000214e+00,-5.717616500000000102e-01,7.738508200000000503e-01
1.351215299999999964e+01,-3.041436599999999935e+00,-4.802101200000000181e-01,7.655486900000000317e-01
1.353520100000000070e+01,-3.064705299999999966e+00,-4.540445200000000070e-01,7.574360500000000274e-01
1.352413699999999963e+01,-3.042189299999999985e+00,-4.769128400000000045e-01,7.708809199999999695e-01
1.353830600000000040e+01,-3.039773499999999906e+00,-4.870139399999999785e-01,7.651614700000000102e-01
1.356765799999999977e+01,-3.082979499999999984e+00,-4.978143999999999902e-01,7.730742600000000131e-01
1.358285500000000035e+01,-3.068516699999999986e+00,-5.317821200000000248e-01,7.793356599999999856e-01
1.357758699999999941e+01,-3.081480200000000114e+00,-5.250691400000000453e-01,7.681125100000000261e-01
1.332844099999999976e+01,-2.969502499999999934e+00,-3.002452600000000138e-01,6.835721599999999842e-01
1.340655800000000042e+01,-2.998147499999999965e+00,-4.252863900000000141e-01,6.919912400000000074e-01
1.342251199999999933e+01,-3.003502500000000186e+00,-3.963413399999999864e-01,7.003441200000000144e-01
1.341806000000000054e+01,-2.993543600000000193e+00,-4.096949899999999811e-01,7.043325400000000069e-01
1.336803199999999947e+01,-2.983373400000000064e+00,-3.569981500000000141e-01,6.823449299999999607e-01
1.339374199999999959e+01,-2.991751499999999897e+00,-3.412724400000000102e-01,7.214229699999999967e-01
1.344757000000000069e+01,-3.018968099999999932e+00,-3.161970900000000140e-01,7.441524699999999548e-01
1.334744700000000073e+01,-2.970111100000000004e+00,-3.724826299999999812e-01,6.756638400000000155e-01
1.336689200000000000e+01,-2.970186700000000180e+00,-3.499997400000000036e-01,6.997932199999999936e-01
1.332103399999999915e+01,-2.961348200000000208e+00,-3.389892299999999747e-01,6.640507700000000124e-01
1.327935000000000088e+01,-2.944439399999999818e+00,-3.408928800000000092e-01,6.376617599999999664e-01
1.350262200000000057e+01,-3.044872300000000198e+00,-4.078536799999999962e-01,7.646217800000000286e-01
1.353915800000000047e+01,-3.050806899999999988e+00,-4.765619700000000014e-01,7.553191099999999603e-01
1.351022799999999968e+01,-3.048023099999999985e+00,-4.832763600000000159e-01,7.334089099999999695e-01
1.340637800000000013e+01,-2.988863799999999848e+00,-4.432968299999999751e-01,6.785402400000000167e-01
1.326670400000000072e+01,-2.968483299999999936e+00,-2.483455499999999982e-01,6.616565800000000497e-01
1.329387700000000017e+01,-2.961521299999999801e+00,-2.457479800000000048e-01,6.787949500000000080e-01
1.327992799999999995e+01,-2.959970300000000165e+00,-2.612115899999999935e-01,6.767110499999999806e-01
1.331972999999999985e+01,-2.965277299999999894e+00,-2.588376800000000144e-01,7.062861099999999670e-01
1.326760999999999946e+01,-2.974876500000000146e+00,-2.344684599999999897e-01,6.655815600000000165e-01
1.320331700000000019e+01,-2.943342200000000020e+00,-3.417095800000000128e-01,6.045527299999999826e-01
1.328159800000000068e+01,-2.923588699999999818e+00,-3.586344499999999935e-01,6.595876999999999990e-01
1.332382899999999992e+01,-2.989967599999999948e+00,-3.785980099999999848e-01,6.431223200000000251e-01
1.332719999999999949e+01,-2.988582399999999861e+00,-3.766094999999999859e-01,6.455556700000000259e-01
1.333666200000000046e+01,-2.975403099999999856e+00,-3.829088600000000175e-01,6.509685299999999897e-01
1.349655300000000047e+01,-3.039625599999999928e+00,-4.246445899999999884e-01,7.586700800000000244e-01
1.352906100000000045e+01,-3.050789599999999879e+00,-3.603280600000000056e-01,8.050377499999999964e-01
1.351541800000000038e+01,-3.042313399999999834e+00,-3.826459999999999861e-01,7.926865100000000108e-01
1.325024999999999942e+01,-2.964270799999999983e+00,-2.251876999999999907e-01,6.616965500000000500e-01
1.331616099999999925e+01,-2.976337500000000080e+00,-1.753029399999999904e-01,7.051564799999999744e-01
1.330076500000000017e+01,-2.983289899999999939e+00,-1.747328999999999966e-01,7.109244099999999511e-01
1.330770000000000053e+01,-2.960637300000000138e+00,-2.730860900000000036e-01,6.782796399999999615e-01
1.345617099999999944e+01,-3.002686699999999931e+00,-4.352954900000000071e-01,7.271066499999999655e-01
1.343752300000000055e+01,-2.998889199999999811e+00,-4.419098599999999877e-01,7.171570699999999521e-01
1.348444800000000043e+01,-3.030495800000000184e+00,-4.029018300000000163e-01,7.331127800000000194e-01
1.331271100000000018e+01,-2.955430600000000130e+00,-2.956739199999999790e-01,6.767237799999999970e-01
1.330408000000000079e+01,-2.950408599999999826e+00,-2.880736700000000039e-01,6.715451300000000456e-01
1.346913799999999917e+01,-3.012561100000000103e+00,-4.383584899999999895e-01,7.132152499999999673e-01
1.345742199999999933e+01,-3.017378100000000174e+00,-4.392376499999999795e-01,7.160997999999999530e-01
1.344978099999999976e+01,-3.000126299999999802e+00,-4.876164599999999738e-01,7.023673000000000277e-01
1.345228999999999964e+01,-3.004599999999999937e+00,-4.575099300000000091e-01,7.015323199999999870e-01
1.343964899999999929e+01,-3.003737899999999961e+00,-4.526997700000000013e-01,7.083536499999999458e-01
1.346522500000000022e+01,-3.007290499999999867e+00,-4.315095299999999745e-01,7.216622799999999893e-01
1.342430899999999916e+01,-3.000670599999999855e+00,-4.503785399999999939e-01,6.941219899999999665e-01
1.333642000000000039e+01,-2.966076999999999853e+00,-3.258559100000000264e-01,6.756226899999999702e-01
1.333517299999999928e+01,-2.970874699999999979e+00,-3.439289400000000163e-01,6.659872000000000014e-01
1.332217499999999966e+01,-2.969757200000000097e+00,-2.733347799999999994e-01,6.877422499999999994e-01
1.331983800000000073e+01,-2.965694899999999912e+00,-2.915949899999999984e-01,6.801000799999999957e-01
1.328950099999999956e+01,-2.958696999999999910e+00,-2.943379899999999938e-01,6.608821400000000068e-01
1.332605299999999993e+01,-2.962617299999999787e+00,-3.148371300000000206e-01,6.799820800000000443e-01
1.341361000000000026e+01,-3.019470899999999958e+00,-2.730555599999999750e-01,7.438531299999999735e-01
1.342619200000000035e+01,-3.026525900000000213e+00,-2.714356299999999833e-01,7.412059800000000420e-01
1.340581700000000076e+01,-3.032705899999999843e+00,-2.680039699999999803e-01,7.519769499999999773e-01
1.324143399999999993e+01,-2.943395999999999901e+00,-3.698654800000000242e-01,6.342037000000000369e-01
1.326709800000000072e+01,-2.937453200000000209e+00,-3.596798700000000126e-01,6.247673000000000254e-01
1.324718599999999924e+01,-2.929504000000000108e+00,-3.649900899999999893e-01,6.266409299999999849e-01
1.327779699999999963e+01,-2.941642600000000218e+00,-3.456417700000000148e-01,6.353303599999999829e-01
1.323744300000000074e+01,-2.935724200000000117e+00,-2.820727199999999990e-01,6.258312900000000401e-01
1.327250500000000066e+01,-2.972007300000000019e+00,-2.368348500000000134e-01,6.468485999999999958e-01
1.326840299999999928e+01,-2.947595100000000023e+00,-2.627920300000000098e-01,6.597582600000000408e-01
1.321670100000000048e+01,-2.924719300000000022e+00,-2.935823499999999919e-01,6.252732500000000027e-01
1.326069599999999937e+01,-2.951674500000000201e+00,-2.445430299999999946e-01,6.654538399999999632e-01
1.313818900000000056e+01,-2.928192099999999964e+00,-2.819202900000000178e-01,5.900994899999999488e-01
1.313789500000000032e+01,-2.915416099999999844e+00,-3.077383000000000202e-01,5.842728799999999945e-01
1.315236200000000011e+01,-2.959591800000000106e+00,-1.671064399999999950e-01,6.198591300000000359e-01
1.308988500000000066e+01,-2.875075199999999942e+00,-3.175361700000000065e-01,5.754106700000000130e-01
1.309436799999999934e+01,-2.893574000000000090e+00,-3.048705600000000127e-01,5.775150399999999795e-01
1.312121699999999969e+01,-2.884162700000000079e+00,-3.899851699999999921e-01,5.684605299999999639e-01
1.312186699999999995e+01,-2.897893199999999947e+00,-3.555752699999999988e-01,5.638100600000000018e-01
1.319627499999999998e+01,-2.968212400000000084e+00,-2.051192799999999872e-01,6.270624099999999590e-01
1.315625099999999925e+01,-2.943138600000000160e+00,-1.691642999999999897e-01,6.279945000000000110e-01
1.317946399999999940e+01,-2.941970799999999997e+00,-2.359312899999999880e-01,6.192989800000000544e-01
1.317560800000000043e+01,-2.931345700000000054e+00,-2.439979399999999965e-01,6.175207799999999914e-01
1.317969599999999986e+01,-2.938052900000000189e+00,-2.615074299999999852e-01,6.129018600000000205e-01
1.353277800000000042e+01,-3.047664500000000221e+00,-4.663290900000000017e-01,7.684899400000000380e-01
1.343637799999999949e+01,-3.004260100000000211e+00,-3.833827799999999786e-01,7.236350000000000282e-01
1.341343400000000052e+01,-3.000453100000000095e+00,-3.576595799999999770e-01,6.918910600000000022e-01
1.338426199999999966e+01,-2.974775600000000075e+00,-3.684332200000000057e-01,6.775206299999999571e-01
1.338095399999999913e+01,-2.975041200000000163e+00,-3.693527500000000074e-01,6.792041500000000065e-01
1.335432800000000064e+01,-2.971804699999999855e+00,-4.136591900000000099e-01,6.726550300000000426e-01
1.334021899999999938e+01,-2.958633100000000127e+00,-3.769477600000000206e-01,6.727627099999999860e-01
1.333926699999999954e+01,-2.940838400000000075e+00,-3.638873300000000088e-01,6.754023999999999583e-01
1.332521799999999956e+01,-2.938868100000000094e+00,-3.768853099999999734e-01,6.707050199999999851e-01
1.340183399999999914e+01,-2.987383700000000086e+00,-3.931988599999999834e-01,7.088691499999999479e-01
1.344809000000000054e+01,-3.017737400000000125e+00,-3.406025500000000039e-01,7.407938299999999865e-01
1.345241900000000079e+01,-3.029854199999999942e+00,-3.344724000000000030e-01,7.382101899999999883e-01
1.349241100000000060e+01,-3.037681200000000192e+00,-4.812441199999999975e-01,6.984332300000000160e-01
1.348663600000000073e+01,-3.032441899999999801e+00,-4.990737599999999774e-01,7.187730100000000455e-01
1.349015900000000023e+01,-3.010931300000000199e+00,-4.973019599999999873e-01,7.162560000000000038e-01
1.347152900000000031e+01,-3.022620600000000213e+00,-4.981349700000000102e-01,7.085757999999999779e-01
1.349181199999999947e+01,-3.023495399999999833e+00,-4.938515499999999725e-01,7.075162099999999787e-01
1.336235600000000012e+01,-3.007259200000000021e+00,-2.944254399999999827e-01,6.924518299999999904e-01
1.335194000000000081e+01,-2.986014099999999782e+00,-3.219753599999999882e-01,6.757933799999999991e-01
1.334553900000000048e+01,-2.994103899999999818e+00,-3.076849999999999863e-01,6.861485200000000395e-01
1.322999699999999912e+01,-2.953037199999999807e+00,-2.938839400000000102e-01,6.311346100000000403e-01
1.331290300000000038e+01,-2.941620499999999971e+00,-3.334126900000000115e-01,6.637195099999999570e-01
1.331199900000000014e+01,-2.968959799999999927e+00,-2.990499099999999744e-01,6.640429899999999996e-01
1.337581800000000065e+01,-2.971700199999999903e+00,-3.826610400000000078e-01,6.767597699999999827e-01
1.333659100000000031e+01,-2.959881999999999902e+00,-3.759466699999999828e-01,6.566793300000000055e-01
1.331869700000000023e+01,-2.964819799999999894e+00,-3.615571000000000201e-01,6.614858399999999916e-01
1.334377500000000083e+01,-2.963517599999999863e+00,-3.022021300000000132e-01,6.895791399999999793e-01
1.332226299999999952e+01,-2.959691900000000153e+00,-3.029313200000000039e-01,6.745304500000000036e-01
1.352302199999999921e+01,-3.046857399999999938e+00,-4.059929899999999980e-01,7.824215700000000107e-01
1.342565500000000078e+01,-2.993256300000000092e+00,-4.081428100000000225e-01,7.113723400000000474e-01
1.341798000000000002e+01,-2.986468400000000134e+00,-4.221828100000000195e-01,7.045880700000000108e-01
1.335431999999999952e+01,-2.968230099999999982e+00,-3.246152400000000271e-01,6.993969700000000067e-01
1.337425400000000053e+01,-2.961224099999999915e+00,-3.403928199999999848e-01,6.961789400000000239e-01
1.338133799999999951e+01,-2.959286099999999919e+00,-3.412453999999999765e-01,6.945056600000000246e-01
1.336927500000000002e+01,-2.961946699999999932e+00,-3.407616399999999768e-01,6.981197199999999992e-01
1.332581099999999985e+01,-2.984432400000000207e+00,-3.121967600000000176e-01,6.690731199999999657e-01
1.334309200000000040e+01,-2.977186199999999783e+00,-2.804758700000000160e-01,6.926416699999999871e-01
1.331707100000000032e+01,-2.968012499999999942e+00,-3.263316800000000129e-01,6.637929200000000085e-01
1.323356300000000019e+01,-2.942919799999999864e+00,-2.326164900000000091e-01,6.546505900000000322e-01
1.321734000000000009e+01,-2.934663899999999881e+00,-3.355145400000000278e-01,6.139961200000000341e-01
1.323386900000000033e+01,-2.933924800000000221e+00,-3.423656500000000213e-01,6.068449500000000496e-01
1.320258899999999969e+01,-2.921188499999999966e+00,-2.815264499999999837e-01,6.365591699999999520e-01
1.310968199999999939e+01,-2.928223899999999880e+00,-1.428790000000000060e-01,6.091968199999999722e-01
1.312023800000000051e+01,-2.941691200000000173e+00,-1.334810300000000005e-01,6.135932800000000187e-01
1.317996100000000048e+01,-2.952207599999999932e+00,-1.716381899999999960e-01,6.276137099999999913e-01
1.319951299999999961e+01,-2.928449000000000080e+00,-2.899544600000000250e-01,6.230800399999999462e-01
1.344446100000000044e+01,-3.000853699999999957e+00,-4.525069700000000084e-01,7.006687499999999513e-01
1.329429200000000044e+01,-2.965937600000000174e+00,-2.705412600000000056e-01,6.667881900000000028e-01
1.330165500000000023e+01,-2.974888599999999883e+00,-2.532505899999999976e-01,6.752086999999999950e-01
1.318921500000000080e+01,-2.935727099999999812e+00,-3.291924299999999803e-01,5.965434600000000254e-01
1.322251600000000060e+01,-2.907161299999999837e+00,-3.308133699999999955e-01,6.271377700000000388e-01
1.322212500000000013e+01,-2.935541800000000201e+00,-2.749045199999999856e-01,6.374678000000000289e-01
1.326038400000000017e+01,-2.949156400000000122e+00,-2.557133600000000007e-01,6.474739299999999753e-01
1.325003899999999923e+01,-2.951787899999999798e+00,-2.638856900000000061e-01,6.463934500000000360e-01
1.338681300000000007e+01,-2.972668099999999924e+00,-3.924700799999999989e-01,6.875076300000000362e-01
1.339455500000000043e+01,-2.991572399999999909e+00,-4.201953299999999780e-01,6.720474100000000117e-01
1.343418899999999994e+01,-3.003554299999999788e+00,-4.459575900000000148e-01,6.750806200000000201e-01
1.343156699999999937e+01,-2.977428100000000022e+00,-4.665036000000000183e-01,6.809916400000000092e-01
1.339854399999999934e+01,-2.977748699999999804e+00,-4.671489600000000020e-01,6.808025899999999853e-01
1.339276500000000070e+01,-2.990157099999999790e+00,-3.683355700000000010e-01,6.986678200000000505e-01
1.344020699999999913e+01,-3.015794800000000109e+00,-4.017272599999999749e-01,7.236036799999999714e-01
1.337963899999999917e+01,-2.990011899999999834e+00,-3.770230399999999760e-01,6.914956799999999459e-01
1.338891800000000032e+01,-2.983235500000000151e+00,-3.813065099999999874e-01,6.855282700000000506e-01
1.338192399999999971e+01,-2.981198099999999851e+00,-3.841368399999999794e-01,6.894988800000000362e-01
1.339802899999999930e+01,-2.994670100000000001e+00,-4.135966099999999757e-01,6.830092700000000017e-01
1.336326399999999914e+01,-2.959532999999999969e+00,-3.646586600000000233e-01,6.939320900000000014e-01
1.339046800000000026e+01,-3.004479700000000086e+00,-3.397724599999999984e-01,6.954250100000000101e-01
1.338921799999999962e+01,-2.994753900000000080e+00,-3.546188900000000199e-01,6.957549899999999621e-01
1.335429500000000047e+01,-2.969745599999999985e+00,-3.483980999999999884e-01,6.865136200000000466e-01
1.341688500000000062e+01,-2.996769399999999806e+00,-3.723774499999999987e-01,7.165576900000000249e-01
1.341027000000000058e+01,-2.990636900000000153e+00,-3.943255299999999797e-01,7.093944800000000495e-01
1.341803600000000074e+01,-2.971908800000000017e+00,-4.103168300000000213e-01,6.905538500000000246e-01
1.342068100000000008e+01,-2.972233399999999914e+00,-4.106768800000000219e-01,6.903560300000000094e-01
1.328613400000000055e+01,-2.943807200000000179e+00,-3.065637700000000132e-01,6.641638199999999603e-01
1.327300100000000072e+01,-2.970783500000000021e+00,-2.711434899999999870e-01,6.597400199999999826e-01
1.330584499999999970e+01,-2.971271799999999796e+00,-2.750787599999999777e-01,6.586643100000000306e-01
1.306596299999999999e+01,-2.923988299999999985e+00,-2.215303399999999923e-01,5.683693800000000351e-01
1.327459600000000073e+01,-2.933202999999999783e+00,-2.786467400000000039e-01,6.749489199999999522e-01
1.321649200000000057e+01,-2.983696399999999915e+00,-1.796993600000000024e-01,6.429529099999999886e-01
1.302786900000000081e+01,-2.903351699999999980e+00,-2.169023999999999952e-01,5.689885999999999555e-01
1.300306100000000065e+01,-2.938315799999999811e+00,-1.020642900000000020e-01,5.804003899999999883e-01
1.300333900000000042e+01,-2.943566899999999986e+00,-1.050984400000000013e-01,5.773052400000000528e-01
1.304404599999999981e+01,-2.943642399999999881e+00,-1.387629099999999893e-01,5.807401700000000000e-01
1.305440699999999943e+01,-2.907229899999999922e+00,-1.131403200000000026e-01,6.045249700000000503e-01
1.305472400000000022e+01,-2.926546399999999881e+00,-1.044426900000000047e-01,6.075221100000000041e-01
1.305551999999999957e+01,-2.936976299999999984e+00,-1.030450200000000011e-01,5.992593099999999895e-01
1.327883899999999961e+01,-2.932926699999999887e+00,-3.627866200000000041e-01,6.445940199999999898e-01
1.327720000000000056e+01,-2.945394100000000126e+00,-2.886561699999999897e-01,6.483177599999999652e-01
1.352680199999999999e+01,-3.059543699999999866e+00,-4.796954500000000232e-01,7.726695399999999880e-01
1.328456100000000006e+01,-2.948538699999999846e+00,-3.029949200000000009e-01,6.417281700000000422e-01
1.350361700000000020e+01,-3.038929399999999781e+00,-5.027778000000000524e-01,7.171165800000000035e-01
1.353273699999999913e+01,-3.049941599999999919e+00,-4.196859700000000193e-01,7.853084299999999462e-01
1.349569200000000002e+01,-3.045903899999999886e+00,-4.316214999999999913e-01,7.441769499999999482e-01
1.360403799999999919e+01,-3.095599500000000059e+00,-5.079113200000000550e-01,7.810912500000000147e-01
1.347641800000000067e+01,-3.041923800000000178e+00,-3.734404199999999951e-01,7.622037099999999787e-01
1.348929200000000073e+01,-3.026179299999999905e+00,-4.597574899999999909e-01,7.419299999999999784e-01
1.344234999999999935e+01,-2.994361899999999910e+00,-4.436321400000000081e-01,7.084164899999999543e-01
1.343477400000000088e+01,-2.997992299999999943e+00,-4.259613999999999900e-01,7.180708599999999775e-01
1.345451300000000039e+01,-2.996166199999999780e+00,-4.179207999999999812e-01,7.135198200000000268e-01
1.366426300000000005e+01,-3.142326800000000198e+00,-5.507247400000000459e-01,8.404669200000000062e-01
1.363216399999999950e+01,-3.120164400000000171e+00,-5.397760600000000020e-01,8.183509599999999606e-01
1.362674499999999966e+01,-3.116374700000000164e+00,-5.092103300000000443e-01,8.420242500000000296e-01
1.353799899999999923e+01,-3.059355099999999883e+00,-4.683964500000000197e-01,7.502566800000000091e-01
1.351691899999999968e+01,-3.049255800000000072e+00,-4.692095600000000255e-01,7.644585600000000092e-01
1.343509099999999989e+01,-3.006956399999999974e+00,-4.001694599999999769e-01,7.181703999999999866e-01
1.340484900000000046e+01,-3.005370000000000097e+00,-3.441673100000000041e-01,7.129432999999999465e-01
1.343984099999999948e+01,-2.992704199999999926e+00,-4.196918399999999827e-01,7.129212099999999719e-01
1.343794499999999914e+01,-3.009237199999999834e+00,-4.096017399999999919e-01,7.163051200000000174e-01
1.329216100000000012e+01,-2.960728200000000143e+00,-3.309865300000000010e-01,6.521823799999999505e-01
1.328349700000000055e+01,-2.955182600000000104e+00,-3.301543900000000198e-01,6.472006599999999832e-01
1.324544299999999986e+01,-2.929497800000000041e+00,-2.988355999999999790e-01,6.453400900000000329e-01
1.335429399999999944e+01,-2.974616099999999985e+00,-2.920603600000000188e-01,7.023324899999999760e-01
1.314528400000000019e+01,-2.928580999999999879e+00,-2.706862400000000224e-01,5.944942699999999913e-01
1.326996499999999912e+01,-2.933139699999999905e+00,-3.192760900000000124e-01,6.516946799999999707e-01
1.360674999999999990e+01,-3.106760200000000083e+00,-4.677978400000000203e-01,8.113596100000000089e-01
1.360414300000000054e+01,-3.103733399999999865e+00,-4.800991299999999851e-01,8.238912999999999931e-01
1.358378300000000038e+01,-3.075901200000000113e+00,-4.754046200000000000e-01,8.062902100000000072e-01
1.353880799999999951e+01,-3.046447699999999870e+00,-4.323626500000000150e-01,7.854696599999999584e-01
1.353015199999999929e+01,-3.057109599999999983e+00,-4.361981600000000014e-01,7.791600199999999532e-01
1.355498799999999981e+01,-3.062925100000000178e+00,-5.098857599999999657e-01,7.553131299999999992e-01
1.353475800000000007e+01,-3.061044799999999899e+00,-4.003581199999999840e-01,7.966181799999999535e-01
1.354889299999999963e+01,-3.069316800000000178e+00,-3.889629800000000137e-01,7.902502799999999716e-01
1.361205900000000035e+01,-3.105816700000000097e+00,-5.901976399999999678e-01,7.567863200000000123e-01
1.368909000000000020e+01,-3.156054999999999833e+00,-5.110653400000000346e-01,8.761582199999999876e-01
1.351781599999999983e+01,-3.044613700000000200e+00,-5.123404000000000291e-01,7.447960099999999528e-01
1.354504000000000019e+01,-3.068708099999999828e+00,-4.796341599999999761e-01,7.645914900000000403e-01
1.356100099999999919e+01,-3.060164400000000118e+00,-4.673132899999999923e-01,7.760640699999999947e-01
1.356317999999999913e+01,-3.059900499999999912e+00,-4.623397699999999833e-01,7.751425199999999460e-01
1.353722299999999912e+01,-3.043785900000000044e+00,-3.955771699999999780e-01,7.801090200000000419e-01
1.350578400000000023e+01,-3.050865200000000055e+00,-3.390846200000000032e-01,7.991214800000000507e-01
1.320423000000000080e+01,-2.938178000000000178e+00,-2.324745300000000126e-01,6.293770499999999934e-01
1.321004699999999943e+01,-2.934247899999999909e+00,-2.435765000000000013e-01,6.382347900000000518e-01
1.319667600000000007e+01,-2.950939700000000165e+00,-2.241450000000000109e-01,6.326443800000000062e-01
1.323332300000000039e+01,-2.945339600000000058e+00,-1.990057299999999918e-01,6.572948899999999650e-01
1.335994299999999946e+01,-2.958554900000000210e+00,-3.668601899999999749e-01,6.814227299999999765e-01
1.320002000000000031e+01,-2.955168000000000017e+00,-2.615423700000000240e-01,6.109489999999999643e-01
1.321052899999999930e+01,-2.935438099999999828e+00,-2.915424200000000243e-01,6.158367000000000147e-01
1.320203200000000088e+01,-2.919004800000000177e+00,-2.978173399999999860e-01,6.210736399999999824e-01
1.326890599999999942e+01,-2.938044600000000006e+00,-3.192456300000000025e-01,6.459725400000000395e-01
1.326888800000000046e+01,-2.946181699999999903e+00,-3.199737899999999802e-01,6.491632000000000513e-01
1.336940099999999987e+01,-2.976731599999999922e+00,-3.211370599999999742e-01,7.006268399999999730e-01
1.336078000000000010e+01,-2.981715700000000080e+00,-3.428310800000000103e-01,6.971100199999999969e-01
1.338669699999999985e+01,-2.975990599999999819e+00,-3.564432900000000237e-01,6.837691999999999659e-01
1.335527500000000067e+01,-2.972925800000000063e+00,-3.648336899999999883e-01,6.859470100000000237e-01
1.335475100000000026e+01,-2.962883699999999898e+00,-3.514393900000000182e-01,6.931302000000000296e-01
1.340082199999999979e+01,-2.975894999999999957e+00,-3.704848800000000164e-01,6.934120599999999968e-01
1.338895100000000049e+01,-2.974521399999999982e+00,-3.708907799999999755e-01,6.916331300000000404e-01
1.335185399999999944e+01,-2.975407199999999808e+00,-3.792191599999999996e-01,6.715714299999999692e-01
1.324384399999999928e+01,-2.942086900000000060e+00,-2.585935799999999896e-01,6.590580900000000408e-01
1.325815000000000055e+01,-2.940133200000000002e+00,-2.640758300000000114e-01,6.494154699999999947e-01
1.323774099999999976e+01,-2.939719699999999936e+00,-2.514367499999999866e-01,6.548220599999999836e-01
1.323653700000000022e+01,-2.960870200000000008e+00,-2.620071700000000114e-01,6.357541100000000389e-01
1.328685600000000022e+01,-2.943907400000000063e+00,-2.999401099999999820e-01,6.527837800000000357e-01
1.339284699999999972e+01,-2.974249899999999780e+00,-3.696323499999999984e-01,7.079596999999999696e-01
1.330982700000000030e+01,-2.933685600000000004e+00,-3.770832800000000207e-01,6.573071999999999804e-01
1.329707299999999925e+01,-2.972125899999999987e+00,-3.211961899999999925e-01,6.472538300000000300e-01
1.331612800000000085e+01,-2.956386499999999806e+00,-2.857113499999999751e-01,6.760813500000000253e-01
1.327759600000000084e+01,-2.956974499999999839e+00,-3.325882000000000005e-01,6.514518500000000545e-01
1.334078000000000053e+01,-2.981393000000000182e+00,-3.125737399999999888e-01,6.955742000000000314e-01
1.336349300000000007e+01,-2.971368399999999799e+00,-3.181713400000000247e-01,6.886534800000000400e-01
1.342717099999999952e+01,-2.982252599999999809e+00,-4.285435499999999953e-01,6.936618500000000243e-01
1.343987399999999965e+01,-3.001295999999999964e+00,-3.986028699999999980e-01,7.037008999999999626e-01
1.332755399999999923e+01,-2.968798000000000048e+00,-3.234263099999999946e-01,6.835540599999999634e-01
1.332952300000000001e+01,-2.970006900000000005e+00,-3.297964899999999977e-01,6.814281100000000313e-01
1.298919300000000021e+01,-2.919549299999999903e+00,-1.681986400000000104e-01,5.576748700000000447e-01
1.344904299999999964e+01,-3.014099299999999815e+00,-4.186941599999999819e-01,7.098610899999999724e-01
1.343858799999999931e+01,-3.007428899999999850e+00,-4.356864100000000239e-01,7.008319499999999813e-01
1.335998999999999981e+01,-2.972703500000000165e+00,-3.809430899999999842e-01,6.699922200000000272e-01
1.323579999999999934e+01,-2.921409800000000168e+00,-2.941270500000000010e-01,6.394424600000000458e-01
1.353123899999999935e+01,-3.068749700000000136e+00,-4.337376600000000249e-01,7.597391700000000192e-01
1.354448099999999933e+01,-3.062594400000000050e+00,-4.548907699999999998e-01,7.879326199999999725e-01
1.364346699999999935e+01,-3.123780800000000024e+00,-5.630990200000000057e-01,8.016847999999999752e-01
1.360600499999999968e+01,-3.123300400000000199e+00,-5.665539899999999518e-01,8.040654900000000493e-01
1.361334399999999967e+01,-3.082782700000000098e+00,-4.790174999999999850e-01,8.351145899999999900e-01
1.359237399999999951e+01,-3.092217799999999794e+00,-4.743029200000000167e-01,8.246162000000000214e-01
1.361863300000000088e+01,-3.088051500000000171e+00,-4.947676100000000243e-01,8.235655600000000298e-01
1.360579599999999978e+01,-3.092476700000000189e+00,-4.913823800000000075e-01,8.044614799999999510e-01
1.347609199999999952e+01,-3.016126700000000049e+00,-4.439763600000000143e-01,7.203984900000000025e-01
1.345951999999999948e+01,-3.018318600000000185e+00,-4.484672699999999734e-01,7.235949999999999882e-01
1.346545399999999937e+01,-3.029596000000000178e+00,-4.605902399999999841e-01,6.938922199999999485e-01
1.345433700000000066e+01,-3.031620300000000157e+00,-4.597137399999999818e-01,6.970264299999999746e-01
1.347958500000000015e+01,-3.017444400000000027e+00,-4.178719399999999973e-01,7.438214499999999951e-01
1.349152899999999988e+01,-3.036591099999999877e+00,-4.012258200000000108e-01,7.691607099999999697e-01
1.331136899999999912e+01,-2.963002100000000194e+00,-2.891910500000000050e-01,6.842458700000000338e-01
1.335711399999999927e+01,-2.992131800000000119e+00,-2.916829300000000069e-01,7.044955899999999493e-01
1.337759800000000077e+01,-2.990211799999999975e+00,-2.846244600000000236e-01,7.002557999999999838e-01
1.348636400000000002e+01,-3.037925700000000173e+00,-5.461174500000000043e-01,6.961781000000000219e-01
1.348671099999999967e+01,-3.042084299999999963e+00,-5.413431899999999741e-01,6.976241199999999587e-01
1.349955100000000030e+01,-3.014657800000000165e+00,-5.242902900000000477e-01,7.089624100000000428e-01
1.350340500000000077e+01,-3.017862000000000045e+00,-5.228372500000000311e-01,7.069533700000000254e-01
1.348687600000000053e+01,-3.053931700000000138e+00,-5.324292999999999942e-01,6.897073400000000021e-01
1.350709499999999963e+01,-3.052231700000000103e+00,-5.110080200000000072e-01,6.911684000000000161e-01
1.350233099999999986e+01,-3.037001099999999898e+00,-4.972251899999999836e-01,7.332599800000000334e-01
1.358846600000000038e+01,-3.080419599999999924e+00,-4.802160600000000001e-01,7.933577000000000545e-01
1.356664699999999968e+01,-3.069695199999999957e+00,-5.187347399999999720e-01,7.603732100000000216e-01
1.357995500000000000e+01,-3.077372899999999856e+00,-5.430528100000000524e-01,7.671154000000000028e-01
1.356224500000000077e+01,-3.071949599999999947e+00,-5.151625300000000074e-01,7.661604699999999823e-01
1.344050999999999974e+01,-3.025452700000000217e+00,-3.652675499999999964e-01,7.276739300000000243e-01
1.344139400000000073e+01,-2.997670700000000021e+00,-4.127710299999999832e-01,7.132494400000000123e-01
1.341608300000000042e+01,-3.018729800000000019e+00,-4.107971200000000156e-01,6.882433199999999918e-01
1.341492500000000021e+01,-3.003653200000000023e+00,-3.839613800000000188e-01,7.071196299999999990e-01
1.350882099999999930e+01,-3.029310999999999865e+00,-4.482049599999999856e-01,7.492563800000000551e-01
1.348734900000000003e+01,-3.029391200000000062e+00,-4.478992099999999921e-01,7.400569599999999859e-01
1.350760099999999930e+01,-3.041246800000000139e+00,-4.673960600000000021e-01,7.560566199999999570e-01
1.350402000000000058e+01,-3.043472400000000189e+00,-4.682007300000000094e-01,7.542147000000000157e-01
1.351639600000000030e+01,-3.043356800000000195e+00,-4.378222999999999976e-01,7.708807600000000537e-01
1.352100100000000005e+01,-3.031458900000000067e+00,-4.981197700000000173e-01,7.457994799999999591e-01
1.352443599999999968e+01,-3.040803499999999993e+00,-4.980594700000000041e-01,7.366063900000000553e-01
1.341487000000000052e+01,-2.996790799999999866e+00,-3.672360199999999963e-01,7.244901900000000339e-01
1.336877299999999913e+01,-2.961910699999999785e+00,-3.880129099999999887e-01,6.753670800000000085e-01
1.324408900000000067e+01,-2.924400400000000122e+00,-3.161244400000000065e-01,6.316942899999999916e-01
1.347035699999999991e+01,-3.028163600000000066e+00,-3.840932799999999814e-01,7.432817099999999844e-01
1.344334300000000049e+01,-3.021616999999999997e+00,-4.060639799999999910e-01,7.174543300000000290e-01
1.343404499999999935e+01,-3.024931099999999873e+00,-4.381519199999999725e-01,7.058439899999999767e-01
1.337632600000000060e+01,-2.991879899999999814e+00,-3.518632400000000215e-01,7.004123300000000274e-01
1.336172600000000088e+01,-2.982883600000000079e+00,-3.819374500000000117e-01,6.761620000000000408e-01
1.349794699999999992e+01,-3.037104199999999921e+00,-4.091411699999999985e-01,7.459822299999999684e-01
1.303441199999999967e+01,-2.932297800000000176e+00,-1.732097599999999904e-01,5.762845300000000170e-01
1.296170500000000025e+01,-2.929044100000000039e+00,-1.205464400000000047e-01,5.623573699999999675e-01
1.321458200000000005e+01,-2.923993299999999795e+00,-3.272194700000000123e-01,6.171714000000000366e-01
1.331521799999999978e+01,-2.974991900000000022e+00,-2.683726799999999746e-01,6.812142100000000422e-01
1.333036599999999972e+01,-2.980987799999999854e+00,-2.901808300000000007e-01,6.810690299999999642e-01
1.333416000000000068e+01,-2.984082200000000018e+00,-2.832738000000000200e-01,6.846611700000000411e-01
1.336224499999999971e+01,-2.973246000000000056e+00,-2.917577599999999771e-01,7.124838799999999583e-01
1.335980299999999943e+01,-2.963372500000000187e+00,-3.004067799999999844e-01,7.073928600000000122e-01
1.335245600000000010e+01,-2.982132800000000028e+00,-2.713510399999999878e-01,7.089021300000000192e-01
1.321464300000000058e+01,-2.930792900000000145e+00,-2.853272199999999925e-01,6.287485000000000435e-01
1.323676999999999992e+01,-2.934790299999999963e+00,-3.276623799999999753e-01,6.237254500000000146e-01
1.350524599999999964e+01,-3.029144300000000012e+00,-4.462306899999999854e-01,7.483541599999999905e-01
1.350849900000000048e+01,-3.031001100000000115e+00,-4.345254700000000248e-01,7.562727099999999592e-01
1.341407000000000060e+01,-3.009302299999999875e+00,-3.360644300000000251e-01,7.215705199999999930e-01
1.339635499999999979e+01,-3.006298300000000090e+00,-3.250966900000000215e-01,7.130573399999999840e-01
1.345147200000000076e+01,-3.003485299999999913e+00,-4.426530799999999766e-01,7.217444499999999818e-01
1.359367600000000031e+01,-3.114413700000000063e+00,-4.892648399999999786e-01,8.209800200000000325e-01
1.361234900000000003e+01,-3.110815399999999897e+00,-4.888743899999999920e-01,8.156016299999999664e-01
1.312244600000000005e+01,-2.924193400000000054e+00,-2.139472400000000107e-01,6.038261400000000112e-01
1.337424599999999941e+01,-2.979737099999999916e+00,-3.666620700000000066e-01,6.863549700000000087e-01
1.338417199999999951e+01,-2.973967000000000027e+00,-3.375556499999999849e-01,7.125260599999999611e-01
1.337688600000000072e+01,-2.985030000000000072e+00,-3.453677700000000184e-01,7.035820600000000091e-01
1.336747500000000066e+01,-2.989108299999999829e+00,-3.546020799999999862e-01,6.887732800000000433e-01
1.341360099999999989e+01,-3.012032599999999949e+00,-3.318670599999999915e-01,7.248461000000000487e-01
1.349278100000000080e+01,-3.022642199999999946e+00,-5.035526999999999642e-01,7.180182400000000298e-01
1.348531900000000050e+01,-3.030354200000000109e+00,-3.998397899999999727e-01,7.436313900000000032e-01
1.346417100000000033e+01,-3.019185999999999925e+00,-3.493883300000000247e-01,7.662808199999999736e-01
1.323969999999999914e+01,-2.934903499999999887e+00,-3.781631999999999771e-01,6.186900499999999914e-01
1.326018200000000036e+01,-2.922985000000000166e+00,-4.026204600000000133e-01,6.232836499999999669e-01
1.327508300000000041e+01,-2.919329100000000121e+00,-4.046770000000000089e-01,6.239730199999999893e-01
1.326594399999999929e+01,-2.921158999999999839e+00,-4.199579299999999793e-01,6.284640599999999910e-01
1.323063999999999929e+01,-2.957848799999999834e+00,-2.878375899999999765e-01,6.346286100000000374e-01
1.323917299999999919e+01,-2.955502399999999863e+00,-2.861470799999999981e-01,6.316809199999999791e-01
1.325895099999999971e+01,-2.951114099999999851e+00,-2.836897800000000025e-01,6.461825900000000011e-01
1.330061000000000071e+01,-2.939181500000000113e+00,-4.153838599999999937e-01,6.402754200000000395e-01
1.331820300000000046e+01,-2.950357299999999849e+00,-4.034262800000000260e-01,6.280274000000000134e-01
1.331344200000000022e+01,-2.941331400000000151e+00,-4.422182700000000244e-01,6.208201800000000548e-01
1.331121699999999919e+01,-2.948742900000000056e+00,-3.738985499999999962e-01,6.519083100000000464e-01
1.355137000000000036e+01,-3.069869100000000017e+00,-4.188529699999999911e-01,8.120834999999999582e-01
1.356648700000000041e+01,-3.070760400000000168e+00,-5.297559800000000152e-01,7.436772699999999459e-01
1.356581199999999932e+01,-3.068442999999999810e+00,-5.280723499999999682e-01,7.499841900000000505e-01
1.356933000000000078e+01,-3.064269799999999933e+00,-5.347241200000000250e-01,7.501008399999999909e-01
1.330870400000000053e+01,-2.968121299999999962e+00,-2.743737600000000221e-01,6.764477500000000143e-01
1.329535500000000070e+01,-2.957603999999999900e+00,-2.803783699999999879e-01,6.741301100000000046e-01
1.341089299999999973e+01,-2.979039199999999887e+00,-3.933418000000000192e-01,7.049605199999999794e-01
1.334539400000000064e+01,-2.971326799999999935e+00,-3.125006000000000173e-01,6.940595099999999906e-01
1.335454700000000017e+01,-2.966099799999999842e+00,-3.270532199999999778e-01,6.914852400000000010e-01
1.338320700000000052e+01,-2.988618000000000219e+00,-3.573297100000000226e-01,6.965778700000000434e-01
1.334960399999999936e+01,-2.959326299999999854e+00,-3.921550200000000208e-01,6.668160899999999724e-01
1.329486999999999952e+01,-2.944526999999999894e+00,-3.955154499999999906e-01,6.369126400000000299e-01
1.329267699999999941e+01,-2.926375000000000171e+00,-4.019156700000000026e-01,6.458617399999999620e-01
1.311404300000000056e+01,-2.946208700000000125e+00,-1.265262500000000068e-01,6.220316399999999968e-01
1.327884500000000045e+01,-2.948833899999999897e+00,-3.209013000000000004e-01,6.473767900000000353e-01
1.329722100000000040e+01,-2.943744199999999811e+00,-3.189029999999999920e-01,6.605489500000000236e-01
1.352157300000000006e+01,-3.043639100000000042e+00,-4.616852900000000259e-01,7.547048699999999721e-01
1.349050500000000063e+01,-3.029510600000000053e+00,-4.897325499999999887e-01,7.182781200000000199e-01
1.296118000000000059e+01,-2.930569100000000038e+00,-1.002360000000000056e-01,5.739090500000000317e-01
1.304699800000000032e+01,-2.961236200000000096e+00,-1.357528299999999910e-01,5.887805099999999792e-01
1.307791500000000084e+01,-2.955693199999999798e+00,-1.171501499999999946e-01,5.929125600000000329e-01
1.304301800000000000e+01,-2.913540799999999820e+00,-1.648782199999999920e-01,5.887915500000000524e-01
1.302842700000000065e+01,-2.921902100000000058e+00,-1.578297399999999961e-01,5.953807700000000036e-01
1.319308900000000051e+01,-2.948920799999999787e+00,-2.083144000000000107e-01,6.184139699999999795e-01
1.328138799999999975e+01,-2.945886699999999969e+00,-2.784039400000000164e-01,6.481190599999999691e-01
1.328047199999999961e+01,-2.942664100000000005e+00,-2.789857299999999873e-01,6.467201900000000281e-01
1.323054600000000036e+01,-2.945580200000000204e+00,-2.884774399999999739e-01,6.466122699999999890e-01
1.323507099999999959e+01,-2.929052500000000059e+00,-3.005851399999999729e-01,6.330158900000000255e-01
1.327267800000000086e+01,-2.951385399999999937e+00,-3.975437099999999946e-01,6.235289699999999602e-01
1.319186200000000042e+01,-2.921513000000000027e+00,-2.421840500000000118e-01,6.440522100000000139e-01
1.317244700000000002e+01,-2.941800999999999888e+00,-2.655425599999999831e-01,5.960940000000000127e-01
1.341483900000000062e+01,-3.004188099999999917e+00,-3.969325899999999741e-01,6.991086300000000087e-01
1.364017300000000077e+01,-3.112060200000000165e+00,-4.970418899999999862e-01,8.501197099999999729e-01
1.363310599999999972e+01,-3.128772099999999945e+00,-5.495787199999999650e-01,8.292403200000000307e-01
1.327213899999999924e+01,-2.946507500000000057e+00,-3.219343399999999855e-01,6.435481600000000357e-01
1.347943300000000022e+01,-3.024997700000000123e+00,-3.919219400000000242e-01,7.458905700000000305e-01
1.328540500000000080e+01,-2.946060300000000076e+00,-3.452282400000000195e-01,6.508739999999999526e-01
1.332639700000000005e+01,-2.978370400000000195e+00,-3.057597799999999810e-01,6.763886900000000146e-01
1.359928799999999960e+01,-3.088225299999999951e+00,-4.801767000000000118e-01,8.070720300000000513e-01
1.346053400000000089e+01,-3.011817999999999884e+00,-4.300752999999999937e-01,7.194418599999999886e-01
1.347593999999999959e+01,-3.016395499999999785e+00,-3.863731200000000143e-01,7.491893899999999551e-01
1.354186200000000007e+01,-3.059269399999999806e+00,-5.195939299999999816e-01,7.427958500000000353e-01
1.353426900000000010e+01,-3.058638699999999933e+00,-5.269689899999999705e-01,7.513526000000000371e-01
1.355891899999999950e+01,-3.070703099999999797e+00,-5.487737099999999701e-01,7.586577300000000301e-01
1.357550600000000074e+01,-3.075554799999999922e+00,-5.340701300000000318e-01,7.610344900000000079e-01
1.355779199999999918e+01,-3.068552099999999783e+00,-5.214556099999999583e-01,7.686969799999999742e-01
1.358730800000000016e+01,-3.084023100000000017e+00,-4.831148699999999740e-01,7.877051200000000364e-01
1.349343700000000013e+01,-3.034489300000000167e+00,-4.381579700000000077e-01,7.378580500000000431e-01
1.329317700000000002e+01,-2.956785899999999856e+00,-3.452931300000000037e-01,6.455617399999999950e-01
1.333776300000000070e+01,-2.966455999999999982e+00,-3.476705099999999882e-01,6.738050100000000375e-01
1.334390999999999927e+01,-2.958118499999999873e+00,-3.512966399999999934e-01,6.789555400000000240e-01
1.337240199999999923e+01,-2.963160799999999817e+00,-3.428425399999999734e-01,6.758935200000000254e-01
1.337048099999999984e+01,-2.962752699999999795e+00,-3.475580699999999967e-01,6.780262000000000233e-01
1.345407299999999928e+01,-3.016462600000000105e+00,-4.740880699999999726e-01,7.233687100000000259e-01
1.346102600000000038e+01,-3.013513199999999781e+00,-4.793660499999999880e-01,7.190796200000000304e-01
1.330100900000000053e+01,-2.972304700000000022e+00,-2.780721500000000179e-01,6.801572099999999566e-01
1.339492699999999914e+01,-2.987966399999999911e+00,-4.181079200000000218e-01,6.811473599999999795e-01
1.338977299999999993e+01,-2.977596500000000201e+00,-3.913697400000000215e-01,6.955836300000000083e-01
1.345020099999999985e+01,-3.008220199999999789e+00,-3.885092499999999727e-01,7.272083499999999479e-01
1.320992200000000061e+01,-2.949710699999999797e+00,-2.440808600000000106e-01,6.333945399999999504e-01
1.322130600000000022e+01,-2.941726500000000133e+00,-2.479418899999999981e-01,6.342732899999999896e-01
1.321627499999999955e+01,-2.928834900000000019e+00,-3.156720000000000081e-01,6.143307700000000260e-01
1.319823899999999917e+01,-2.924120199999999947e+00,-3.125091700000000028e-01,6.056579600000000507e-01
1.318942400000000070e+01,-2.933922599999999825e+00,-3.059044699999999839e-01,6.085829200000000272e-01
1.318873499999999943e+01,-2.914760799999999819e+00,-2.963801999999999826e-01,6.179551599999999478e-01
1.349656399999999934e+01,-3.035176900000000177e+00,-3.685550799999999794e-01,7.538112500000000438e-01
1.348599199999999954e+01,-3.050743600000000111e+00,-3.582968000000000264e-01,7.735897000000000467e-01
1.348853199999999930e+01,-3.028353099999999909e+00,-4.035686700000000182e-01,7.557609199999999472e-01
1.325268900000000016e+01,-2.959102000000000121e+00,-2.807277200000000139e-01,6.446328900000000139e-01
1.342475699999999961e+01,-2.998304699999999823e+00,-4.023665100000000105e-01,7.065816499999999500e-01
1.347460899999999917e+01,-3.019180700000000162e+00,-3.678116699999999795e-01,7.415985000000000493e-01
1.346531099999999981e+01,-3.016325800000000168e+00,-3.729525699999999833e-01,7.395613800000000460e-01
1.343410000000000082e+01,-2.997936499999999782e+00,-3.516079899999999814e-01,7.286190099999999559e-01
1.345293400000000084e+01,-3.022551299999999941e+00,-3.543157299999999954e-01,7.309622099999999456e-01
1.344955799999999968e+01,-3.010690600000000217e+00,-3.756924200000000269e-01,7.213765599999999445e-01
1.345201300000000089e+01,-3.015830199999999905e+00,-3.871848700000000143e-01,7.274148499999999462e-01
1.314614199999999933e+01,-2.936668200000000173e+00,-1.969371199999999933e-01,6.148974400000000173e-01
1.314632399999999990e+01,-2.944216799999999967e+00,-1.923585600000000118e-01,6.133373899999999823e-01
1.308624700000000018e+01,-2.931130000000000013e+00,-1.948483199999999915e-01,5.934394699999999689e-01
1.322836299999999987e+01,-2.926177399999999817e+00,-2.648571800000000254e-01,6.406696699999999689e-01
1.330219800000000063e+01,-2.935175500000000159e+00,-3.677086399999999755e-01,6.494499700000000431e-01
1.343280500000000011e+01,-2.990003699999999931e+00,-3.418899899999999770e-01,7.286417699999999664e-01
1.343975700000000018e+01,-3.014097299999999979e+00,-4.386635400000000184e-01,6.905445999999999529e-01
1.332082800000000056e+01,-2.948883100000000201e+00,-3.225988100000000136e-01,6.898453300000000343e-01
1.334148800000000001e+01,-2.950131700000000023e+00,-3.091593999999999731e-01,6.863240999999999925e-01
1.331309800000000010e+01,-2.946061499999999889e+00,-3.220502599999999771e-01,6.877881000000000133e-01
1.337035599999999924e+01,-2.998850800000000039e+00,-3.377817900000000262e-01,6.754291900000000126e-01
1.336848999999999954e+01,-2.975671800000000200e+00,-3.616950600000000127e-01,7.039919999999999511e-01
1.335399800000000070e+01,-2.971456599999999781e+00,-3.689266700000000121e-01,7.030872099999999625e-01
1.334084000000000003e+01,-2.961490099999999792e+00,-4.127111199999999869e-01,6.336210599999999582e-01
1.331758300000000084e+01,-2.966322100000000184e+00,-3.861277699999999813e-01,6.474329199999999673e-01
1.332798200000000044e+01,-2.971171299999999960e+00,-3.831529300000000027e-01,6.430289300000000541e-01
1.330911399999999922e+01,-2.964750800000000019e+00,-3.803670900000000188e-01,6.424446000000000323e-01
1.330832799999999949e+01,-2.966994699999999874e+00,-3.866800400000000026e-01,6.350078799999999690e-01
1.330698600000000020e+01,-2.966322100000000184e+00,-3.882968900000000056e-01,6.353100499999999595e-01
1.329703800000000058e+01,-2.979172900000000013e+00,-3.784026600000000018e-01,6.373909199999999720e-01
1.331673299999999927e+01,-2.955308500000000116e+00,-4.006614099999999956e-01,6.375481200000000515e-01
1.341493700000000011e+01,-3.002085699999999857e+00,-4.126184700000000150e-01,6.950914999999999733e-01
1.340556300000000078e+01,-3.001096400000000219e+00,-3.927873199999999954e-01,7.044295099999999810e-01
1.338039999999999985e+01,-2.979672299999999829e+00,-4.210215099999999877e-01,6.830921699999999985e-01
1.339524300000000068e+01,-2.977759799999999846e+00,-4.200957499999999900e-01,6.794533799999999957e-01
1.334254800000000074e+01,-2.976137599999999939e+00,-3.262057899999999955e-01,6.839982900000000088e-01
1.335463900000000059e+01,-2.976182699999999848e+00,-3.202111799999999842e-01,6.827850500000000045e-01
1.335321800000000003e+01,-2.976034700000000033e+00,-3.131173600000000112e-01,6.981651800000000518e-01
1.335682399999999959e+01,-2.960667899999999797e+00,-3.150997700000000012e-01,6.997853099999999937e-01
1.347749999999999915e+01,-3.021968600000000116e+00,-4.717838200000000204e-01,7.371408900000000486e-01
1.346869099999999975e+01,-3.017086500000000004e+00,-4.333174399999999982e-01,7.346527999999999947e-01
1.332746000000000031e+01,-2.969359299999999813e+00,-3.255932200000000165e-01,6.665376800000000213e-01
1.328819700000000026e+01,-2.959813700000000214e+00,-3.242531799999999742e-01,6.616482599999999881e-01
1.332224000000000075e+01,-2.963679400000000186e+00,-3.317770899999999967e-01,6.487937799999999866e-01
1.323930499999999988e+01,-2.938070699999999924e+00,-3.055582099999999968e-01,6.491119499999999931e-01
1.326023299999999949e+01,-2.935484300000000157e+00,-2.970774299999999757e-01,6.403428100000000400e-01
1.325491700000000073e+01,-2.947462999999999944e+00,-2.780633000000000132e-01,6.441389400000000487e-01
1.325103799999999943e+01,-2.941716200000000114e+00,-2.776030400000000231e-01,6.491853499999999944e-01
1.324719999999999942e+01,-2.943044500000000063e+00,-2.793012999999999746e-01,6.512880599999999465e-01
1.324377299999999913e+01,-2.940816199999999991e+00,-2.664278700000000111e-01,6.464609300000000447e-01
1.321134799999999920e+01,-2.965478399999999848e+00,-2.769523700000000033e-01,6.236180599999999741e-01
1.321806199999999976e+01,-2.954379400000000100e+00,-2.787993999999999750e-01,6.198560300000000023e-01
1.320130999999999943e+01,-2.943390200000000068e+00,-2.843349399999999805e-01,6.146506600000000153e-01
1.320193500000000064e+01,-2.935051200000000193e+00,-2.736960600000000188e-01,6.220751199999999814e-01
1.312493300000000040e+01,-2.920126199999999894e+00,-2.406386199999999975e-01,6.001160500000000120e-01
1.348723400000000083e+01,-3.034295699999999929e+00,-4.048011799999999827e-01,7.635244500000000212e-01
1.349215000000000053e+01,-3.034518900000000130e+00,-4.032930699999999757e-01,7.628044400000000280e-01
1.326381399999999999e+01,-2.931639099999999942e+00,-3.347427900000000123e-01,6.518435900000000283e-01
1.346359299999999948e+01,-3.002105999999999941e+00,-3.574152800000000019e-01,7.487412199999999851e-01
1.314322199999999974e+01,-2.917346000000000217e+00,-2.813478699999999999e-01,5.966372399999999576e-01
1.313354600000000083e+01,-2.915839300000000023e+00,-2.872817899999999813e-01,5.897056299999999807e-01
1.314006200000000035e+01,-2.930714599999999947e+00,-2.743237299999999879e-01,5.913835499999999801e-01
1.313377900000000054e+01,-2.932026800000000044e+00,-2.790230499999999947e-01,5.941043299999999583e-01
1.315267599999999959e+01,-2.926988800000000168e+00,-1.854185399999999928e-01,6.195454299999999526e-01
1.312647399999999998e+01,-2.935979399999999906e+00,-1.935666299999999895e-01,6.062046300000000221e-01
1.310287600000000019e+01,-2.910888700000000107e+00,-2.155948400000000098e-01,5.952054900000000037e-01
1.293370200000000025e+01,-2.911076800000000020e+00,-1.364253900000000075e-01,5.491024500000000197e-01
1.292536999999999914e+01,-2.923568200000000061e+00,-1.499735700000000005e-01,5.421440299999999990e-01
1.303579900000000080e+01,-2.914970799999999862e+00,-1.632744899999999943e-01,5.832748399999999611e-01
1.344763000000000019e+01,-3.020481000000000193e+00,-4.348667500000000241e-01,7.023586099999999943e-01
1.320515999999999934e+01,-2.960925800000000052e+00,-1.586202899999999971e-01,6.557786599999999577e-01
1.323669899999999977e+01,-2.937241300000000166e+00,-2.971879499999999785e-01,6.397908599999999613e-01
1.339291899999999913e+01,-2.987531999999999854e+00,-3.778654799999999758e-01,7.177502999999999522e-01
1.337157299999999971e+01,-3.002581399999999956e+00,-3.238762099999999977e-01,7.089957000000000065e-01
1.325972200000000001e+01,-2.930744600000000144e+00,-3.519967800000000091e-01,6.206496299999999522e-01
1.322932199999999980e+01,-2.926198799999999878e+00,-3.464657199999999770e-01,6.334434100000000400e-01
1.323908999999999914e+01,-2.929745399999999833e+00,-3.456988599999999967e-01,6.286297899999999661e-01
1.327286199999999994e+01,-2.945854800000000218e+00,-3.531734100000000209e-01,6.378581899999999916e-01
1.343108499999999950e+01,-3.007769300000000090e+00,-3.638200400000000112e-01,7.325974600000000336e-01
1.332379099999999994e+01,-2.958216399999999968e+00,-3.883061099999999821e-01,6.545394300000000332e-01
1.328419199999999911e+01,-2.928635799999999900e+00,-4.142366699999999735e-01,6.218653600000000337e-01
1.327577199999999991e+01,-2.934248800000000212e+00,-4.008627599999999847e-01,6.281722499999999876e-01
1.339259999999999984e+01,-2.979265700000000017e+00,-3.642240700000000109e-01,7.094093900000000286e-01
1.341206299999999985e+01,-2.995406099999999849e+00,-3.530975499999999823e-01,7.131313099999999627e-01
1.336693900000000035e+01,-2.967657500000000059e+00,-3.897808099999999776e-01,6.707783800000000074e-01
1.335631899999999916e+01,-2.981266199999999866e+00,-3.254192699999999827e-01,6.816425400000000190e-01
1.333524799999999999e+01,-2.972960099999999883e+00,-3.258076100000000253e-01,6.891427599999999654e-01
1.333808499999999952e+01,-2.973532099999999900e+00,-2.832454099999999753e-01,7.038145599999999780e-01
1.334481599999999979e+01,-2.960655099999999873e+00,-3.306866500000000264e-01,6.861149500000000012e-01
1.343473400000000062e+01,-2.994953600000000105e+00,-4.157820999999999878e-01,7.160864000000000118e-01
1.350378700000000087e+01,-3.034692800000000190e+00,-4.782446599999999881e-01,7.398492899999999928e-01
1.322108000000000061e+01,-2.940001300000000040e+00,-2.512375099999999972e-01,6.400032599999999627e-01
1.317514500000000055e+01,-2.942855199999999893e+00,-2.436453299999999933e-01,6.178081199999999606e-01
1.342639899999999997e+01,-3.002792900000000209e+00,-3.910104799999999936e-01,7.074238000000000470e-01
1.339129999999999932e+01,-2.993138000000000076e+00,-2.987812899999999772e-01,7.282393799999999917e-01
1.343095899999999965e+01,-3.008093600000000034e+00,-3.540649699999999789e-01,7.203995600000000499e-01
1.344162399999999913e+01,-2.998140799999999828e+00,-3.998598400000000219e-01,7.221820100000000409e-01
1.347631900000000016e+01,-3.021141899999999936e+00,-4.011041100000000137e-01,7.538626899999999464e-01
1.355561600000000055e+01,-3.054772499999999891e+00,-5.380112599999999912e-01,7.487567800000000107e-01
1.356061799999999984e+01,-3.061602699999999899e+00,-5.623108300000000392e-01,7.386868100000000270e-01
1.357347099999999962e+01,-3.060896300000000014e+00,-5.590929799999999616e-01,7.357462700000000355e-01
1.341175899999999999e+01,-2.998887900000000162e+00,-2.804504099999999833e-01,7.269790299999999705e-01
1.339660699999999949e+01,-2.996257599999999854e+00,-2.721514899999999959e-01,7.368096400000000434e-01
1.341645399999999988e+01,-3.002026600000000212e+00,-3.794844600000000234e-01,7.069306199999999540e-01
1.341558799999999962e+01,-3.010273999999999894e+00,-3.705656199999999845e-01,7.035057300000000513e-01
1.342635899999999971e+01,-3.006977599999999917e+00,-3.947932699999999739e-01,7.068791599999999509e-01
1.336491400000000063e+01,-2.990578100000000017e+00,-3.294427899999999854e-01,6.881340799999999813e-01
1.338164300000000040e+01,-2.980817599999999956e+00,-3.217717399999999728e-01,7.149630200000000047e-01
1.333664899999999953e+01,-2.961327900000000124e+00,-3.885746999999999951e-01,6.620831400000000144e-01
1.333171800000000040e+01,-2.965073600000000198e+00,-3.936442099999999944e-01,6.571458799999999600e-01
1.333652999999999977e+01,-2.957346999999999948e+00,-3.723342299999999883e-01,6.750041799999999537e-01
1.334643600000000063e+01,-2.946218599999999910e+00,-3.781712500000000143e-01,6.711738600000000110e-01
1.331922600000000045e+01,-2.952399300000000171e+00,-3.315574800000000155e-01,6.792116799999999843e-01
1.332993500000000076e+01,-2.947842699999999816e+00,-3.368463300000000271e-01,6.718539000000000039e-01
1.331599899999999970e+01,-2.966872099999999790e+00,-2.904172300000000262e-01,6.667651900000000076e-01
1.331386200000000031e+01,-2.953334499999999974e+00,-3.383825899999999831e-01,6.644033700000000486e-01
1.330986500000000028e+01,-2.961927100000000035e+00,-3.057709599999999805e-01,6.687658300000000056e-01
1.332102899999999934e+01,-2.950091899999999878e+00,-3.427142000000000244e-01,6.556179600000000551e-01
1.330320500000000017e+01,-2.946356499999999823e+00,-3.733797500000000102e-01,6.645481300000000147e-01
1.330993499999999941e+01,-2.956115800000000071e+00,-3.853562200000000271e-01,6.313805399999999901e-01
1.320508700000000069e+01,-2.960613400000000173e+00,-1.879363599999999968e-01,6.347928000000000459e-01
1.321546200000000049e+01,-2.953721499999999889e+00,-2.027468199999999943e-01,6.388215699999999497e-01
1.320283300000000004e+01,-2.962307500000000093e+00,-1.995456300000000016e-01,6.389800199999999819e-01
1.319998299999999958e+01,-2.956859699999999869e+00,-2.096901899999999985e-01,6.303306699999999818e-01
1.319919699999999985e+01,-2.944785200000000103e+00,-1.892652800000000080e-01,6.464842899999999615e-01
1.319414599999999993e+01,-2.960372200000000120e+00,-1.715424999999999867e-01,6.411050299999999647e-01
1.317301600000000050e+01,-2.962048799999999815e+00,-1.332120699999999880e-01,6.432311899999999527e-01
1.306592500000000001e+01,-2.955163199999999879e+00,-9.494584500000000094e-02,6.028882599999999536e-01
1.301365599999999922e+01,-2.931417900000000021e+00,-1.695191400000000126e-01,5.631833200000000428e-01
1.364960199999999979e+01,-3.131822600000000012e+00,-5.211552099999999799e-01,8.324120699999999484e-01
1.362211699999999936e+01,-3.100976600000000083e+00,-4.327839700000000178e-01,8.673760600000000043e-01
1.361688299999999963e+01,-3.106068300000000004e+00,-4.094883200000000167e-01,8.724435699999999461e-01
1.361766100000000002e+01,-3.109083299999999994e+00,-4.167359999999999953e-01,8.693841199999999825e-01
1.338991099999999967e+01,-2.970560199999999984e+00,-4.869199100000000113e-01,6.561937399999999698e-01
1.348840900000000076e+01,-3.035792199999999941e+00,-3.502075900000000130e-01,7.765790099999999585e-01
1.348406999999999911e+01,-3.031445300000000120e+00,-4.522888199999999803e-01,7.365956299999999457e-01
1.348789200000000044e+01,-3.043553000000000175e+00,-4.941880200000000056e-01,7.251017600000000396e-01
1.349502900000000061e+01,-3.040407699999999824e+00,-4.925009200000000087e-01,7.254250100000000367e-01
1.346410499999999999e+01,-3.019200699999999848e+00,-3.936500800000000133e-01,7.375505999999999451e-01
1.321615599999999979e+01,-2.949996599999999969e+00,-2.082814100000000002e-01,6.414712999999999665e-01
1.325831600000000066e+01,-2.923150000000000137e+00,-3.870171600000000267e-01,6.153106600000000093e-01
1.324755099999999963e+01,-2.942501800000000056e+00,-3.196379999999999777e-01,6.302027500000000337e-01
1.335311100000000017e+01,-2.975311500000000109e+00,-3.280482499999999857e-01,6.938380100000000050e-01
1.336888899999999936e+01,-2.971443499999999904e+00,-3.662128299999999892e-01,6.835151600000000105e-01
1.339435899999999968e+01,-2.990977099999999833e+00,-3.735114900000000016e-01,6.968353099999999856e-01
1.330124299999999948e+01,-2.940584299999999818e+00,-3.789558199999999988e-01,6.476902799999999516e-01
1.328601500000000080e+01,-2.962013400000000019e+00,-3.210302400000000222e-01,6.613345699999999550e-01
1.337401000000000018e+01,-2.994165000000000187e+00,-3.384707800000000266e-01,7.100060900000000341e-01
1.338841999999999999e+01,-3.003812899999999786e+00,-3.363893800000000156e-01,7.097076399999999730e-01
1.338978299999999955e+01,-3.003196899999999836e+00,-3.361596900000000110e-01,7.098508000000000040e-01
1.355745600000000017e+01,-3.072958799999999879e+00,-5.075168100000000404e-01,7.534794299999999501e-01
1.334899700000000067e+01,-2.960741800000000090e+00,-3.218385699999999905e-01,6.821330300000000291e-01
1.337482499999999952e+01,-2.988973999999999798e+00,-3.305820899999999951e-01,7.071178500000000477e-01
1.322838999999999920e+01,-2.932735500000000162e+00,-3.270665899999999904e-01,6.290430900000000269e-01
1.312921599999999955e+01,-2.918144700000000036e+00,-2.411310700000000029e-01,6.009240099999999529e-01
1.304684899999999992e+01,-2.912833599999999912e+00,-2.216967800000000099e-01,5.685673700000000164e-01
1.307760900000000071e+01,-2.919468300000000127e+00,-1.954250800000000010e-01,5.849947800000000475e-01
1.307637700000000081e+01,-2.942984000000000044e+00,-1.603274600000000050e-01,5.884790600000000538e-01
1.311215999999999937e+01,-2.911167999999999978e+00,-2.740569099999999869e-01,5.892011400000000121e-01
1.331367900000000049e+01,-2.956252500000000172e+00,-3.174100300000000097e-01,6.567441600000000212e-01
1.328389699999999962e+01,-2.944238700000000097e+00,-3.681224900000000244e-01,6.388640500000000166e-01
1.328805499999999995e+01,-2.938534799999999780e+00,-3.773985799999999835e-01,6.363613000000000186e-01
1.326793200000000006e+01,-2.944237199999999888e+00,-3.786458699999999955e-01,6.329517099999999452e-01
1.327406000000000041e+01,-2.951621400000000062e+00,-3.844796200000000219e-01,6.267356099999999985e-01
1.333580399999999955e+01,-2.949809399999999915e+00,-3.196423299999999745e-01,6.800310999999999995e-01
1.338837799999999945e+01,-2.982676300000000058e+00,-3.692723800000000112e-01,6.877374800000000121e-01
1.335525999999999947e+01,-2.980944699999999781e+00,-4.119617799999999996e-01,6.501472400000000151e-01
1.345406200000000041e+01,-3.027815899999999782e+00,-3.442901600000000117e-01,7.211843700000000190e-01
1.342413299999999943e+01,-3.014076499999999825e+00,-3.318931999999999993e-01,7.166985900000000242e-01
1.361139900000000047e+01,-3.084788599999999992e+00,-5.741519099999999876e-01,7.942494100000000445e-01
1.361606800000000028e+01,-3.120903399999999994e+00,-4.645975900000000047e-01,8.187349600000000116e-01
1.363165500000000030e+01,-3.103120600000000007e+00,-4.917987400000000120e-01,8.564887500000000209e-01
1.361847799999999964e+01,-3.102955099999999966e+00,-4.723333100000000062e-01,8.451658199999999566e-01
1.331282700000000041e+01,-2.940513999999999850e+00,-3.502580299999999980e-01,6.668151799999999518e-01
1.338417800000000035e+01,-2.991025399999999834e+00,-3.367400400000000182e-01,7.091113599999999684e-01
1.328749999999999964e+01,-2.931106400000000001e+00,-3.881918300000000155e-01,6.253500199999999509e-01
1.325148500000000062e+01,-2.951564600000000205e+00,-2.742185300000000159e-01,6.589994300000000527e-01
1.333828899999999962e+01,-2.960244400000000109e+00,-4.107101400000000013e-01,6.667241799999999996e-01
1.335776100000000000e+01,-2.962069300000000016e+00,-4.056155900000000258e-01,6.621104599999999563e-01
1.338726300000000080e+01,-2.990993899999999872e+00,-3.320127500000000231e-01,7.015359100000000403e-01
1.337779600000000002e+01,-2.979420100000000016e+00,-3.942965099999999889e-01,6.915186800000000522e-01
1.343067600000000006e+01,-3.007958900000000213e+00,-3.589528900000000244e-01,7.186202600000000107e-01
1.328969099999999948e+01,-2.941907099999999886e+00,-3.642877400000000265e-01,6.466771999999999521e-01
1.327726799999999940e+01,-2.939702099999999874e+00,-3.405957800000000146e-01,6.533287100000000347e-01
1.326309600000000088e+01,-2.948120400000000085e+00,-3.415440800000000277e-01,6.437784899999999810e-01
1.328352100000000036e+01,-2.940107600000000154e+00,-3.333179099999999950e-01,6.483121800000000157e-01
1.329110900000000051e+01,-2.943094900000000180e+00,-3.230656000000000083e-01,6.535514900000000127e-01
1.329472799999999921e+01,-2.935739299999999830e+00,-3.258210400000000062e-01,6.595883099999999555e-01
1.339144800000000046e+01,-2.994277900000000159e+00,-3.652009600000000189e-01,6.846918899999999697e-01
1.350215700000000041e+01,-3.020987700000000054e+00,-4.605526999999999815e-01,7.423580800000000313e-01
1.353346100000000085e+01,-3.044461500000000154e+00,-4.788579800000000164e-01,7.310113400000000095e-01
1.352140600000000070e+01,-3.044583999999999957e+00,-4.767659300000000044e-01,7.384691899999999976e-01
1.346809200000000040e+01,-3.016196299999999830e+00,-4.455822700000000025e-01,7.164821999999999580e-01
1.351876099999999958e+01,-3.035306900000000141e+00,-4.235232199999999780e-01,7.540076000000000001e-01
1.343835600000000063e+01,-3.010442799999999863e+00,-4.432733099999999760e-01,7.271668799999999599e-01
1.342461800000000061e+01,-3.022349499999999800e+00,-3.719042900000000262e-01,7.345738400000000334e-01
1.341357499999999980e+01,-3.022115400000000118e+00,-3.733430899999999886e-01,7.361495300000000519e-01
1.342447499999999927e+01,-2.996782599999999963e+00,-4.145479499999999984e-01,7.206192200000000048e-01
1.346937400000000018e+01,-3.007283000000000150e+00,-4.629087100000000010e-01,7.149835799999999519e-01
1.348295700000000075e+01,-3.033470700000000075e+00,-4.518718099999999849e-01,7.326955000000000551e-01
1.347358099999999936e+01,-3.013369400000000198e+00,-5.015421300000000304e-01,7.172703999999999747e-01
1.346471999999999980e+01,-3.028401800000000144e+00,-4.046139999999999737e-01,7.154761899999999564e-01
1.303862499999999969e+01,-2.935363900000000026e+00,-1.662890700000000110e-01,5.850540300000000027e-01
1.307028299999999987e+01,-2.945196000000000147e+00,-1.690661199999999864e-01,5.916924799999999651e-01
1.314464000000000077e+01,-2.926138799999999929e+00,-2.032006399999999879e-01,6.247405200000000214e-01
1.329314899999999966e+01,-2.959889200000000109e+00,-3.604178000000000104e-01,6.454986799999999914e-01
1.343803600000000031e+01,-3.007509600000000116e+00,-3.779831599999999847e-01,7.103999699999999917e-01
1.342657200000000017e+01,-2.998297299999999943e+00,-3.805235699999999777e-01,7.073727800000000343e-01
1.342775499999999944e+01,-3.022212199999999793e+00,-2.984934300000000040e-01,7.630043499999999979e-01
1.328850800000000021e+01,-2.950925499999999868e+00,-3.584277599999999842e-01,6.476258900000000374e-01
1.341343700000000005e+01,-3.001444799999999802e+00,-3.476104500000000153e-01,7.066370499999999888e-01
1.348314500000000038e+01,-3.034065000000000012e+00,-4.452894800000000153e-01,7.330823800000000334e-01
1.361787700000000001e+01,-3.107058700000000062e+00,-4.825373800000000157e-01,8.184506999999999755e-01
1.357512200000000036e+01,-3.087205700000000164e+00,-4.615957099999999924e-01,8.007372699999999455e-01
1.335642600000000080e+01,-2.967590799999999973e+00,-3.727031000000000094e-01,6.694865500000000136e-01
1.327291100000000057e+01,-2.946346800000000155e+00,-2.759515699999999794e-01,6.532307899999999501e-01
1.326296499999999945e+01,-2.943740899999999883e+00,-2.988833900000000265e-01,6.584286799999999884e-01
1.327283300000000033e+01,-2.956493899999999897e+00,-3.001597300000000135e-01,6.383171800000000395e-01
1.329878899999999931e+01,-2.952263900000000163e+00,-3.038935500000000123e-01,6.824564400000000530e-01
1.335554600000000036e+01,-2.994113000000000024e+00,-3.093909300000000084e-01,6.946643500000000415e-01
1.332366799999999962e+01,-2.962805900000000214e+00,-3.028545899999999791e-01,6.797293699999999994e-01
1.333577999999999975e+01,-2.966442100000000082e+00,-2.686511699999999947e-01,6.950705700000000542e-01
1.332725800000000049e+01,-2.970173500000000022e+00,-2.750742400000000254e-01,6.959345500000000406e-01
1.310035200000000088e+01,-2.900251900000000216e+00,-2.683819100000000013e-01,5.882316800000000345e-01
1.309148300000000020e+01,-2.902148599999999856e+00,-2.936059300000000150e-01,5.719505599999999967e-01
1.315531999999999968e+01,-2.905811100000000202e+00,-2.526297000000000126e-01,6.107760700000000043e-01
1.314806300000000050e+01,-2.914775699999999858e+00,-2.721624200000000160e-01,6.074782699999999869e-01
1.344605600000000045e+01,-2.994857600000000009e+00,-3.800924500000000261e-01,7.201122399999999590e-01
1.341802500000000009e+01,-2.988982399999999817e+00,-3.804893599999999987e-01,7.330950299999999809e-01
1.335010699999999950e+01,-2.960470799999999958e+00,-3.304787699999999773e-01,6.799244599999999528e-01
1.333108400000000060e+01,-2.958961599999999859e+00,-3.413037800000000010e-01,6.789634399999999737e-01
1.334656400000000076e+01,-2.977809099999999987e+00,-3.837670400000000037e-01,6.630439700000000380e-01
1.342397099999999988e+01,-2.996255099999999949e+00,-3.654365299999999817e-01,7.331560299999999586e-01
1.340437900000000049e+01,-3.003595600000000143e+00,-4.053555999999999826e-01,6.908467000000000358e-01
1.339747200000000049e+01,-3.004326999999999970e+00,-4.056273000000000239e-01,6.908117499999999467e-01
1.349465900000000040e+01,-3.047738299999999789e+00,-3.919695499999999999e-01,7.521056900000000489e-01
1.350139599999999973e+01,-3.042750299999999797e+00,-4.065410999999999886e-01,7.584257399999999594e-01
1.359752199999999966e+01,-3.113873200000000008e+00,-4.553095200000000231e-01,8.237564000000000553e-01
1.350064099999999989e+01,-3.034197100000000091e+00,-4.770421100000000192e-01,7.120252200000000142e-01
1.347696799999999939e+01,-3.018968999999999792e+00,-4.922004500000000116e-01,7.106105000000000338e-01
1.337437500000000057e+01,-2.987361100000000214e+00,-3.287149100000000268e-01,7.044882999999999562e-01
1.339591000000000065e+01,-2.960624800000000167e+00,-3.641816099999999889e-01,7.071371800000000318e-01
1.340273999999999965e+01,-2.989078500000000194e+00,-3.703652100000000003e-01,6.992557400000000145e-01
1.342095600000000033e+01,-2.987282399999999782e+00,-3.718338800000000055e-01,7.002273500000000261e-01
1.338626299999999958e+01,-2.987203099999999889e+00,-3.629484199999999938e-01,7.080825299999999878e-01
1.340688800000000036e+01,-3.001280799999999971e+00,-3.580746100000000154e-01,6.931084299999999976e-01
1.346563899999999947e+01,-3.008980000000000210e+00,-4.494496299999999889e-01,7.084066500000000266e-01
1.344981499999999919e+01,-3.013278899999999982e+00,-4.475056299999999876e-01,7.107170900000000513e-01
1.346164600000000000e+01,-3.004221199999999925e+00,-4.586444199999999971e-01,7.090260000000000451e-01
1.348093700000000084e+01,-3.019934000000000118e+00,-3.424831500000000140e-01,7.495622800000000252e-01
1.347515100000000032e+01,-3.020752400000000115e+00,-3.470771300000000115e-01,7.508305899999999644e-01
1.345185400000000087e+01,-3.025627899999999926e+00,-3.317088200000000153e-01,7.669569999999999999e-01
1.347127300000000005e+01,-3.019748299999999830e+00,-3.307582600000000261e-01,7.696263500000000146e-01
1.350679799999999986e+01,-3.046934400000000043e+00,-2.609554099999999988e-01,8.007308699999999835e-01
1.349817200000000028e+01,-3.045803999999999956e+00,-2.767996999999999819e-01,8.058363899999999580e-01
1.350380099999999928e+01,-3.044097499999999901e+00,-2.814533399999999963e-01,8.079837600000000508e-01
1.345152299999999990e+01,-3.018068200000000090e+00,-3.174224299999999777e-01,7.684220099999999887e-01
1.346090799999999987e+01,-3.026532599999999906e+00,-3.083728499999999761e-01,7.596457800000000482e-01
1.344053599999999982e+01,-3.007107500000000044e+00,-3.510084500000000274e-01,7.331812300000000171e-01
1.346199499999999993e+01,-3.003862600000000160e+00,-3.440987500000000088e-01,7.363241600000000053e-01
1.342443699999999929e+01,-3.006701200000000185e+00,-3.448877900000000274e-01,7.369069000000000313e-01
1.334730000000000061e+01,-2.960480599999999907e+00,-3.578051199999999765e-01,6.860850299999999846e-01
1.335004200000000019e+01,-2.958751700000000096e+00,-3.836731199999999786e-01,6.759382400000000235e-01
1.338358500000000006e+01,-2.997881599999999924e+00,-3.385287599999999841e-01,6.960363499999999704e-01
1.338735600000000048e+01,-2.994661199999999912e+00,-3.413959100000000246e-01,6.917600600000000099e-01
1.352105700000000077e+01,-3.043041099999999943e+00,-4.716892500000000044e-01,7.698713200000000256e-01
1.345042899999999975e+01,-3.020396900000000162e+00,-4.230241200000000035e-01,6.954123899999999914e-01
1.343029600000000023e+01,-3.020756299999999950e+00,-4.427987400000000240e-01,6.923676699999999906e-01
1.349712599999999973e+01,-3.047614900000000127e+00,-4.395756499999999845e-01,7.456475200000000081e-01
1.352813300000000041e+01,-3.053875099999999954e+00,-4.166280199999999878e-01,8.023273100000000158e-01
1.351920299999999919e+01,-3.063821100000000186e+00,-3.863046299999999822e-01,7.815912699999999491e-01
1.352517399999999981e+01,-3.055987000000000009e+00,-4.597962400000000227e-01,7.610819399999999568e-01
1.351379400000000075e+01,-3.040777400000000075e+00,-4.710645700000000158e-01,7.558046499999999668e-01
1.368915400000000027e+01,-3.151543799999999784e+00,-5.364381099999999680e-01,8.542456600000000178e-01
1.323600899999999925e+01,-2.934027299999999894e+00,-2.841508899999999893e-01,6.281424300000000294e-01
1.326282100000000064e+01,-2.942206899999999958e+00,-3.575143900000000152e-01,6.161656100000000302e-01
1.323468899999999948e+01,-2.941776500000000016e+00,-2.354141299999999992e-01,6.454939100000000041e-01
1.323816599999999966e+01,-2.942111199999999815e+00,-2.314290800000000092e-01,6.448494099999999563e-01
1.315781899999999993e+01,-2.933388900000000188e+00,-2.550269800000000142e-01,5.962421199999999866e-01
1.327028199999999991e+01,-2.967214499999999866e+00,-2.451742799999999944e-01,6.525248700000000346e-01
1.325073100000000004e+01,-2.968850400000000000e+00,-2.524471200000000248e-01,6.551173300000000532e-01
1.347214699999999965e+01,-3.036665800000000193e+00,-4.308872999999999731e-01,7.101544899999999716e-01
1.347670699999999933e+01,-3.038938700000000104e+00,-4.295153700000000074e-01,7.075200000000000378e-01
1.345107299999999917e+01,-3.031458499999999834e+00,-3.981951000000000240e-01,7.263334599999999863e-01
1.347004199999999940e+01,-3.012994500000000020e+00,-4.229534600000000033e-01,7.229450400000000387e-01
1.322752200000000045e+01,-2.937697800000000026e+00,-2.972527699999999995e-01,6.309858299999999698e-01
1.323076499999999989e+01,-2.925267199999999956e+00,-2.958124799999999888e-01,6.348192299999999566e-01
1.345129200000000047e+01,-3.011254300000000050e+00,-4.088788199999999762e-01,7.196165399999999712e-01
1.347618699999999947e+01,-3.015633499999999856e+00,-4.690333500000000155e-01,7.161979800000000118e-01
1.342694000000000010e+01,-2.992379699999999865e+00,-4.552842799999999857e-01,6.907242500000000396e-01
1.322814400000000035e+01,-2.937209699999999923e+00,-2.738320100000000146e-01,6.319597599999999815e-01
1.347031100000000059e+01,-3.016741800000000140e+00,-3.900337099999999779e-01,7.318949399999999939e-01
1.337286600000000014e+01,-2.981795299999999926e+00,-3.936523900000000187e-01,6.802837900000000548e-01
1.336781700000000050e+01,-2.982480100000000078e+00,-3.881577600000000183e-01,6.803445299999999474e-01
1.338641699999999979e+01,-2.974058499999999938e+00,-3.940740300000000196e-01,6.854100899999999719e-01
1.337058399999999914e+01,-2.976906000000000052e+00,-3.975964200000000059e-01,6.788412700000000521e-01
1.336861900000000070e+01,-2.968457400000000135e+00,-4.015633100000000066e-01,6.792764500000000316e-01
1.338773400000000002e+01,-2.994346800000000197e+00,-4.174059700000000150e-01,6.797785299999999920e-01
1.329029599999999967e+01,-2.959372800000000137e+00,-2.653072499999999945e-01,6.649035300000000204e-01
1.323812500000000014e+01,-2.931751100000000054e+00,-2.742062800000000244e-01,6.483844300000000116e-01
1.324018700000000059e+01,-2.923043999999999976e+00,-2.749423999999999757e-01,6.481585300000000105e-01
1.328593000000000046e+01,-2.960803100000000132e+00,-2.913674499999999723e-01,6.492625499999999938e-01
1.349317199999999950e+01,-3.030766900000000152e+00,-4.238841700000000046e-01,7.409274099999999530e-01
1.344791400000000081e+01,-3.013624099999999917e+00,-4.265687300000000071e-01,7.141106600000000082e-01
1.337408300000000061e+01,-2.999237899999999790e+00,-3.303628699999999752e-01,6.903194200000000169e-01
1.342925999999999931e+01,-2.994328799999999902e+00,-3.223845000000000183e-01,7.279545499999999780e-01
1.347211800000000004e+01,-3.031130800000000125e+00,-4.242819700000000083e-01,7.438362899999999556e-01
1.326573699999999967e+01,-2.950051000000000201e+00,-3.000562500000000243e-01,6.434720999999999913e-01
1.351544400000000046e+01,-3.048835799999999985e+00,-4.225729400000000080e-01,7.622562899999999475e-01
1.346709700000000076e+01,-3.013000799999999924e+00,-4.090190699999999846e-01,7.441777899999999502e-01
1.344437300000000057e+01,-3.023115100000000055e+00,-3.175706200000000257e-01,7.408510999999999846e-01
1.343950300000000020e+01,-3.009411200000000175e+00,-3.638236000000000248e-01,7.259230399999999639e-01
1.353006899999999924e+01,-3.055619200000000202e+00,-5.019128999999999952e-01,7.562339999999999618e-01
1.361686399999999963e+01,-3.100364900000000201e+00,-5.056349399999999772e-01,8.070724799999999810e-01
1.361938199999999988e+01,-3.101812300000000189e+00,-5.397538600000000297e-01,8.131700800000000173e-01
1.363117599999999996e+01,-3.103582199999999958e+00,-5.278292199999999879e-01,8.184574999999999489e-01
1.360389600000000065e+01,-3.100667699999999805e+00,-5.368170500000000178e-01,8.161759899999999623e-01
1.345163499999999956e+01,-3.025575799999999926e+00,-3.793856199999999790e-01,7.386302799999999724e-01
1.334270599999999973e+01,-2.969727300000000181e+00,-4.007242400000000093e-01,6.633037800000000095e-01
1.323549000000000042e+01,-2.948889600000000222e+00,-2.918298500000000018e-01,6.442068699999999870e-01
1.344932499999999997e+01,-3.026992799999999928e+00,-3.415345599999999870e-01,7.372757500000000075e-01
1.344945200000000085e+01,-3.012382699999999858e+00,-3.743852300000000133e-01,7.538636399999999460e-01
1.339994899999999944e+01,-3.002632499999999816e+00,-3.331975400000000143e-01,7.068186699999999822e-01
1.332272999999999996e+01,-2.969942599999999988e+00,-3.438317599999999863e-01,6.584370400000000290e-01
1.329767000000000010e+01,-2.977827000000000002e+00,-3.150971599999999873e-01,6.451130400000000265e-01
1.327233400000000074e+01,-2.958140199999999886e+00,-2.994335499999999928e-01,6.521959000000000506e-01
1.325327099999999980e+01,-2.932222400000000118e+00,-3.273433000000000037e-01,6.310881400000000196e-01
1.322744600000000048e+01,-2.940414800000000106e+00,-2.977355600000000102e-01,6.277803699999999765e-01
1.341892499999999977e+01,-3.002412399999999870e+00,-3.708856899999999901e-01,7.123852400000000307e-01
1.346434999999999960e+01,-3.006018599999999985e+00,-4.190002400000000238e-01,7.198132000000000419e-01
1.345268699999999917e+01,-3.006942299999999957e+00,-4.188219300000000089e-01,7.206915400000000194e-01
1.342787299999999995e+01,-3.010135000000000005e+00,-4.063678399999999802e-01,7.037463600000000152e-01
1.345946200000000026e+01,-3.002878400000000170e+00,-4.188231800000000171e-01,7.373036699999999666e-01
1.345552200000000020e+01,-3.008948399999999967e+00,-4.121732200000000068e-01,7.262611700000000114e-01
1.344486799999999960e+01,-3.002440299999999951e+00,-4.181883499999999865e-01,7.203004499999999810e-01
1.328070899999999988e+01,-2.953119500000000119e+00,-3.211912800000000234e-01,6.471962300000000390e-01
1.329215100000000049e+01,-2.948600400000000121e+00,-3.216299300000000083e-01,6.484604999999999952e-01
1.331502099999999977e+01,-2.949905699999999964e+00,-3.435672200000000065e-01,6.624382699999999957e-01
1.337001599999999968e+01,-2.971019599999999983e+00,-3.213461100000000181e-01,7.094371699999999503e-01
1.330220199999999942e+01,-2.974719700000000078e+00,-2.757907600000000237e-01,6.679430100000000037e-01
1.317267599999999916e+01,-2.925603300000000129e+00,-3.091903999999999764e-01,5.978622700000000290e-01
1.311542000000000030e+01,-2.896506200000000142e+00,-2.990953199999999979e-01,5.800364500000000367e-01
1.329545899999999925e+01,-2.959989199999999876e+00,-2.446501100000000040e-01,6.922473399999999888e-01
1.336443500000000029e+01,-2.973189200000000199e+00,-4.261870700000000012e-01,6.657682799999999901e-01
1.329199400000000075e+01,-2.973795299999999919e+00,-2.298859500000000056e-01,6.691872199999999715e-01
1.340619099999999975e+01,-3.008180199999999971e+00,-3.577801400000000243e-01,7.169800499999999799e-01
1.341545900000000024e+01,-3.004398399999999913e+00,-4.175665900000000152e-01,7.034581199999999646e-01
1.327419500000000063e+01,-2.950486800000000187e+00,-3.585289999999999866e-01,6.396547700000000392e-01
1.345403199999999977e+01,-3.011007000000000211e+00,-3.328934599999999744e-01,7.485390100000000047e-01
1.347752999999999979e+01,-3.035859400000000097e+00,-4.086062699999999936e-01,7.473292599999999952e-01
1.349119499999999938e+01,-3.053111100000000189e+00,-4.281768799999999819e-01,7.391317699999999657e-01
1.347968499999999992e+01,-3.020408199999999876e+00,-4.086212699999999809e-01,7.592735900000000537e-01
1.344387500000000024e+01,-3.018470799999999787e+00,-4.277667299999999839e-01,7.059950600000000076e-01
1.331418900000000072e+01,-2.971023800000000215e+00,-2.958591899999999941e-01,6.557024200000000080e-01
1.330416999999999916e+01,-2.962105199999999883e+00,-2.889676999999999940e-01,6.806379500000000471e-01
1.323089099999999974e+01,-2.944122399999999917e+00,-2.676273200000000019e-01,6.454223900000000125e-01
1.328433799999999998e+01,-2.961095900000000114e+00,-3.008614700000000197e-01,6.609972899999999596e-01
1.316806000000000054e+01,-2.923259100000000110e+00,-2.661253599999999775e-01,6.177099700000000526e-01
1.318880000000000052e+01,-2.932193900000000131e+00,-2.241575500000000110e-01,6.300236599999999854e-01
1.354773299999999914e+01,-3.060589699999999969e+00,-4.929780599999999957e-01,7.602317299999999944e-01
1.348814100000000060e+01,-3.040539900000000184e+00,-5.079508600000000040e-01,7.108335599999999754e-01
1.305281399999999969e+01,-2.890810500000000172e+00,-2.407397199999999904e-01,5.780197900000000333e-01
1.293499500000000069e+01,-2.904250300000000173e+00,-2.364082399999999917e-01,5.202288000000000467e-01
1.294906399999999991e+01,-2.904432900000000206e+00,-1.483155800000000024e-01,5.567508700000000088e-01
1.288695599999999963e+01,-2.916677299999999917e+00,-1.060813300000000015e-01,5.427062299999999562e-01
1.315065700000000071e+01,-2.940454799999999924e+00,-1.919380199999999870e-01,6.187246299999999977e-01
1.304685699999999926e+01,-2.906718500000000205e+00,-2.095796799999999904e-01,5.747805799999999854e-01
1.303624600000000022e+01,-2.922385999999999928e+00,-2.135474499999999998e-01,5.641602199999999900e-01
1.310359099999999977e+01,-2.916932099999999917e+00,-1.981924100000000133e-01,6.008677399999999835e-01
1.326181099999999979e+01,-2.953542600000000018e+00,-3.021365799999999879e-01,6.336687100000000239e-01
1.326052999999999926e+01,-2.953769100000000147e+00,-3.028729600000000244e-01,6.368920200000000031e-01
1.331097100000000033e+01,-2.958984899999999918e+00,-2.794219099999999956e-01,6.847709299999999999e-01
1.334428800000000059e+01,-2.970366799999999863e+00,-2.624415999999999971e-01,7.145318600000000187e-01
1.336045499999999997e+01,-2.969216600000000206e+00,-2.706345299999999843e-01,7.081599600000000327e-01
1.337141500000000072e+01,-2.968124500000000054e+00,-2.763154199999999783e-01,7.077475800000000428e-01
1.349350300000000047e+01,-3.015727200000000163e+00,-4.884491799999999828e-01,7.353318399999999588e-01
1.349771699999999974e+01,-3.026178799999999836e+00,-4.769711200000000262e-01,7.333877600000000552e-01
1.349414200000000008e+01,-3.039294400000000174e+00,-4.948037699999999761e-01,7.288729600000000142e-01
1.351554100000000069e+01,-3.062440800000000074e+00,-4.006042400000000003e-01,7.870589099999999450e-01
1.353781200000000062e+01,-3.039611999999999981e+00,-4.239989200000000014e-01,7.787490099999999638e-01
1.352030300000000018e+01,-3.042213499999999904e+00,-4.375860200000000200e-01,7.836432300000000239e-01
1.346257400000000004e+01,-3.028503300000000120e+00,-4.254616299999999796e-01,7.181837199999999699e-01
1.346775300000000009e+01,-3.018677499999999903e+00,-4.353328300000000040e-01,7.162408200000000003e-01
1.346723000000000070e+01,-3.016358599999999779e+00,-3.908996299999999979e-01,7.325871800000000045e-01
1.350794100000000064e+01,-3.039095399999999891e+00,-3.887524099999999927e-01,7.713291199999999792e-01
1.351911999999999914e+01,-3.042991600000000130e+00,-4.325117099999999937e-01,7.697782600000000475e-01
1.346930000000000049e+01,-3.016866299999999779e+00,-3.974796999999999914e-01,7.565565899999999733e-01
1.347897799999999968e+01,-3.016832899999999817e+00,-4.105392900000000012e-01,7.467949799999999971e-01
1.337887100000000018e+01,-2.995055400000000034e+00,-3.743189399999999889e-01,6.954293799999999859e-01
1.327868299999999913e+01,-2.953821599999999936e+00,-3.109054900000000066e-01,6.569540600000000063e-01
1.327509700000000059e+01,-2.944003799999999949e+00,-3.098106600000000155e-01,6.399471899999999991e-01
1.330553600000000003e+01,-2.948685499999999848e+00,-3.788149800000000234e-01,6.446379500000000151e-01
1.334059899999999921e+01,-2.958031099999999913e+00,-4.260288300000000250e-01,6.362096200000000312e-01
1.343892600000000037e+01,-2.997123799999999783e+00,-3.941179000000000210e-01,7.162977000000000372e-01
1.341492000000000040e+01,-3.004009299999999882e+00,-3.747075000000000267e-01,7.062991600000000370e-01
1.324962499999999999e+01,-2.966971099999999861e+00,-2.332339900000000021e-01,6.490455600000000214e-01
1.334978800000000021e+01,-2.973755999999999844e+00,-4.097199699999999889e-01,6.590663300000000335e-01
1.329107499999999931e+01,-2.939254899999999893e+00,-3.584498500000000143e-01,6.484356700000000195e-01
1.328290999999999933e+01,-2.961195099999999858e+00,-3.220565799999999812e-01,6.483542700000000103e-01
1.329588700000000046e+01,-2.950443400000000160e+00,-2.912677499999999919e-01,6.657830000000000137e-01
1.323034499999999980e+01,-2.954531400000000030e+00,-2.700079100000000176e-01,6.400432000000000343e-01
1.316404700000000005e+01,-2.964181500000000025e+00,-1.756991199999999864e-01,6.247696600000000045e-01
1.309530499999999975e+01,-2.925279300000000138e+00,-2.527946699999999991e-01,5.759030600000000222e-01
1.313978600000000085e+01,-2.920986000000000082e+00,-2.688665399999999872e-01,5.895295299999999683e-01
1.324276500000000034e+01,-2.939826099999999887e+00,-2.381310500000000108e-01,6.486122800000000410e-01
1.350618799999999986e+01,-3.040917400000000104e+00,-4.548604099999999928e-01,7.628941000000000194e-01
1.352462099999999978e+01,-3.036748600000000131e+00,-4.626400299999999799e-01,7.485373699999999797e-01
1.349830799999999975e+01,-3.028182199999999824e+00,-4.408031700000000219e-01,7.439561700000000277e-01
1.335967600000000033e+01,-2.968207899999999899e+00,-3.504433299999999973e-01,6.817399100000000045e-01
1.335464400000000040e+01,-2.971541699999999953e+00,-3.477071199999999807e-01,6.796475800000000289e-01
1.337120400000000053e+01,-2.974424200000000074e+00,-3.436495800000000100e-01,6.975986100000000079e-01
1.336787099999999917e+01,-2.972019700000000153e+00,-3.481541799999999798e-01,6.945709500000000203e-01
1.330192599999999992e+01,-2.983242600000000078e+00,-2.692890900000000087e-01,6.821429599999999649e-01
1.335804699999999912e+01,-2.980297900000000055e+00,-3.275728299999999815e-01,6.697399499999999728e-01
1.332950400000000002e+01,-2.958244399999999885e+00,-3.356225600000000142e-01,6.644771999999999901e-01
1.341693099999999994e+01,-2.998411100000000218e+00,-3.997272399999999837e-01,7.141543700000000383e-01
1.342850199999999994e+01,-2.989745899999999956e+00,-4.096226900000000115e-01,7.010548399999999569e-01
1.341537800000000047e+01,-2.989712400000000159e+00,-4.073979099999999742e-01,7.019779000000000435e-01
1.346241200000000049e+01,-3.023399299999999901e+00,-4.178359400000000168e-01,7.316326399999999452e-01
1.346386099999999963e+01,-3.014034800000000125e+00,-4.043564199999999942e-01,7.262911199999999567e-01
1.328111499999999978e+01,-2.958471799999999874e+00,-3.037908100000000222e-01,6.534373999999999461e-01
1.329114200000000068e+01,-2.956693700000000202e+00,-3.012206700000000237e-01,6.511462599999999767e-01
1.328060499999999955e+01,-2.947705500000000089e+00,-3.231777599999999806e-01,6.574486999999999970e-01
1.327712400000000059e+01,-2.946694599999999831e+00,-2.971782700000000221e-01,6.588207400000000158e-01
1.332716600000000007e+01,-2.964651400000000159e+00,-2.723465700000000100e-01,6.824943300000000379e-01
1.335136100000000070e+01,-2.973978400000000022e+00,-3.902926400000000240e-01,6.714164400000000033e-01
1.346028100000000016e+01,-3.008710000000000218e+00,-4.275071200000000182e-01,7.142518300000000320e-01
1.344288200000000089e+01,-3.016345299999999785e+00,-4.129502299999999737e-01,7.300434000000000090e-01
1.345873800000000031e+01,-3.011301800000000028e+00,-4.118372200000000039e-01,7.225742099999999946e-01
1.343975099999999934e+01,-3.017880799999999919e+00,-4.166269200000000117e-01,7.122705799999999865e-01
1.334764999999999979e+01,-2.972610200000000091e+00,-3.371450699999999912e-01,6.867397899999999611e-01
1.338407100000000050e+01,-2.991084600000000204e+00,-4.026199599999999990e-01,6.791327499999999517e-01
1.325352900000000034e+01,-2.935489000000000015e+00,-2.421043099999999892e-01,6.574043899999999496e-01
1.322510899999999978e+01,-2.955832399999999804e+00,-2.601385099999999895e-01,6.332080500000000223e-01
1.347764300000000048e+01,-3.021208500000000186e+00,-3.788802800000000137e-01,7.630800199999999700e-01
1.349701699999999960e+01,-3.025262099999999954e+00,-3.734104300000000154e-01,7.572350300000000312e-01
1.353459800000000079e+01,-3.067268200000000000e+00,-4.663260599999999867e-01,7.586078099999999935e-01
1.349566399999999966e+01,-3.036503800000000197e+00,-4.164591599999999949e-01,7.407537600000000388e-01
1.326806900000000056e+01,-2.954007900000000131e+00,-3.202977100000000132e-01,6.414517699999999767e-01
1.327655799999999964e+01,-2.948751999999999818e+00,-3.431834300000000115e-01,6.335965999999999543e-01
1.325987899999999975e+01,-2.956758400000000009e+00,-3.462031199999999753e-01,6.308229400000000542e-01
1.326685799999999915e+01,-2.950044500000000181e+00,-3.466479599999999772e-01,6.287328699999999992e-01
1.327075699999999969e+01,-2.933651199999999903e+00,-3.575232600000000094e-01,6.349189100000000030e-01
1.338005500000000048e+01,-2.997087200000000173e+00,-2.982544200000000201e-01,7.158854599999999735e-01
1.339547199999999982e+01,-3.005032700000000112e+00,-2.962392300000000200e-01,7.142201099999999636e-01
1.343826199999999993e+01,-2.999157499999999921e+00,-4.267759500000000150e-01,7.110771799999999754e-01
1.347765599999999964e+01,-2.993618899999999972e+00,-4.385373900000000269e-01,7.340759000000000034e-01
1.343575799999999987e+01,-3.015137300000000131e+00,-4.378547899999999937e-01,7.118236599999999692e-01
1.339622499999999938e+01,-2.990631099999999876e+00,-4.228510200000000219e-01,6.912848299999999613e-01
1.341346300000000014e+01,-2.998587500000000183e+00,-4.035944599999999882e-01,6.980384099999999981e-01
1.335062500000000085e+01,-2.969668599999999881e+00,-3.160386600000000268e-01,6.900690800000000014e-01
1.334210799999999963e+01,-2.968367499999999826e+00,-2.924976300000000085e-01,6.982196899999999484e-01
1.342594300000000018e+01,-2.979193200000000097e+00,-4.502179700000000229e-01,6.878662300000000229e-01
1.344458599999999926e+01,-3.005298100000000083e+00,-4.006107199999999757e-01,7.284192699999999521e-01
1.359130900000000075e+01,-3.083811999999999998e+00,-4.773071700000000028e-01,8.111949099999999913e-01
1.360656400000000055e+01,-3.092086699999999855e+00,-4.836899399999999849e-01,8.230471299999999601e-01
1.357120500000000085e+01,-3.085280899999999882e+00,-4.990782599999999958e-01,7.874970599999999710e-01
1.360552200000000056e+01,-3.077230500000000202e+00,-5.323946299999999798e-01,8.003619199999999489e-01
1.359670400000000079e+01,-3.098926399999999859e+00,-5.217719800000000241e-01,7.966770199999999580e-01
1.359795899999999946e+01,-3.100900400000000001e+00,-5.206498200000000409e-01,7.945418199999999542e-01
1.360106299999999990e+01,-3.100850100000000165e+00,-5.314160500000000287e-01,7.903181099999999626e-01
1.343609400000000065e+01,-2.998195899999999803e+00,-3.730501399999999745e-01,7.278625199999999573e-01
1.342157399999999967e+01,-3.017163899999999899e+00,-3.849078100000000169e-01,7.078260199999999447e-01
1.350027000000000044e+01,-3.043991099999999950e+00,-3.985224700000000175e-01,7.747910199999999969e-01
1.350599500000000042e+01,-3.043123800000000045e+00,-3.905339899999999975e-01,7.741823300000000296e-01
1.348688100000000034e+01,-3.025535300000000039e+00,-4.135707800000000267e-01,7.369068800000000419e-01
1.348676500000000011e+01,-3.023037099999999811e+00,-4.334131900000000037e-01,7.326553900000000175e-01
1.328300100000000050e+01,-2.960252999999999801e+00,-3.577904000000000084e-01,6.439547199999999805e-01
1.313919199999999954e+01,-2.954233299999999840e+00,-2.268617599999999956e-01,6.076078299999999599e-01
1.332114299999999929e+01,-2.958131600000000194e+00,-3.463141699999999767e-01,6.584265400000000046e-01
1.331168000000000085e+01,-2.947060000000000013e+00,-3.637832300000000130e-01,6.636611500000000330e-01
1.333749599999999980e+01,-2.967394599999999993e+00,-3.878365100000000232e-01,6.510489699999999491e-01
1.339336199999999977e+01,-2.986013199999999923e+00,-3.894816999999999863e-01,6.941053600000000046e-01
1.339957700000000074e+01,-2.982343499999999814e+00,-3.851900300000000166e-01,6.985575099999999926e-01
1.341508100000000070e+01,-3.009611000000000036e+00,-3.053497000000000017e-01,7.350845700000000482e-01
1.329717100000000052e+01,-2.976787799999999873e+00,-2.056319000000000063e-01,6.848334200000000260e-01
1.328881600000000063e+01,-2.976834699999999945e+00,-2.119298900000000097e-01,6.828579500000000468e-01
1.311201600000000056e+01,-2.922013499999999819e+00,-2.037707500000000005e-01,6.026818600000000137e-01
1.313135699999999950e+01,-2.908336999999999950e+00,-2.338410499999999947e-01,6.071488000000000440e-01
1.345781500000000008e+01,-3.018412000000000095e+00,-3.681562199999999785e-01,7.419648199999999694e-01
1.339853199999999944e+01,-3.006407900000000133e+00,-3.259753699999999865e-01,7.253527300000000011e-01
1.331411300000000075e+01,-2.969163599999999903e+00,-3.458473100000000189e-01,6.620272600000000063e-01
1.338664900000000024e+01,-2.980754199999999798e+00,-3.195665400000000100e-01,6.950042600000000403e-01
1.336333400000000005e+01,-2.987232399999999899e+00,-2.918009999999999771e-01,7.045866600000000313e-01
1.340048499999999976e+01,-2.993205999999999811e+00,-3.690180100000000074e-01,6.993638699999999986e-01
1.339929399999999937e+01,-3.007037099999999796e+00,-3.569333299999999931e-01,6.958871300000000204e-01
1.330549700000000080e+01,-2.936546400000000112e+00,-3.458574799999999949e-01,6.640557400000000055e-01
1.324128200000000000e+01,-2.959533899999999829e+00,-2.948691199999999846e-01,6.198087500000000194e-01
1.325346500000000027e+01,-2.960438700000000090e+00,-2.629884200000000005e-01,6.394948599999999983e-01
1.323989399999999961e+01,-2.962912600000000118e+00,-2.685695399999999955e-01,6.414810399999999468e-01
1.321699399999999969e+01,-2.929202999999999779e+00,-2.351661300000000010e-01,6.417223300000000075e-01
1.320112300000000083e+01,-2.946896900000000041e+00,-2.351477800000000007e-01,6.364865199999999446e-01
1.319652100000000061e+01,-2.904625999999999930e+00,-3.725925700000000118e-01,6.067685400000000229e-01
1.319900299999999937e+01,-2.906009599999999971e+00,-3.765281400000000112e-01,6.102881199999999895e-01
1.320012799999999942e+01,-2.912371400000000055e+00,-3.650334800000000213e-01,6.087925800000000276e-01
1.323389899999999919e+01,-2.911678499999999836e+00,-3.332759900000000219e-01,6.278307300000000035e-01
1.326398799999999945e+01,-2.961754899999999857e+00,-3.160304099999999838e-01,6.374749199999999449e-01
1.328852999999999973e+01,-2.943160199999999893e+00,-3.437694199999999922e-01,6.579929100000000419e-01
1.322974600000000045e+01,-2.940216700000000127e+00,-3.278871099999999816e-01,6.189707199999999743e-01
1.331089399999999934e+01,-2.949131899999999806e+00,-3.580656300000000236e-01,6.616900599999999688e-01
1.333274399999999993e+01,-2.956458399999999820e+00,-3.803900299999999901e-01,6.485806499999999808e-01
1.333429899999999968e+01,-2.956036500000000178e+00,-3.825262500000000121e-01,6.510000400000000020e-01
1.335282300000000077e+01,-2.957725899999999797e+00,-3.347894799999999726e-01,6.777058099999999641e-01
1.336907000000000068e+01,-2.967873200000000100e+00,-3.309785700000000275e-01,6.730748600000000526e-01
1.334683700000000073e+01,-2.972938699999999823e+00,-3.443976999999999733e-01,6.692798300000000200e-01
1.332246199999999980e+01,-2.963178999999999785e+00,-2.959094299999999733e-01,6.842098800000000480e-01
1.347761700000000040e+01,-3.008876499999999954e+00,-4.559807399999999955e-01,7.215676399999999546e-01
1.346003999999999934e+01,-3.028943799999999964e+00,-4.566147799999999979e-01,7.106975700000000007e-01
1.322882899999999928e+01,-2.949782100000000185e+00,-2.309253900000000082e-01,6.521575400000000355e-01
1.332508200000000009e+01,-2.958557700000000068e+00,-3.813232899999999814e-01,6.613786000000000387e-01
1.343096000000000068e+01,-2.999981700000000195e+00,-3.486039300000000063e-01,7.214829299999999668e-01
1.344754999999999967e+01,-3.010435999999999890e+00,-3.476060400000000050e-01,7.274768600000000029e-01
1.345308099999999918e+01,-3.010874600000000179e+00,-3.509697500000000248e-01,7.282370500000000524e-01
1.343152000000000079e+01,-3.013203199999999971e+00,-3.631125099999999994e-01,7.278650199999999737e-01
1.332615099999999941e+01,-2.947040900000000185e+00,-4.374325199999999914e-01,6.431498199999999832e-01
1.335210499999999989e+01,-2.966307099999999863e+00,-4.049873399999999735e-01,6.574678900000000548e-01
1.336009899999999995e+01,-2.962731600000000132e+00,-3.694839200000000212e-01,6.808568999999999871e-01
1.340407100000000007e+01,-2.984076400000000184e+00,-3.642227199999999998e-01,7.110674700000000348e-01
1.340023399999999931e+01,-2.993782599999999849e+00,-3.412035299999999771e-01,7.075771100000000091e-01
1.337747799999999998e+01,-2.979265900000000133e+00,-3.725203899999999790e-01,6.829622899999999719e-01
1.331235500000000016e+01,-2.959131999999999874e+00,-2.793014600000000014e-01,6.781991499999999728e-01
1.331147900000000028e+01,-2.959278499999999923e+00,-3.451151700000000266e-01,6.576991699999999996e-01
1.331432700000000047e+01,-2.948672999999999877e+00,-3.660551799999999800e-01,6.596563600000000527e-01
1.362357300000000038e+01,-3.109246300000000129e+00,-4.980254499999999807e-01,8.328267999999999782e-01
1.361899400000000071e+01,-3.115060999999999858e+00,-4.998405699999999841e-01,8.419578899999999866e-01
1.365362099999999934e+01,-3.129977400000000021e+00,-5.105297800000000441e-01,8.250710599999999673e-01
1.363271699999999953e+01,-3.128279700000000219e+00,-5.176711499999999688e-01,8.262039399999999700e-01
1.362974299999999950e+01,-3.099350400000000061e+00,-5.770553899999999459e-01,8.059411300000000056e-01
1.362911300000000026e+01,-3.099235699999999927e+00,-5.805683099999999763e-01,8.089619000000000115e-01
1.363793700000000086e+01,-3.125847499999999890e+00,-5.681053499999999534e-01,8.116014000000000284e-01
1.367139700000000069e+01,-3.140949099999999827e+00,-5.246493199999999746e-01,8.656315599999999666e-01
1.362585999999999942e+01,-3.106487800000000021e+00,-5.063328000000000273e-01,8.285999400000000348e-01
1.345067300000000010e+01,-2.997201599999999910e+00,-4.167430300000000143e-01,7.060471600000000070e-01
1.344650999999999996e+01,-2.998334299999999786e+00,-4.248687400000000225e-01,6.977035499999999502e-01
1.341421599999999970e+01,-3.003057699999999830e+00,-4.465876100000000237e-01,6.960996600000000090e-01
1.343201900000000037e+01,-2.991122799999999859e+00,-5.045925300000000391e-01,7.002185300000000057e-01
1.343066100000000063e+01,-2.992200599999999877e+00,-5.059063999999999783e-01,6.997117600000000159e-01
1.343573499999999932e+01,-2.986957900000000166e+00,-4.624495699999999765e-01,6.981476199999999688e-01
1.344927299999999981e+01,-3.002562800000000198e+00,-4.728166899999999839e-01,6.943810500000000552e-01
1.345569000000000059e+01,-3.000259699999999974e+00,-4.858296300000000123e-01,6.903895399999999682e-01
1.348467899999999986e+01,-3.039831099999999786e+00,-3.647997299999999887e-01,7.682324499999999556e-01
1.350884100000000032e+01,-3.042637399999999825e+00,-3.478322500000000095e-01,7.793020600000000186e-01
1.349123100000000086e+01,-3.030657600000000063e+00,-3.835610400000000197e-01,7.736506100000000163e-01
1.351101099999999988e+01,-3.036835299999999904e+00,-4.031392200000000203e-01,7.537103200000000447e-01
1.311498100000000022e+01,-2.889589899999999822e+00,-2.684219299999999753e-01,6.041186400000000400e-01
1.312774100000000033e+01,-2.889072899999999944e+00,-2.659945000000000226e-01,6.022354399999999552e-01
1.345257199999999997e+01,-3.002340400000000020e+00,-4.216080400000000172e-01,7.181107899999999988e-01
1.346566200000000002e+01,-3.018781800000000182e+00,-4.540082599999999968e-01,7.106511199999999695e-01
1.342133600000000015e+01,-2.992910699999999924e+00,-4.105232100000000273e-01,7.025332800000000377e-01
1.355560099999999935e+01,-3.067067300000000163e+00,-4.738757100000000055e-01,7.782134099999999943e-01
1.357869299999999946e+01,-3.086723600000000012e+00,-4.426940600000000003e-01,7.949258200000000052e-01
1.356372200000000028e+01,-3.088480899999999973e+00,-4.372613799999999773e-01,8.009647699999999926e-01
1.358396399999999993e+01,-3.093017300000000080e+00,-4.412142900000000090e-01,7.953799499999999467e-01
1.359200500000000034e+01,-3.074418200000000212e+00,-4.981462600000000074e-01,8.183213400000000082e-01
1.359694200000000031e+01,-3.092618199999999984e+00,-5.059488500000000055e-01,8.042667799999999589e-01
1.355331200000000003e+01,-3.066405500000000117e+00,-4.685011800000000171e-01,7.801700200000000196e-01
1.358502799999999944e+01,-3.084475299999999809e+00,-4.873934100000000269e-01,7.962020899999999735e-01
1.333044600000000024e+01,-2.959637900000000155e+00,-3.400642400000000176e-01,6.604061100000000462e-01
1.313535199999999925e+01,-2.929943699999999929e+00,-2.632749799999999918e-01,6.060328099999999774e-01
1.361752700000000083e+01,-3.082463000000000175e+00,-5.064327400000000479e-01,8.020830100000000407e-01
1.359233300000000000e+01,-3.085703500000000155e+00,-5.093613299999999455e-01,7.990543700000000138e-01
1.358564600000000056e+01,-3.078707200000000199e+00,-4.717631199999999803e-01,8.092079500000000092e-01
1.357529599999999981e+01,-3.072611199999999876e+00,-4.903612700000000157e-01,7.774750999999999745e-01
1.343211900000000014e+01,-3.003302399999999928e+00,-3.919513199999999919e-01,7.198322099999999724e-01
1.351472799999999985e+01,-3.054566100000000173e+00,-4.387497300000000044e-01,7.475255200000000544e-01
1.315170900000000032e+01,-2.910498200000000146e+00,-2.611115900000000045e-01,6.168977500000000225e-01
1.333050000000000068e+01,-2.973438600000000154e+00,-2.880808599999999942e-01,6.729809100000000432e-01
1.331435699999999933e+01,-2.972824199999999806e+00,-3.099861199999999761e-01,6.752523799999999854e-01
1.326636300000000013e+01,-2.951781200000000105e+00,-3.020256099999999999e-01,6.375906500000000365e-01
1.324939299999999953e+01,-2.946643900000000205e+00,-3.273591000000000140e-01,6.393347999999999809e-01
1.329346299999999914e+01,-2.939426500000000164e+00,-2.951920900000000181e-01,6.570007500000000222e-01
1.345803500000000064e+01,-3.020344899999999999e+00,-4.379406200000000027e-01,7.255943799999999833e-01
1.346196499999999929e+01,-3.025037699999999941e+00,-4.402405699999999977e-01,7.256564599999999476e-01
1.354208000000000034e+01,-3.061281399999999930e+00,-4.971061700000000139e-01,7.524427999999999672e-01
1.353340500000000013e+01,-3.047212099999999868e+00,-5.069550400000000234e-01,7.313335399999999487e-01
1.350388599999999961e+01,-3.051391399999999976e+00,-4.718796599999999786e-01,7.388927299999999976e-01
1.350779200000000024e+01,-3.042659599999999909e+00,-4.763864899999999958e-01,7.117014499999999577e-01
1.350350199999999923e+01,-3.008934899999999857e+00,-4.596635199999999921e-01,7.431109299999999473e-01
1.347998300000000071e+01,-3.027388800000000213e+00,-4.515957099999999835e-01,7.395341800000000410e-01
1.349444500000000069e+01,-3.031854000000000049e+00,-4.891030399999999889e-01,7.479463899999999610e-01
1.331935600000000086e+01,-2.962971299999999975e+00,-2.906871200000000210e-01,6.880134500000000264e-01
1.337882600000000011e+01,-2.976007500000000139e+00,-3.536826900000000218e-01,6.964604100000000297e-01
1.341210599999999964e+01,-2.999470000000000081e+00,-3.684016500000000249e-01,7.126855100000000220e-01
1.342247099999999982e+01,-2.993970500000000090e+00,-4.402587199999999923e-01,6.824921999999999933e-01
1.342974000000000068e+01,-2.991304099999999799e+00,-4.386666399999999966e-01,7.001587999999999701e-01
1.342701899999999959e+01,-3.001411699999999794e+00,-3.816041199999999911e-01,7.141991500000000048e-01
1.340765000000000029e+01,-3.004789699999999897e+00,-3.972840899999999786e-01,6.889850600000000380e-01
1.340501700000000085e+01,-2.985762400000000039e+00,-3.692918399999999823e-01,7.108761000000000108e-01
1.338363700000000023e+01,-2.987303799999999843e+00,-3.785100100000000078e-01,6.985493200000000291e-01
1.356893600000000077e+01,-3.071064699999999981e+00,-4.821176999999999824e-01,7.791886000000000090e-01
1.357662200000000041e+01,-3.075429300000000143e+00,-4.947691900000000254e-01,7.721176600000000390e-01
1.357939400000000063e+01,-3.075458499999999873e+00,-4.432767100000000182e-01,7.990473500000000451e-01
1.357418299999999967e+01,-3.066573800000000016e+00,-4.583848699999999998e-01,8.044428900000000215e-01
1.356278099999999931e+01,-3.071348099999999803e+00,-4.574342599999999814e-01,7.964248400000000228e-01
1.354608499999999971e+01,-3.065688699999999933e+00,-4.924305299999999774e-01,7.643097800000000497e-01
1.344381399999999971e+01,-3.006313800000000036e+00,-3.646387500000000115e-01,7.221707600000000227e-01
1.353181799999999946e+01,-3.050609199999999799e+00,-4.934817100000000178e-01,7.463922200000000506e-01
1.355264099999999949e+01,-3.060077800000000181e+00,-5.128402399999999473e-01,7.585145300000000201e-01
1.356450199999999917e+01,-3.071869200000000077e+00,-4.917088000000000014e-01,7.771232200000000034e-01
1.354226099999999988e+01,-3.062027300000000007e+00,-4.973708000000000018e-01,7.430819100000000121e-01
1.354039099999999962e+01,-3.066293299999999888e+00,-4.875888299999999731e-01,7.418614700000000228e-01
1.353846500000000042e+01,-3.067190500000000153e+00,-4.881423100000000237e-01,7.414080800000000249e-01
1.353518599999999950e+01,-3.041529900000000008e+00,-4.473658200000000251e-01,7.901207700000000278e-01
1.351413800000000087e+01,-3.049917400000000001e+00,-4.559965000000000268e-01,7.803622599999999743e-01
1.324117999999999995e+01,-2.954323700000000219e+00,-3.032188599999999790e-01,6.452607599999999888e-01
1.326013799999999954e+01,-2.954393399999999836e+00,-2.978005699999999867e-01,6.373386699999999960e-01
1.345466099999999976e+01,-3.004254899999999839e+00,-4.217896700000000054e-01,7.241947300000000087e-01
1.345515699999999981e+01,-3.013395899999999905e+00,-4.123415699999999906e-01,7.280159899999999462e-01
1.345285900000000012e+01,-3.016701600000000205e+00,-4.108796699999999746e-01,7.261125899999999467e-01
1.345284900000000050e+01,-3.023822800000000033e+00,-3.673675900000000216e-01,7.349581699999999662e-01
1.346330400000000083e+01,-3.010275899999999893e+00,-3.798339700000000208e-01,7.526670399999999539e-01
1.347703300000000048e+01,-3.037669399999999964e+00,-3.801193900000000014e-01,7.454825299999999766e-01
1.346755899999999961e+01,-3.019591000000000136e+00,-3.983564600000000233e-01,7.544245400000000323e-01
1.348355300000000057e+01,-3.029956100000000152e+00,-3.549178599999999739e-01,7.522900300000000540e-01
1.332687400000000011e+01,-2.967380599999999813e+00,-4.203370000000000162e-01,6.589145400000000485e-01
1.334235199999999999e+01,-2.966088300000000011e+00,-3.691117800000000004e-01,6.615586799999999545e-01
1.323995299999999986e+01,-2.950905000000000111e+00,-2.643306200000000161e-01,6.487910199999999961e-01
1.322416499999999928e+01,-2.939198100000000036e+00,-2.938264800000000010e-01,6.186351399999999723e-01
1.322893299999999961e+01,-2.964656800000000203e+00,-2.956647800000000159e-01,6.304053800000000152e-01
1.320330799999999982e+01,-2.929215899999999984e+00,-2.194314199999999881e-01,6.557486999999999622e-01
1.314774700000000074e+01,-2.954747900000000094e+00,-2.097512199999999882e-01,6.024337699999999796e-01
1.336239499999999936e+01,-2.962010600000000160e+00,-3.957441999999999904e-01,6.858960100000000004e-01
1.338556600000000074e+01,-2.956824600000000025e+00,-3.919825000000000115e-01,6.813278000000000389e-01
1.336295999999999928e+01,-2.976871399999999834e+00,-4.140495299999999990e-01,6.696922499999999889e-01
1.334624499999999969e+01,-2.960465300000000077e+00,-3.615785599999999933e-01,6.691651299999999969e-01
1.331650199999999984e+01,-2.975147799999999787e+00,-3.108954800000000018e-01,6.572989200000000087e-01
1.328181599999999918e+01,-2.938030899999999779e+00,-2.990864999999999774e-01,6.579108299999999465e-01
1.328632299999999944e+01,-2.949130600000000157e+00,-2.753386299999999731e-01,6.587382999999999988e-01
1.329043700000000072e+01,-2.946058799999999867e+00,-2.722401999999999878e-01,6.554516200000000126e-01
1.325407200000000074e+01,-2.944573800000000130e+00,-2.724096500000000032e-01,6.628226900000000477e-01
1.326627200000000073e+01,-2.949287500000000062e+00,-2.703277000000000041e-01,6.419360400000000411e-01
1.329090399999999939e+01,-2.950938799999999862e+00,-3.432571300000000214e-01,6.325780800000000426e-01
1.337816899999999976e+01,-2.978190899999999974e+00,-3.112994099999999986e-01,7.122854699999999761e-01
1.332833499999999916e+01,-2.972853399999999979e+00,-3.283379699999999790e-01,6.529948399999999653e-01
1.323474099999999964e+01,-2.960427399999999931e+00,-2.704599599999999993e-01,6.297827099999999678e-01
1.326291100000000078e+01,-2.952572099999999811e+00,-2.946774899999999864e-01,6.434037200000000123e-01
1.328146800000000027e+01,-2.953742200000000206e+00,-2.835418800000000239e-01,6.490974400000000255e-01
1.323741899999999916e+01,-2.947516799999999826e+00,-2.551277800000000262e-01,6.495263999999999482e-01
1.319974099999999950e+01,-2.935696999999999779e+00,-2.679664399999999724e-01,6.292773499999999576e-01
1.326016699999999915e+01,-2.950360700000000058e+00,-2.279530100000000115e-01,6.569352899999999496e-01
1.332944900000000032e+01,-2.974577099999999863e+00,-3.382128099999999749e-01,6.597891999999999646e-01
1.332362900000000039e+01,-2.982034500000000143e+00,-3.236853299999999933e-01,6.581441799999999676e-01
1.332011400000000023e+01,-2.980351399999999984e+00,-3.253548800000000130e-01,6.644323100000000260e-01
1.329847000000000001e+01,-2.956506300000000032e+00,-3.135204999999999798e-01,6.608797800000000278e-01
1.329846900000000076e+01,-2.960425199999999979e+00,-3.127604199999999834e-01,6.573848399999999703e-01
1.351299500000000009e+01,-3.052380499999999941e+00,-4.346858900000000192e-01,7.598295900000000547e-01
1.351534499999999994e+01,-3.046015500000000209e+00,-4.496499700000000099e-01,7.455286700000000044e-01
1.350653699999999979e+01,-3.048374200000000034e+00,-4.825607599999999775e-01,7.479592299999999749e-01
1.341855999999999938e+01,-2.998044999999999849e+00,-3.582101599999999997e-01,7.428295900000000396e-01
1.342378899999999931e+01,-3.001721299999999815e+00,-3.610069799999999773e-01,7.423440399999999828e-01
1.345434900000000056e+01,-3.001174499999999856e+00,-3.538568500000000006e-01,7.338634699999999622e-01
1.341584199999999960e+01,-3.005354699999999823e+00,-4.252326399999999951e-01,7.059121000000000423e-01
1.343694099999999914e+01,-3.012108599999999914e+00,-3.673798999999999815e-01,7.483250599999999864e-01
1.330609300000000061e+01,-2.950779799999999842e+00,-3.953343000000000274e-01,6.588676999999999451e-01
1.331523699999999977e+01,-2.952508599999999817e+00,-3.886766999999999861e-01,6.535704100000000460e-01
1.330153800000000075e+01,-2.936549700000000040e+00,-4.038073699999999988e-01,6.451284900000000544e-01
1.351880000000000059e+01,-3.035614699999999999e+00,-4.579604999999999926e-01,7.573484099999999719e-01
1.353022900000000028e+01,-3.033693099999999809e+00,-4.527215099999999937e-01,7.617110999999999743e-01
1.348260199999999998e+01,-3.037360099999999896e+00,-4.566848199999999913e-01,7.334660400000000413e-01
1.344958800000000032e+01,-3.007126799999999989e+00,-4.097927100000000045e-01,7.233756900000000156e-01
1.342429899999999954e+01,-3.001615699999999887e+00,-3.717736300000000216e-01,7.047035699999999458e-01
1.340705499999999972e+01,-2.997400100000000123e+00,-3.120716800000000180e-01,7.116139500000000506e-01
1.330115499999999962e+01,-2.954349099999999950e+00,-3.298111799999999816e-01,6.665975100000000042e-01
1.331259000000000015e+01,-2.954852499999999882e+00,-3.269026899999999958e-01,6.483732300000000226e-01
1.360670900000000039e+01,-3.095286000000000204e+00,-5.048505899999999880e-01,7.989957699999999940e-01
1.340774500000000025e+01,-2.998320200000000213e+00,-4.059099899999999983e-01,7.103972200000000514e-01
1.337316099999999963e+01,-2.974201700000000059e+00,-4.066589400000000243e-01,6.557921500000000181e-01
1.332417200000000079e+01,-2.946806000000000036e+00,-4.004856700000000158e-01,6.614028299999999971e-01
1.329842299999999966e+01,-2.970038699999999920e+00,-3.120124000000000231e-01,6.612496100000000432e-01
1.330629599999999968e+01,-2.965252800000000022e+00,-3.347436999999999774e-01,6.470265699999999676e-01
1.331622699999999959e+01,-2.958708300000000069e+00,-3.959504999999999830e-01,6.475472399999999684e-01
1.343961799999999940e+01,-3.012102300000000010e+00,-3.537077599999999822e-01,7.417750400000000521e-01
1.349898999999999916e+01,-3.034020400000000173e+00,-4.647216100000000072e-01,7.306263299999999905e-01
1.341394700000000029e+01,-2.987858199999999798e+00,-3.621640600000000099e-01,7.113520899999999925e-01
1.337899799999999928e+01,-2.984853799999999779e+00,-4.429111900000000102e-01,6.742000099999999607e-01
1.337855300000000014e+01,-2.984183499999999878e+00,-4.434861399999999731e-01,6.755669300000000099e-01
1.338976000000000077e+01,-2.999112199999999895e+00,-3.155523000000000078e-01,7.261095199999999528e-01
1.332473700000000072e+01,-2.949683499999999903e+00,-3.999928300000000214e-01,6.469082499999999625e-01
1.330453600000000058e+01,-2.958820600000000134e+00,-2.702105000000000201e-01,6.762485599999999986e-01
1.334137699999999960e+01,-2.974030899999999811e+00,-3.533909499999999815e-01,6.726133899999999777e-01
1.334142399999999995e+01,-2.972905900000000212e+00,-3.365080200000000188e-01,6.745078500000000199e-01
1.331329400000000085e+01,-2.957798700000000114e+00,-3.242471900000000185e-01,6.710751099999999747e-01
1.329152799999999957e+01,-2.959011299999999789e+00,-2.910474800000000251e-01,6.585071500000000411e-01
1.329080800000000018e+01,-2.959062100000000139e+00,-2.833528200000000052e-01,6.595386800000000438e-01
1.329998800000000081e+01,-2.969385200000000058e+00,-2.622653200000000240e-01,6.655441800000000407e-01
1.334149700000000038e+01,-2.961068500000000103e+00,-2.650019299999999967e-01,7.023838000000000026e-01
1.332864600000000088e+01,-2.960656999999999872e+00,-2.665616100000000044e-01,6.983079700000000001e-01
1.334710800000000042e+01,-2.999010600000000082e+00,-3.234891699999999926e-01,6.621511900000000006e-01
1.333999200000000052e+01,-2.937259500000000134e+00,-3.380019400000000007e-01,6.851653399999999561e-01
1.329374100000000070e+01,-2.980351399999999984e+00,-3.009535300000000246e-01,6.442887000000000475e-01
1.326861800000000002e+01,-2.974912499999999849e+00,-3.039827900000000027e-01,6.403415799999999658e-01
1.328948500000000088e+01,-2.956997199999999992e+00,-3.088490600000000086e-01,6.543303700000000500e-01
1.329943899999999957e+01,-2.958511899999999972e+00,-3.133661699999999994e-01,6.595768400000000531e-01
1.329931400000000075e+01,-2.959979800000000161e+00,-3.484364600000000034e-01,6.496462400000000414e-01
1.342131000000000007e+01,-3.009558600000000084e+00,-3.513875300000000035e-01,7.280638400000000177e-01
1.354489599999999960e+01,-3.057850100000000015e+00,-5.020031999999999828e-01,7.462343000000000171e-01
1.354934800000000017e+01,-3.051982300000000148e+00,-5.255536299999999938e-01,7.436767300000000080e-01
1.324973100000000059e+01,-2.934795799999999844e+00,-3.332369000000000026e-01,6.298826299999999989e-01
1.339363799999999927e+01,-2.993018199999999851e+00,-3.163920700000000252e-01,6.991642999999999608e-01
1.336089400000000005e+01,-2.994986899999999785e+00,-3.126906400000000197e-01,7.042805199999999655e-01
1.341507099999999930e+01,-2.990731400000000040e+00,-4.228559299999999910e-01,6.830542699999999634e-01
1.341168099999999974e+01,-2.987559800000000099e+00,-4.256856399999999763e-01,6.938971000000000444e-01
1.340955699999999950e+01,-2.985887299999999911e+00,-4.201417700000000255e-01,6.924178399999999511e-01
1.341195399999999971e+01,-2.973629600000000206e+00,-4.240962999999999816e-01,7.111186299999999738e-01
1.323994300000000024e+01,-2.935403200000000101e+00,-2.341982499999999967e-01,6.637815400000000032e-01
1.318708700000000000e+01,-2.959411300000000189e+00,-2.043778199999999878e-01,6.314709600000000256e-01
1.318125000000000036e+01,-2.902159999999999851e+00,-2.971081400000000206e-01,6.023438800000000537e-01
1.310511999999999944e+01,-2.936196100000000087e+00,-1.984304299999999910e-01,5.864660000000000428e-01
1.318502499999999955e+01,-2.940842400000000190e+00,-1.982840800000000014e-01,6.249683600000000006e-01
1.310570799999999991e+01,-2.934589599999999798e+00,-2.123318100000000097e-01,5.833936299999999964e-01
1.313858699999999935e+01,-2.929862500000000036e+00,-2.944646200000000102e-01,5.928280099999999608e-01
1.325257599999999947e+01,-2.950934600000000074e+00,-3.101605299999999898e-01,6.345514399999999666e-01
1.327310199999999973e+01,-2.943149500000000085e+00,-2.670268399999999875e-01,6.714915200000000084e-01
1.329429400000000072e+01,-2.982308499999999807e+00,-3.034651800000000010e-01,6.505866599999999833e-01
1.329475399999999929e+01,-2.981145600000000062e+00,-3.124271000000000131e-01,6.562092099999999872e-01
1.330275699999999972e+01,-2.981127100000000141e+00,-3.147266100000000177e-01,6.603463699999999603e-01
1.332239299999999993e+01,-2.980728200000000161e+00,-3.142217800000000061e-01,6.571638300000000044e-01
1.336935800000000008e+01,-2.956718500000000027e+00,-3.959498900000000265e-01,6.975697600000000387e-01
1.337899200000000022e+01,-2.962610800000000211e+00,-3.960454999999999948e-01,6.946751700000000085e-01
1.338937400000000011e+01,-2.976988700000000154e+00,-3.903243699999999761e-01,6.898048900000000039e-01
1.337621700000000047e+01,-2.978545599999999904e+00,-3.872734299999999741e-01,6.770847599999999522e-01
1.343317799999999984e+01,-2.995883699999999816e+00,-3.023295999999999761e-01,7.377604899999999910e-01
1.350447400000000009e+01,-3.042367399999999833e+00,-4.580123300000000230e-01,7.639884500000000411e-01
1.351101300000000016e+01,-3.039449999999999985e+00,-4.620020699999999869e-01,7.633056599999999969e-01
1.350417299999999976e+01,-3.041603100000000115e+00,-4.021661000000000263e-01,7.504142499999999494e-01
1.325174999999999947e+01,-2.954637899999999817e+00,-2.356031299999999939e-01,6.560161700000000096e-01
1.325643099999999919e+01,-2.934673000000000087e+00,-3.466055599999999792e-01,6.303024000000000404e-01
1.357546600000000048e+01,-3.070911600000000075e+00,-4.691388499999999961e-01,7.835621400000000181e-01
1.354724299999999992e+01,-3.058346499999999857e+00,-4.648451499999999847e-01,7.910783500000000412e-01
1.355153600000000047e+01,-3.063084700000000105e+00,-4.410011300000000189e-01,7.864901100000000200e-01
1.352524400000000071e+01,-3.041194899999999812e+00,-4.590402100000000041e-01,7.644736500000000046e-01
1.353888000000000069e+01,-3.042755300000000052e+00,-4.537502400000000269e-01,7.609357399999999716e-01
1.351570599999999978e+01,-3.046067999999999998e+00,-4.627919899999999864e-01,7.568597099999999633e-01
1.345171000000000028e+01,-3.003993599999999820e+00,-4.430423399999999790e-01,7.194941299999999540e-01
1.358149799999999985e+01,-3.091721900000000023e+00,-4.876136799999999938e-01,7.973713799999999630e-01
1.359964300000000037e+01,-3.102470600000000189e+00,-5.258886499999999575e-01,8.049157099999999510e-01
1.360351999999999961e+01,-3.087288099999999869e+00,-5.150685200000000297e-01,7.952246299999999879e-01
1.352873699999999957e+01,-3.046762900000000052e+00,-4.850660299999999814e-01,7.559901799999999561e-01
1.349246100000000048e+01,-3.042431899999999967e+00,-4.287586299999999739e-01,7.639554400000000411e-01
1.350302800000000047e+01,-3.043724300000000049e+00,-4.180400200000000122e-01,7.326939399999999880e-01
1.347630400000000073e+01,-3.035232199999999825e+00,-3.987013500000000099e-01,7.468245900000000104e-01
1.349176300000000062e+01,-3.029109300000000005e+00,-3.772322599999999859e-01,7.628118299999999685e-01
1.348096899999999998e+01,-3.036937800000000021e+00,-3.933523400000000225e-01,7.521059700000000126e-01
1.316639100000000084e+01,-2.947563800000000178e+00,-2.356300899999999865e-01,6.082834499999999478e-01
1.323139300000000063e+01,-2.936060400000000126e+00,-2.399676099999999979e-01,6.551543199999999567e-01
1.324513299999999916e+01,-2.953761000000000081e+00,-2.688947600000000104e-01,6.556865899999999581e-01
1.324705900000000014e+01,-2.965612099999999973e+00,-2.775347400000000020e-01,6.303959999999999564e-01
1.323427900000000079e+01,-2.945328799999999969e+00,-2.808018800000000037e-01,6.364129699999999668e-01
1.318065499999999979e+01,-2.920355799999999835e+00,-3.209679500000000019e-01,6.017307699999999704e-01
1.320212599999999981e+01,-2.947348100000000137e+00,-2.069089799999999923e-01,6.405081099999999639e-01
1.330673099999999920e+01,-2.967614699999999939e+00,-2.973964700000000239e-01,6.762358899999999506e-01
1.329116299999999917e+01,-2.952874200000000116e+00,-3.124894500000000019e-01,6.746175800000000500e-01
1.301010400000000011e+01,-2.961528400000000172e+00,-8.586550199999999633e-02,5.842958200000000213e-01
1.321235500000000052e+01,-2.928048099999999820e+00,-2.805663899999999988e-01,6.386226999999999876e-01
1.339529300000000056e+01,-2.979389400000000077e+00,-3.752241299999999891e-01,7.016351400000000460e-01
1.321714200000000083e+01,-2.914274199999999926e+00,-3.369694599999999984e-01,6.182656499999999999e-01
1.322517299999999985e+01,-2.958036599999999794e+00,-2.338948899999999942e-01,6.412738700000000236e-01
1.327758700000000047e+01,-2.962117999999999807e+00,-2.255180200000000135e-01,6.802090899999999607e-01
1.331983400000000017e+01,-2.981278099999999931e+00,-2.278035200000000093e-01,6.893790300000000038e-01
1.337582300000000046e+01,-2.979171800000000037e+00,-4.425219100000000183e-01,6.680701399999999790e-01
1.338100799999999957e+01,-2.981981000000000215e+00,-3.885428100000000162e-01,6.837758900000000528e-01
1.345394699999999943e+01,-3.022691800000000040e+00,-4.127677100000000099e-01,7.117275699999999761e-01
1.344040799999999969e+01,-3.007257800000000092e+00,-4.516451499999999952e-01,7.126298599999999484e-01
1.345082900000000059e+01,-3.007046700000000072e+00,-4.471642200000000011e-01,7.092072799999999955e-01
1.342678100000000008e+01,-3.006692000000000142e+00,-3.620280699999999796e-01,7.241423599999999849e-01
1.339131700000000080e+01,-2.988683599999999885e+00,-3.785917899999999836e-01,6.894683999999999813e-01
1.336448500000000017e+01,-2.978634599999999910e+00,-3.524517300000000186e-01,6.904838399999999599e-01
1.336427100000000046e+01,-2.975287999999999933e+00,-3.516329499999999997e-01,6.936313899999999588e-01
1.340514499999999920e+01,-2.997459899999999955e+00,-4.371906600000000087e-01,6.879213899999999660e-01
1.350511900000000054e+01,-3.046130999999999922e+00,-3.656686199999999998e-01,7.718180700000000227e-01
1.345299900000000015e+01,-3.025109800000000071e+00,-3.482681699999999880e-01,7.485848400000000291e-01
1.346840899999999941e+01,-3.021228100000000083e+00,-3.938836700000000191e-01,7.496954200000000013e-01
1.348175600000000074e+01,-3.013037399999999977e+00,-3.915439099999999950e-01,7.606681299999999979e-01
1.349805399999999977e+01,-3.051577599999999890e+00,-4.000785900000000117e-01,7.506599499999999647e-01
1.348571500000000079e+01,-3.051743099999999931e+00,-3.967149700000000001e-01,7.471997900000000303e-01
1.348746200000000073e+01,-3.016278999999999932e+00,-4.519828200000000074e-01,7.605073199999999867e-01
1.348273200000000038e+01,-3.053701300000000174e+00,-4.426923999999999859e-01,7.453292900000000332e-01
1.352755999999999936e+01,-3.054831300000000027e+00,-4.690668399999999849e-01,7.720754800000000362e-01
1.359190800000000010e+01,-3.080324599999999968e+00,-5.446159000000000416e-01,7.623177100000000372e-01
1.352513100000000001e+01,-3.042370399999999808e+00,-4.547238299999999955e-01,7.611967899999999565e-01
1.344946000000000019e+01,-3.007090199999999935e+00,-4.455853100000000122e-01,7.094446899999999889e-01
1.350413400000000053e+01,-3.036330700000000160e+00,-4.476036400000000248e-01,7.352039599999999897e-01
1.307787100000000002e+01,-2.960258399999999845e+00,-1.343773699999999960e-01,5.999494399999999450e-01
1.333094400000000057e+01,-2.945006699999999977e+00,-4.115802299999999914e-01,6.511307600000000306e-01
1.331002999999999936e+01,-2.943858599999999992e+00,-3.719034700000000138e-01,6.598519699999999544e-01
1.322300199999999926e+01,-2.945794600000000152e+00,-1.987876500000000102e-01,6.656381999999999577e-01
1.312116699999999980e+01,-2.965450000000000141e+00,-1.429988799999999949e-01,6.162110400000000432e-01
1.305035099999999915e+01,-2.898585399999999979e+00,-2.194417100000000120e-01,5.753059299999999654e-01
1.329683700000000002e+01,-2.950620799999999821e+00,-2.669870699999999930e-01,6.793137500000000495e-01
1.332844300000000004e+01,-2.971824100000000080e+00,-2.881290100000000187e-01,6.752231699999999837e-01
1.354951800000000084e+01,-3.054505300000000201e+00,-4.502694099999999811e-01,7.642220400000000469e-01
1.352404800000000051e+01,-3.062537400000000076e+00,-4.673169899999999877e-01,7.683170099999999669e-01
1.341293600000000019e+01,-2.991589299999999785e+00,-3.822648699999999788e-01,6.939161400000000146e-01
1.338916200000000067e+01,-2.988033800000000184e+00,-3.654112899999999997e-01,6.983230499999999452e-01
1.338678799999999924e+01,-2.980091499999999893e+00,-4.056076399999999915e-01,6.792857700000000110e-01
1.337432899999999947e+01,-2.976509599999999978e+00,-3.781540500000000193e-01,6.832561000000000329e-01
1.325768000000000058e+01,-2.944199699999999975e+00,-2.511065699999999734e-01,6.584611900000000295e-01
1.337684299999999915e+01,-2.978385999999999978e+00,-4.208556199999999858e-01,6.654084000000000110e-01
1.338009699999999924e+01,-2.977261700000000122e+00,-4.193142400000000047e-01,6.764755599999999758e-01
1.338820100000000046e+01,-2.988338999999999857e+00,-4.271163199999999938e-01,6.665612300000000046e-01
1.336821199999999976e+01,-2.966303499999999982e+00,-4.354853499999999933e-01,6.651386900000000324e-01
1.328253800000000062e+01,-2.959868000000000166e+00,-2.720889499999999961e-01,6.723524499999999904e-01
1.337147299999999994e+01,-2.984109000000000123e+00,-2.819419200000000125e-01,7.125235599999999447e-01
1.342622599999999977e+01,-2.989971699999999899e+00,-4.144028000000000156e-01,6.966065200000000068e-01
1.349000900000000058e+01,-3.028602400000000028e+00,-4.510871799999999765e-01,7.445595400000000197e-01
1.351697599999999966e+01,-3.029635499999999926e+00,-4.684214199999999773e-01,7.429772700000000230e-01
1.349302499999999938e+01,-3.026621099999999842e+00,-5.030581299999999922e-01,7.347254500000000021e-01
1.354187800000000053e+01,-3.053088199999999919e+00,-4.466311099999999978e-01,8.129671499999999718e-01
1.365730899999999970e+01,-3.124090799999999835e+00,-5.694506299999999577e-01,8.557760899999999893e-01
1.365330600000000061e+01,-3.130551200000000200e+00,-5.644561999999999635e-01,8.467551700000000015e-01
1.369780100000000012e+01,-3.164654699999999821e+00,-5.756975300000000129e-01,8.500066899999999537e-01
1.368268899999999988e+01,-3.149701499999999932e+00,-5.343921099999999758e-01,8.647244400000000386e-01
1.356123700000000021e+01,-3.071153199999999917e+00,-5.101050299999999593e-01,7.824276599999999693e-01
1.349173399999999923e+01,-3.029959400000000080e+00,-4.227129900000000107e-01,7.375311300000000347e-01
1.342744599999999977e+01,-2.996090000000000142e+00,-3.964702999999999977e-01,7.055927499999999908e-01
1.349679599999999979e+01,-3.031121600000000083e+00,-4.418532700000000202e-01,7.518739399999999629e-01
1.349605700000000041e+01,-3.029399399999999964e+00,-4.478285100000000130e-01,7.512866499999999448e-01
1.341970899999999922e+01,-2.988835700000000095e+00,-3.792442100000000260e-01,7.107278900000000288e-01
1.333219300000000018e+01,-2.975852600000000070e+00,-3.402213499999999780e-01,6.717927999999999678e-01
1.332910700000000048e+01,-2.972327100000000222e+00,-3.367480099999999865e-01,6.674927000000000499e-01
1.348824199999999962e+01,-3.019182999999999950e+00,-4.417583400000000271e-01,7.430001200000000416e-01
1.345113899999999951e+01,-3.017923199999999806e+00,-4.189581900000000081e-01,7.081612099999999854e-01
1.336626799999999982e+01,-2.986987000000000059e+00,-3.437371900000000258e-01,6.814050200000000279e-01
1.337253600000000020e+01,-2.969498999999999889e+00,-3.849140799999999918e-01,6.803666600000000120e-01
1.335694499999999962e+01,-2.983931399999999901e+00,-3.688156599999999896e-01,6.758492000000000388e-01
1.337153999999999954e+01,-2.966574699999999787e+00,-3.947713400000000261e-01,6.800929700000000189e-01
1.337688099999999913e+01,-2.985599999999999810e+00,-3.738820299999999763e-01,6.818008899999999928e-01
1.338775200000000076e+01,-2.972779599999999967e+00,-3.784663400000000122e-01,6.986414899999999761e-01
1.338361500000000071e+01,-2.976622900000000183e+00,-3.643616900000000158e-01,7.002847800000000511e-01
1.338221099999999986e+01,-2.977228499999999833e+00,-3.605747999999999731e-01,7.019179800000000524e-01
1.315116100000000010e+01,-2.918663399999999797e+00,-2.515027200000000129e-01,6.104288500000000228e-01
1.315045499999999912e+01,-2.930924300000000038e+00,-2.496097300000000019e-01,6.071154500000000009e-01
1.330731600000000014e+01,-2.941509899999999789e+00,-3.592180600000000057e-01,6.486404799999999637e-01
1.327205599999999919e+01,-2.959794800000000059e+00,-3.202096600000000071e-01,6.630526100000000422e-01
1.327898000000000067e+01,-2.958794000000000146e+00,-3.185591700000000026e-01,6.641287700000000349e-01
1.330099799999999988e+01,-2.955247700000000144e+00,-3.135664300000000071e-01,6.606625299999999701e-01
1.333071900000000021e+01,-2.964201399999999875e+00,-3.477607200000000232e-01,6.656967900000000382e-01
1.334148599999999973e+01,-2.964167100000000055e+00,-3.464644399999999846e-01,6.613643399999999950e-01
1.332234200000000079e+01,-2.954067100000000057e+00,-3.596337299999999848e-01,6.760074600000000045e-01
1.347442099999999954e+01,-3.028790600000000222e+00,-4.197245600000000243e-01,7.315946100000000341e-01
1.351608799999999988e+01,-3.038982299999999803e+00,-4.940801100000000168e-01,7.444303500000000184e-01
1.339067499999999988e+01,-3.008734200000000136e+00,-3.242988500000000274e-01,7.054555799999999710e-01
1.339264499999999991e+01,-3.002603399999999922e+00,-3.319876500000000230e-01,7.001352100000000078e-01
1.337769499999999923e+01,-3.001234100000000016e+00,-3.334331400000000167e-01,7.023723099999999997e-01
1.338416800000000073e+01,-3.005066400000000026e+00,-3.235883800000000088e-01,6.998299799999999626e-01
1.337996700000000061e+01,-2.996654400000000162e+00,-3.302228899999999912e-01,6.937053899999999773e-01
1.338913299999999929e+01,-2.993665700000000207e+00,-3.492184400000000188e-01,7.000512300000000243e-01
1.347155899999999917e+01,-3.021327199999999991e+00,-4.289309800000000172e-01,7.315376300000000498e-01
1.350597499999999940e+01,-3.041087699999999838e+00,-3.940328599999999848e-01,7.636836500000000472e-01
1.350749599999999973e+01,-3.035756099999999957e+00,-4.700612200000000018e-01,7.408905500000000366e-01
1.354517300000000013e+01,-3.060913699999999960e+00,-4.814627000000000212e-01,7.612725299999999473e-01
1.354328300000000063e+01,-3.055567200000000039e+00,-5.226647700000000007e-01,7.460794099999999984e-01
1.354964700000000022e+01,-3.051978200000000196e+00,-5.361890400000000056e-01,7.542869199999999719e-01
1.313995899999999928e+01,-2.937857999999999858e+00,-1.906428699999999921e-01,6.157695699999999883e-01
1.318069500000000005e+01,-2.951576499999999825e+00,-1.584753299999999976e-01,6.397359099999999632e-01
1.317939999999999934e+01,-2.959992399999999968e+00,-1.401746700000000012e-01,6.471293999999999658e-01
1.332817900000000044e+01,-2.977150700000000150e+00,-2.871368999999999727e-01,6.703957799999999967e-01
1.339481499999999947e+01,-2.975100499999999926e+00,-4.363362599999999758e-01,7.005568199999999690e-01
1.343549900000000008e+01,-3.006989700000000099e+00,-4.280549100000000107e-01,6.840977799999999887e-01
1.346055300000000088e+01,-3.014333600000000057e+00,-4.454422900000000185e-01,7.153757899999999559e-01
1.327117499999999950e+01,-2.938176799999999922e+00,-2.684019599999999950e-01,6.544078700000000026e-01
1.326399200000000000e+01,-2.941169599999999829e+00,-2.695034800000000175e-01,6.536932899999999824e-01
1.329392900000000033e+01,-2.961325599999999891e+00,-3.401597900000000174e-01,6.394763500000000267e-01
1.353371600000000008e+01,-3.046316000000000024e+00,-4.654663299999999837e-01,7.822678299999999973e-01
1.329089300000000051e+01,-2.924240800000000196e+00,-4.157896700000000001e-01,6.283104800000000045e-01
1.329010700000000078e+01,-2.935155799999999982e+00,-4.165256399999999748e-01,6.142058400000000029e-01
1.328619300000000081e+01,-2.943677600000000005e+00,-3.459055400000000113e-01,6.538527699999999721e-01
1.353409300000000037e+01,-3.051071100000000147e+00,-4.308834100000000222e-01,7.570105099999999698e-01
1.353537299999999988e+01,-3.051166100000000103e+00,-4.281695099999999754e-01,7.571381299999999648e-01
1.343318999999999974e+01,-3.008472100000000093e+00,-3.841326700000000094e-01,6.968733799999999867e-01
1.323080599999999940e+01,-2.949648199999999942e+00,-3.071700499999999723e-01,6.225395799999999813e-01
1.328431999999999924e+01,-2.947404199999999808e+00,-2.906698300000000179e-01,6.629932499999999784e-01
1.339012800000000070e+01,-2.986756499999999814e+00,-3.480495499999999853e-01,7.113418999999999714e-01
1.348308300000000060e+01,-3.020602600000000137e+00,-4.342222800000000160e-01,7.442122399999999693e-01
1.346499500000000005e+01,-3.027350999999999903e+00,-4.660181500000000199e-01,7.098166099999999590e-01
1.320715900000000076e+01,-2.946549399999999874e+00,-1.980807800000000118e-01,6.425923999999999525e-01
1.333595399999999920e+01,-2.968686700000000123e+00,-3.033196100000000173e-01,6.909054599999999713e-01
1.350815399999999933e+01,-3.042731700000000039e+00,-4.723863500000000104e-01,7.362256299999999642e-01
1.350920999999999950e+01,-3.039764499999999980e+00,-5.016979299999999586e-01,7.288024699999999800e-01
1.343993299999999991e+01,-3.023588999999999860e+00,-3.687534700000000276e-01,7.217674200000000484e-01
1.345367000000000068e+01,-3.010855600000000187e+00,-3.668954099999999774e-01,7.336727199999999449e-01
1.339552699999999952e+01,-2.986740199999999845e+00,-3.838307200000000141e-01,7.003628699999999707e-01
1.346729599999999927e+01,-3.019328600000000140e+00,-4.476003000000000065e-01,7.111154499999999823e-01
1.351029600000000030e+01,-3.024411300000000136e+00,-4.744683900000000176e-01,7.379238399999999976e-01
1.344116700000000009e+01,-2.996157800000000204e+00,-3.838020400000000110e-01,7.295150299999999532e-01
1.341222100000000061e+01,-3.000935099999999967e+00,-3.763705299999999809e-01,6.992253200000000390e-01
1.335760600000000053e+01,-2.958660399999999857e+00,-3.673984699999999770e-01,6.899668100000000415e-01
1.338366100000000003e+01,-2.955513999999999974e+00,-3.735315100000000110e-01,7.020046800000000475e-01
1.338543400000000005e+01,-2.953912600000000221e+00,-3.703228000000000075e-01,7.033020300000000224e-01
1.335929699999999976e+01,-2.964029299999999978e+00,-3.622090800000000166e-01,6.928011200000000480e-01
1.335012000000000043e+01,-2.974192099999999783e+00,-3.753122600000000086e-01,6.756200599999999667e-01
1.339075000000000060e+01,-2.969422100000000064e+00,-3.756530000000000147e-01,6.803534500000000262e-01
1.337826599999999999e+01,-2.972390700000000052e+00,-3.813808899999999724e-01,6.802643499999999621e-01
1.333577700000000021e+01,-2.975610599999999994e+00,-2.969630999999999799e-01,6.926705199999999563e-01
1.338363099999999939e+01,-2.979778800000000061e+00,-3.689468599999999876e-01,6.879186200000000362e-01
1.337047300000000050e+01,-2.973472099999999951e+00,-4.055114400000000008e-01,6.790061600000000253e-01
1.339477300000000071e+01,-2.977588799999999924e+00,-4.461872900000000142e-01,6.813453000000000426e-01
1.335197999999999929e+01,-2.989449800000000046e+00,-3.009803300000000181e-01,6.868575900000000178e-01
1.330895899999999976e+01,-2.946101000000000081e+00,-3.375699400000000128e-01,6.642260500000000123e-01
1.328403400000000012e+01,-2.967284999999999950e+00,-2.850465099999999752e-01,6.706008199999999864e-01
1.333944800000000086e+01,-2.965498699999999932e+00,-4.118460299999999741e-01,6.637630399999999709e-01
1.341221299999999950e+01,-2.997861200000000004e+00,-3.890705199999999753e-01,6.966016499999999612e-01
1.341011699999999962e+01,-2.992751300000000114e+00,-3.476774400000000043e-01,7.160383299999999451e-01
1.341089900000000057e+01,-2.991079399999999833e+00,-3.591405300000000134e-01,7.132053200000000315e-01
1.340233699999999928e+01,-3.008964600000000100e+00,-3.531279900000000027e-01,7.031693799999999550e-01
1.341120699999999921e+01,-2.994253300000000007e+00,-3.774575399999999803e-01,7.112004899999999630e-01
1.350653900000000007e+01,-3.036669900000000144e+00,-4.242035100000000059e-01,7.568180899999999989e-01
1.356675199999999926e+01,-3.069590900000000122e+00,-4.522231999999999918e-01,7.919015799999999938e-01
1.356977299999999964e+01,-3.070061100000000209e+00,-4.515192399999999884e-01,7.926065799999999495e-01
1.357002800000000065e+01,-3.077122800000000158e+00,-4.496950800000000248e-01,8.122089300000000511e-01
1.361411799999999950e+01,-3.108256200000000025e+00,-4.642372300000000007e-01,8.215568899999999841e-01
1.361173900000000003e+01,-3.108568099999999834e+00,-4.516521199999999903e-01,8.383393500000000387e-01
1.343720599999999976e+01,-2.994089199999999895e+00,-4.760485899999999937e-01,6.919658400000000542e-01
1.344688799999999951e+01,-2.995741100000000046e+00,-4.771562200000000198e-01,6.855301799999999890e-01
1.343694900000000025e+01,-3.004401899999999959e+00,-4.507616300000000242e-01,6.994715299999999525e-01
1.346335700000000024e+01,-3.023315999999999892e+00,-3.957288299999999759e-01,7.363949800000000323e-01
1.335795800000000000e+01,-2.980852599999999963e+00,-3.291740499999999958e-01,6.835164799999999818e-01
1.331969999999999921e+01,-2.961858400000000113e+00,-3.374062999999999923e-01,6.740295200000000486e-01
1.333600700000000039e+01,-2.967454500000000106e+00,-3.898375600000000274e-01,6.602803900000000503e-01
1.336760699999999957e+01,-2.949041699999999988e+00,-4.057005300000000036e-01,6.784623300000000024e-01
1.337886400000000009e+01,-2.947124200000000194e+00,-4.006025100000000227e-01,6.822211700000000434e-01
1.336952999999999925e+01,-2.950446200000000019e+00,-3.971903900000000043e-01,6.863284299999999893e-01
1.336370199999999997e+01,-2.962657699999999839e+00,-4.088831199999999888e-01,6.765849600000000130e-01
1.330706900000000026e+01,-2.949856000000000034e+00,-3.114960600000000190e-01,6.733970599999999918e-01
1.337051300000000076e+01,-2.968078600000000122e+00,-4.212038100000000118e-01,6.887454899999999602e-01
1.342204699999999917e+01,-2.976526999999999923e+00,-3.990862499999999757e-01,7.005896299999999632e-01
1.341336699999999915e+01,-2.979111300000000018e+00,-3.971312399999999965e-01,7.020205999999999946e-01
1.337970400000000026e+01,-2.977103200000000172e+00,-3.905692800000000187e-01,7.076569200000000226e-01
1.329997499999999988e+01,-2.963225200000000115e+00,-3.864433600000000135e-01,6.493259599999999798e-01
1.333097399999999944e+01,-2.975326100000000196e+00,-3.820694600000000274e-01,6.637889200000000045e-01
1.344316700000000075e+01,-3.018163700000000116e+00,-4.187360600000000210e-01,7.236410300000000184e-01
1.347874200000000044e+01,-3.015518399999999932e+00,-4.219100900000000154e-01,7.250150499999999942e-01
1.327942099999999925e+01,-2.978708099999999970e+00,-2.649779700000000071e-01,6.658469399999999982e-01
1.334172700000000056e+01,-2.981549400000000016e+00,-3.141746200000000155e-01,7.053679299999999763e-01
1.333436599999999927e+01,-2.983677000000000135e+00,-3.216374799999999756e-01,6.809990599999999894e-01
1.336158099999999926e+01,-2.988265699999999914e+00,-3.328826999999999758e-01,6.712668099999999916e-01
1.337991399999999942e+01,-2.963887099999999997e+00,-3.416836600000000002e-01,6.996148899999999893e-01
1.344780300000000040e+01,-3.002324999999999910e+00,-4.616915100000000272e-01,7.264726999999999713e-01
1.344321599999999961e+01,-3.031820699999999924e+00,-4.093724000000000252e-01,7.208932399999999907e-01
1.345224200000000003e+01,-3.019606599999999919e+00,-4.144821899999999726e-01,7.275705000000000089e-01
1.343416599999999939e+01,-2.999638700000000213e+00,-3.848331099999999783e-01,7.155604899999999935e-01
1.342301499999999947e+01,-3.005011300000000052e+00,-3.581732000000000249e-01,7.256220599999999576e-01
1.355859399999999937e+01,-3.067682500000000090e+00,-4.812645799999999974e-01,7.658503899999999920e-01
1.359364300000000014e+01,-3.100178399999999890e+00,-5.039493299999999731e-01,7.963513300000000239e-01
1.356481999999999921e+01,-3.071844099999999855e+00,-4.890275900000000120e-01,7.849178199999999883e-01
1.355558399999999963e+01,-3.069125899999999962e+00,-4.977713799999999855e-01,7.567972299999999874e-01
1.339212799999999959e+01,-2.997956700000000030e+00,-3.289594399999999919e-01,7.053547000000000011e-01
1.339132500000000014e+01,-3.005059399999999936e+00,-3.482192700000000252e-01,6.951293499999999792e-01
1.340892700000000026e+01,-2.999993599999999816e+00,-3.442541499999999810e-01,7.066549699999999934e-01
1.341383899999999940e+01,-2.991153300000000126e+00,-4.110492099999999982e-01,7.062710399999999611e-01
1.346512700000000073e+01,-3.019107400000000219e+00,-3.808092000000000144e-01,7.275130499999999945e-01
1.347735499999999931e+01,-3.004597200000000079e+00,-4.017576900000000006e-01,7.447321099999999472e-01
1.325025899999999979e+01,-2.960842200000000091e+00,-2.604217500000000074e-01,6.345619099999999513e-01
1.326634600000000042e+01,-2.945634099999999922e+00,-2.552311600000000125e-01,6.515884100000000068e-01
1.322544000000000075e+01,-2.953628900000000002e+00,-2.582025399999999804e-01,6.459966200000000214e-01
1.325309900000000063e+01,-2.959810500000000122e+00,-2.784826400000000035e-01,6.310959600000000114e-01
1.336282600000000009e+01,-2.981448799999999899e+00,-3.721083099999999977e-01,6.635052399999999961e-01
1.326671699999999987e+01,-2.956641100000000133e+00,-3.087859800000000154e-01,6.456076400000000381e-01
1.345010199999999934e+01,-3.006786899999999818e+00,-4.225436300000000034e-01,7.181249400000000449e-01
1.346089599999999997e+01,-3.029949499999999851e+00,-3.888186699999999774e-01,7.273598399999999797e-01
1.347040499999999952e+01,-3.024641100000000193e+00,-3.675072999999999812e-01,7.510213300000000425e-01
1.345965900000000026e+01,-3.026154099999999847e+00,-4.207614000000000076e-01,7.145983799999999775e-01
1.346038800000000002e+01,-3.021079600000000198e+00,-4.109325099999999731e-01,7.214237399999999800e-01
1.333769299999999980e+01,-2.952380499999999852e+00,-3.541891799999999924e-01,6.703178300000000034e-01
1.340079000000000065e+01,-2.994554100000000219e+00,-3.652521100000000187e-01,7.036999000000000448e-01
1.338628100000000032e+01,-3.008706099999999939e+00,-3.396213399999999938e-01,6.857365500000000003e-01
1.337361899999999970e+01,-2.985432799999999887e+00,-3.472280600000000050e-01,6.959057600000000399e-01
1.336246900000000082e+01,-2.989129399999999936e+00,-3.441784800000000089e-01,6.971978800000000476e-01
1.332024799999999942e+01,-2.973806000000000171e+00,-3.291859100000000260e-01,6.780448399999999820e-01
1.333794400000000024e+01,-2.965288399999999935e+00,-3.318130699999999877e-01,6.894567099999999726e-01
1.344127800000000050e+01,-2.985440399999999883e+00,-4.136816899999999908e-01,7.116774900000000237e-01
1.343838099999999969e+01,-3.001496099999999778e+00,-3.729396700000000009e-01,7.095004599999999995e-01
1.335727800000000087e+01,-2.974257199999999823e+00,-3.858802199999999960e-01,6.860262999999999778e-01
1.332177899999999937e+01,-2.954666399999999804e+00,-3.600403999999999827e-01,6.576201699999999484e-01
1.340305999999999997e+01,-2.987999299999999803e+00,-3.848092499999999916e-01,7.044014800000000243e-01
1.340376000000000012e+01,-2.985411800000000060e+00,-3.970632599999999734e-01,6.920689500000000161e-01
1.329405200000000065e+01,-2.953022799999999837e+00,-3.011204100000000050e-01,6.692248699999999717e-01
1.335739200000000082e+01,-2.981489199999999951e+00,-3.726825899999999803e-01,6.917190399999999517e-01
1.336231800000000014e+01,-2.982657899999999973e+00,-3.516842800000000158e-01,6.760189300000000179e-01
1.341431200000000068e+01,-3.004277999999999782e+00,-4.317250200000000149e-01,6.878087600000000190e-01
1.343187700000000007e+01,-3.003703999999999930e+00,-4.275161599999999784e-01,6.861675299999999700e-01
1.342194699999999941e+01,-3.005835100000000093e+00,-4.277762800000000087e-01,6.901467900000000100e-01
1.341666099999999950e+01,-3.007553500000000213e+00,-4.116167600000000260e-01,7.045820200000000311e-01
1.334809899999999949e+01,-2.981961800000000107e+00,-3.355512500000000231e-01,6.779942700000000100e-01
1.350147300000000072e+01,-3.039066399999999835e+00,-3.964836899999999997e-01,7.748611199999999588e-01
1.351636399999999938e+01,-3.054613499999999870e+00,-4.018471800000000260e-01,7.602659999999999973e-01
1.360131400000000035e+01,-3.096145499999999995e+00,-4.675550299999999826e-01,8.057234599999999469e-01
1.354144100000000073e+01,-3.045260400000000089e+00,-4.445697499999999858e-01,7.740572199999999903e-01
1.332446799999999953e+01,-2.973600499999999869e+00,-3.373831500000000205e-01,6.677874499999999491e-01
1.344768999999999970e+01,-3.005298199999999920e+00,-3.885448899999999761e-01,7.382147199999999909e-01
1.331044100000000086e+01,-2.962963600000000142e+00,-3.585141299999999864e-01,6.508450599999999753e-01
1.331682900000000025e+01,-2.961314300000000177e+00,-3.678197100000000219e-01,6.467657599999999674e-01
1.331601399999999913e+01,-2.962476399999999899e+00,-3.672049199999999902e-01,6.471416700000000022e-01
1.334773900000000069e+01,-2.954407999999999923e+00,-3.250000100000000058e-01,6.900831099999999996e-01
1.328457200000000071e+01,-2.966066899999999951e+00,-3.254851500000000009e-01,6.381335999999999675e-01
1.321003299999999925e+01,-2.942709999999999937e+00,-3.232531699999999786e-01,6.150602200000000463e-01
1.320014800000000044e+01,-2.918120099999999884e+00,-2.606216199999999983e-01,6.278151199999999488e-01
1.318879599999999996e+01,-2.957349199999999900e+00,-2.380979099999999959e-01,6.253455599999999670e-01
1.320089800000000047e+01,-2.947789000000000215e+00,-2.374333100000000085e-01,6.358848099999999670e-01
1.340342700000000065e+01,-2.992234100000000119e+00,-3.632280399999999743e-01,6.965707100000000374e-01
1.324318099999999987e+01,-2.946803800000000084e+00,-3.024721000000000215e-01,6.252728699999999806e-01
1.323158800000000035e+01,-2.952871500000000093e+00,-2.751209199999999910e-01,6.400964399999999888e-01
1.323209400000000002e+01,-2.950067799999999796e+00,-2.706133000000000011e-01,6.408908199999999722e-01
1.323744300000000074e+01,-2.939932199999999884e+00,-2.721070899999999959e-01,6.369690199999999969e-01
1.317125899999999916e+01,-2.932108799999999960e+00,-2.484738800000000081e-01,6.118135999999999575e-01
1.319876499999999986e+01,-2.951598199999999839e+00,-2.311040099999999986e-01,6.251736199999999855e-01
1.319612799999999986e+01,-2.918084700000000087e+00,-3.288099400000000228e-01,6.017829399999999884e-01
1.329764499999999927e+01,-2.920242200000000121e+00,-4.123780300000000065e-01,6.289149299999999831e-01
1.328310199999999952e+01,-2.922755399999999781e+00,-4.143221400000000054e-01,6.273505400000000121e-01
1.328439999999999976e+01,-2.940359599999999851e+00,-3.799241099999999816e-01,6.361669100000000299e-01
1.325174699999999994e+01,-2.945142399999999938e+00,-2.615000399999999892e-01,6.437003900000000112e-01
1.324040100000000031e+01,-2.942684700000000042e+00,-2.319791800000000070e-01,6.533868200000000348e-01
1.326385600000000053e+01,-2.961754299999999951e+00,-2.841530999999999918e-01,6.491839000000000359e-01
1.342151600000000045e+01,-2.993478500000000153e+00,-4.180216999999999961e-01,7.018883799999999784e-01
1.310853099999999927e+01,-2.933422699999999939e+00,-2.114620700000000020e-01,5.941557499999999825e-01
1.318674299999999988e+01,-2.935042800000000174e+00,-2.667625900000000216e-01,6.158595599999999726e-01
1.345378299999999960e+01,-3.016897900000000021e+00,-4.075632399999999933e-01,7.218138899999999580e-01
1.343218199999999918e+01,-3.004365700000000139e+00,-3.834651900000000113e-01,7.287437799999999521e-01
1.323169299999999993e+01,-2.927078299999999800e+00,-2.629912500000000097e-01,6.397594699999999968e-01
1.333696300000000079e+01,-2.959516799999999837e+00,-2.934599900000000039e-01,6.805249799999999460e-01
1.359641700000000064e+01,-3.095692800000000133e+00,-4.874732999999999983e-01,8.365584900000000435e-01
1.360537899999999922e+01,-3.096109900000000081e+00,-4.744274299999999833e-01,8.276463699999999646e-01
1.361267600000000044e+01,-3.091931699999999950e+00,-4.689708100000000157e-01,8.468082000000000109e-01
1.361266999999999960e+01,-3.115664900000000070e+00,-4.405028100000000224e-01,8.382927999999999491e-01
1.350222899999999981e+01,-3.035706300000000191e+00,-5.188211999999999824e-01,7.075129100000000504e-01
1.352599599999999924e+01,-3.044147600000000065e+00,-4.797320099999999865e-01,7.230439600000000411e-01
1.353949899999999928e+01,-3.046103099999999841e+00,-5.309382200000000163e-01,7.362484000000000250e-01
1.351817100000000060e+01,-3.046742399999999851e+00,-4.894115099999999940e-01,7.455945699999999565e-01
1.356112300000000026e+01,-3.075927800000000101e+00,-5.238016500000000075e-01,7.687705599999999917e-01
1.357671599999999934e+01,-3.071145899999999873e+00,-5.240864800000000212e-01,7.685537999999999537e-01
1.350779799999999931e+01,-3.034814700000000087e+00,-4.330811299999999808e-01,7.492856500000000253e-01
1.348436399999999935e+01,-3.027713599999999783e+00,-4.257532500000000275e-01,7.431321400000000521e-01
1.330794700000000041e+01,-2.952672600000000092e+00,-3.310959500000000277e-01,6.619779199999999975e-01
1.330101100000000081e+01,-2.949718499999999910e+00,-3.105523299999999876e-01,6.530425199999999597e-01
1.344340599999999952e+01,-3.006851099999999999e+00,-4.014092000000000215e-01,7.350853200000000420e-01
1.334009200000000028e+01,-2.973959300000000194e+00,-3.590304100000000220e-01,6.675311200000000333e-01
1.335211499999999951e+01,-2.972595500000000168e+00,-3.717106499999999758e-01,6.682330600000000453e-01
1.335886299999999949e+01,-2.969299100000000191e+00,-3.547535499999999731e-01,6.845329100000000500e-01
1.331670599999999993e+01,-2.965192599999999956e+00,-3.129742699999999989e-01,6.694963800000000020e-01
1.355663700000000027e+01,-3.070934199999999947e+00,-4.903465200000000079e-01,7.641542599999999741e-01
1.353800700000000035e+01,-3.059827299999999806e+00,-4.454890000000000239e-01,7.460327900000000012e-01
1.351518100000000011e+01,-3.048343000000000025e+00,-4.566827199999999864e-01,7.719361599999999823e-01
1.353817699999999924e+01,-3.041629100000000197e+00,-4.585607800000000012e-01,7.633354199999999867e-01
1.333139800000000008e+01,-2.963860100000000219e+00,-3.248159600000000147e-01,6.600351500000000149e-01
1.321556200000000025e+01,-2.927378800000000059e+00,-2.749622600000000139e-01,6.253267399999999920e-01
1.333073199999999936e+01,-2.966678299999999879e+00,-2.614972899999999933e-01,6.947321800000000325e-01
1.342014799999999930e+01,-2.984265399999999957e+00,-4.645874799999999971e-01,6.826993199999999984e-01
1.349976299999999974e+01,-3.041528099999999846e+00,-4.055620899999999862e-01,7.740678500000000017e-01
1.347320099999999954e+01,-3.026742800000000067e+00,-4.246045299999999800e-01,7.421210400000000096e-01
1.341004500000000021e+01,-2.990804400000000030e+00,-3.475139099999999814e-01,7.180745499999999781e-01
1.338685500000000062e+01,-2.999854000000000021e+00,-3.112598799999999888e-01,6.983821500000000349e-01
1.338033199999999923e+01,-3.000481100000000012e+00,-3.098647600000000168e-01,6.995665800000000489e-01
1.338888799999999968e+01,-2.978328900000000168e+00,-3.588601499999999889e-01,6.996534399999999598e-01
1.336573399999999978e+01,-2.984137899999999899e+00,-3.451145899999999989e-01,6.990855900000000345e-01
1.333862500000000040e+01,-2.961670600000000153e+00,-3.573085200000000183e-01,6.672288899999999634e-01
1.339842200000000005e+01,-2.992905700000000113e+00,-3.526525400000000143e-01,7.008981399999999473e-01
1.339559500000000014e+01,-2.980354100000000006e+00,-3.778276400000000201e-01,6.934356799999999987e-01
1.334552700000000058e+01,-2.959254699999999794e+00,-3.554284899999999858e-01,6.687134700000000320e-01
1.333953799999999923e+01,-2.960682799999999837e+00,-2.922427400000000008e-01,7.115601299999999574e-01
1.334544499999999978e+01,-2.964222499999999982e+00,-2.849710300000000140e-01,6.992019400000000218e-01
1.333065799999999967e+01,-2.967081499999999927e+00,-2.860443200000000186e-01,7.028531099999999476e-01
1.332438100000000070e+01,-2.970167599999999908e+00,-3.362467499999999831e-01,6.511216499999999963e-01
1.353945799999999977e+01,-3.054921900000000079e+00,-5.101259599999999894e-01,7.617693500000000117e-01
1.355406900000000014e+01,-3.058530699999999936e+00,-5.156322800000000539e-01,7.612754200000000360e-01
1.356948799999999977e+01,-3.073775799999999947e+00,-5.087366300000000230e-01,7.701347699999999685e-01
1.358818899999999985e+01,-3.085762499999999964e+00,-5.194519899999999746e-01,8.117201200000000449e-01
1.360296100000000052e+01,-3.071844899999999878e+00,-5.215520000000000156e-01,8.124191499999999788e-01
1.359072500000000083e+01,-3.069755199999999906e+00,-5.233470500000000358e-01,8.044069999999999832e-01
1.335316000000000081e+01,-2.987576999999999927e+00,-3.450603099999999812e-01,6.748052799999999518e-01
1.335702399999999912e+01,-2.976727400000000134e+00,-3.511556900000000203e-01,6.803322499999999717e-01
1.332066000000000017e+01,-2.957054700000000036e+00,-3.358869899999999964e-01,6.624596299999999660e-01
1.329988900000000029e+01,-2.953215099999999982e+00,-3.381291100000000105e-01,6.632608599999999521e-01
1.329552400000000034e+01,-2.955486099999999894e+00,-3.392678700000000269e-01,6.648031899999999883e-01
1.338298499999999969e+01,-2.975856999999999974e+00,-4.643772199999999795e-01,6.598207799999999956e-01
1.321405299999999983e+01,-2.965876800000000202e+00,-1.944698800000000116e-01,6.480826600000000326e-01
1.332950199999999974e+01,-2.949749100000000013e+00,-3.084958099999999814e-01,6.699344200000000304e-01
1.359977400000000003e+01,-3.109160600000000052e+00,-5.083227799999999741e-01,8.205170800000000098e-01
1.362728500000000054e+01,-3.104798399999999958e+00,-4.876398599999999806e-01,8.182215699999999536e-01
1.363355400000000017e+01,-3.118500300000000003e+00,-4.736851000000000256e-01,8.144011300000000286e-01
1.362179300000000026e+01,-3.120205700000000082e+00,-4.745094100000000203e-01,8.104487700000000405e-01
1.361476700000000051e+01,-3.115758500000000097e+00,-4.793662200000000095e-01,8.129295199999999610e-01
1.363135800000000053e+01,-3.124509199999999876e+00,-4.826741700000000135e-01,8.196463999999999972e-01
1.360585099999999947e+01,-3.083468199999999992e+00,-5.282006799999999780e-01,8.020905900000000477e-01
1.358420899999999953e+01,-3.104265499999999900e+00,-5.210253299999999532e-01,7.967604299999999640e-01
1.362341999999999942e+01,-3.079674600000000151e+00,-5.545891200000000465e-01,7.977309299999999492e-01
1.362441500000000083e+01,-3.078555300000000106e+00,-5.538118199999999547e-01,7.969126800000000399e-01
1.361061399999999999e+01,-3.081585299999999972e+00,-5.474740799999999741e-01,7.938741599999999954e-01
1.359073700000000073e+01,-3.096562699999999779e+00,-4.658503199999999844e-01,7.847222000000000364e-01
1.356806599999999996e+01,-3.092935999999999908e+00,-4.828809399999999807e-01,7.798550600000000443e-01
1.358407099999999978e+01,-3.081428900000000137e+00,-4.684875700000000198e-01,8.312310800000000111e-01
1.356758899999999990e+01,-3.075961599999999851e+00,-4.700579400000000074e-01,7.699085500000000248e-01
1.352980699999999992e+01,-3.045956299999999839e+00,-3.762603400000000264e-01,7.967344899999999619e-01
1.351043199999999977e+01,-3.047487900000000138e+00,-3.720232900000000065e-01,7.701012400000000202e-01
1.339897099999999952e+01,-2.976440900000000056e+00,-4.185033799999999804e-01,6.724501699999999582e-01
1.348458699999999943e+01,-3.009557099999999874e+00,-4.555003100000000194e-01,7.009659999999999780e-01
1.348027500000000067e+01,-3.008953099999999825e+00,-4.560717699999999875e-01,7.006547899999999718e-01
1.345432800000000029e+01,-3.015244399999999825e+00,-4.529058599999999934e-01,7.061802499999999538e-01
1.346630099999999963e+01,-3.012146200000000107e+00,-4.636955300000000224e-01,7.185594600000000387e-01
1.344839299999999938e+01,-3.012726100000000073e+00,-4.346916000000000113e-01,7.068033599999999916e-01
1.345278199999999913e+01,-3.013539900000000049e+00,-4.341024600000000233e-01,7.026424100000000506e-01
1.347460000000000058e+01,-3.021891399999999894e+00,-4.829949099999999995e-01,7.163949800000000145e-01
1.342445900000000059e+01,-3.017417700000000202e+00,-3.206046900000000255e-01,7.237354900000000368e-01
1.336312099999999958e+01,-2.967669400000000124e+00,-3.543994599999999995e-01,6.759156899999999579e-01
1.334719699999999953e+01,-2.960884899999999931e+00,-3.607576499999999853e-01,6.845174699999999612e-01
1.325643700000000003e+01,-2.960382800000000092e+00,-2.964224300000000145e-01,6.415972399999999576e-01
1.319651600000000080e+01,-2.928910199999999797e+00,-2.471562700000000112e-01,6.309498399999999840e-01
1.316684300000000007e+01,-2.930493600000000143e+00,-2.788322899999999827e-01,5.968032599999999466e-01
1.315131500000000031e+01,-2.920028999999999986e+00,-3.201210600000000128e-01,5.806515899999999952e-01
1.345352899999999963e+01,-3.024941300000000055e+00,-3.972990800000000267e-01,7.322155599999999875e-01
1.345427899999999966e+01,-3.006213999999999942e+00,-3.603407800000000272e-01,7.391925799999999880e-01
1.344165699999999930e+01,-3.011877899999999997e+00,-3.350064899999999901e-01,7.626134700000000155e-01
1.347283599999999915e+01,-3.015142500000000059e+00,-3.324364899999999734e-01,7.693802299999999983e-01
1.311187100000000072e+01,-2.899596999999999980e+00,-3.381970400000000043e-01,5.710709099999999871e-01
1.308858900000000069e+01,-2.946201999999999988e+00,-2.249462299999999970e-01,5.835968099999999659e-01
1.307953099999999935e+01,-2.941788799999999870e+00,-2.414873499999999895e-01,5.742285999999999779e-01
1.307629000000000019e+01,-2.934712399999999999e+00,-2.411514399999999947e-01,5.641939299999999546e-01
1.304645799999999944e+01,-2.933433899999999817e+00,-2.508978599999999726e-01,5.641857999999999596e-01
1.305930599999999941e+01,-2.926212899999999895e+00,-2.313394099999999953e-01,5.645487399999999933e-01
1.303119300000000003e+01,-2.929718600000000173e+00,-2.019022000000000039e-01,5.718681100000000406e-01
1.298887799999999970e+01,-2.918061699999999981e+00,-1.427887499999999921e-01,5.666422899999999929e-01
1.301915999999999940e+01,-2.947675499999999893e+00,-1.423974500000000087e-01,5.746478799999999998e-01
1.309026000000000067e+01,-2.953095300000000201e+00,-6.554193499999999561e-02,6.267473199999999967e-01
1.315335400000000021e+01,-2.949796099999999921e+00,-1.703028199999999936e-01,6.206213600000000108e-01
1.314385099999999973e+01,-2.936796300000000137e+00,-1.758410300000000093e-01,6.190354399999999924e-01
1.309262400000000071e+01,-2.919656300000000204e+00,-1.736285899999999993e-01,6.055574700000000421e-01
1.334673899999999946e+01,-2.964224399999999982e+00,-3.267584599999999728e-01,6.894539400000000429e-01
1.327433699999999916e+01,-2.961688600000000005e+00,-2.662174800000000063e-01,6.471840399999999605e-01
1.324849099999999957e+01,-2.949142000000000152e+00,-2.071617000000000042e-01,6.573521399999999737e-01
1.319649399999999950e+01,-2.917143600000000170e+00,-3.342687699999999928e-01,6.048289300000000424e-01
1.319416099999999936e+01,-2.912907800000000158e+00,-3.346011600000000086e-01,6.060767099999999630e-01
1.354057000000000066e+01,-3.058124499999999912e+00,-4.177806399999999809e-01,7.974365599999999610e-01
1.352349800000000002e+01,-3.055504200000000115e+00,-4.315161599999999820e-01,7.642813299999999810e-01
1.358552199999999921e+01,-3.091991399999999945e+00,-4.359642400000000029e-01,8.209963999999999595e-01
1.358018200000000064e+01,-3.089544000000000068e+00,-4.210955900000000196e-01,8.194216800000000411e-01
1.355649400000000071e+01,-3.069213899999999828e+00,-4.065696300000000152e-01,8.170039799999999630e-01
1.356143800000000077e+01,-3.061326799999999793e+00,-3.992008000000000223e-01,8.239319699999999580e-01
1.340559000000000012e+01,-2.983891100000000129e+00,-4.794821599999999906e-01,6.790429500000000340e-01
1.340831999999999979e+01,-2.983038099999999915e+00,-4.566428900000000235e-01,6.718742599999999454e-01
1.339586500000000058e+01,-2.976084000000000174e+00,-4.359623599999999932e-01,6.724648600000000531e-01
1.340465700000000027e+01,-2.987273599999999973e+00,-4.385636900000000060e-01,6.868441499999999866e-01
1.337118300000000026e+01,-2.975154900000000158e+00,-3.258977200000000018e-01,6.982576799999999917e-01
1.333865699999999954e+01,-2.974413499999999821e+00,-3.571342599999999812e-01,6.491388000000000158e-01
1.328985499999999931e+01,-2.943179999999999907e+00,-2.720351799999999876e-01,6.768254999999999688e-01
1.328456699999999913e+01,-2.956609400000000054e+00,-2.924595199999999728e-01,6.566834200000000177e-01
1.332211200000000062e+01,-2.957175299999999840e+00,-3.648390200000000139e-01,6.680750199999999639e-01
1.334440500000000007e+01,-2.975889899999999866e+00,-3.484327199999999736e-01,6.620878300000000438e-01
1.313400599999999940e+01,-2.935828199999999999e+00,-1.589073300000000133e-01,6.160415299999999483e-01
1.335413100000000064e+01,-2.955974299999999833e+00,-3.999751300000000120e-01,6.586523199999999578e-01
1.335848299999999966e+01,-2.973181499999999922e+00,-3.986087200000000275e-01,6.722611400000000348e-01
1.336490900000000082e+01,-2.974065400000000192e+00,-3.519317200000000034e-01,7.006775299999999929e-01
1.337452900000000078e+01,-2.969658599999999815e+00,-3.734528599999999976e-01,6.775337700000000352e-01
1.335714600000000019e+01,-2.974648300000000134e+00,-3.765910000000000091e-01,6.730850400000000233e-01
1.350447800000000065e+01,-3.042080599999999801e+00,-4.166354199999999786e-01,7.702039999999999997e-01
1.350967900000000022e+01,-3.036444299999999874e+00,-4.107024100000000177e-01,7.650382700000000202e-01
1.350327700000000064e+01,-3.041167600000000082e+00,-4.088728400000000152e-01,7.541565099999999466e-01
1.340230500000000013e+01,-2.982884499999999939e+00,-4.128102100000000108e-01,7.011023600000000355e-01
1.344810499999999998e+01,-3.010788799999999821e+00,-3.864450999999999858e-01,7.097284900000000452e-01
1.341546999999999912e+01,-3.014126000000000083e+00,-3.931553099999999801e-01,7.168942200000000264e-01
1.339479099999999967e+01,-2.998817700000000031e+00,-2.962042899999999812e-01,6.954808199999999996e-01
1.337367500000000042e+01,-2.998854199999999803e+00,-3.067599500000000035e-01,7.026293599999999806e-01
1.337279499999999999e+01,-2.972644600000000192e+00,-3.010753600000000141e-01,7.210944099999999635e-01
1.336268100000000025e+01,-2.977624699999999791e+00,-3.098982399999999915e-01,7.039165499999999742e-01
1.329119400000000084e+01,-2.945899499999999893e+00,-3.451665300000000269e-01,6.534396999999999567e-01
1.332405100000000076e+01,-2.959616099999999861e+00,-3.144774499999999917e-01,6.700909999999999922e-01
1.331522599999999912e+01,-2.953892699999999927e+00,-3.415160600000000102e-01,6.716022900000000462e-01
1.342820000000000036e+01,-3.003850700000000096e+00,-3.907634099999999777e-01,7.048492400000000435e-01
1.352231500000000075e+01,-3.038542500000000146e+00,-4.723606000000000193e-01,7.482361800000000285e-01
1.359917599999999993e+01,-3.093958399999999997e+00,-4.683108599999999955e-01,8.140879699999999941e-01
1.359958800000000068e+01,-3.091668199999999977e+00,-5.278754100000000449e-01,7.852436099999999808e-01
1.361800900000000070e+01,-3.098594100000000129e+00,-5.255047099999999860e-01,7.826406999999999670e-01
1.362610600000000005e+01,-3.100157499999999899e+00,-5.260043199999999697e-01,7.814373000000000014e-01
1.361500099999999946e+01,-3.102152999999999938e+00,-5.312067600000000001e-01,7.859287799999999935e-01
1.361825100000000077e+01,-3.101302500000000073e+00,-5.401639200000000196e-01,7.872164200000000278e-01
1.340097899999999953e+01,-2.991998399999999947e+00,-3.478567399999999976e-01,7.095679400000000081e-01
1.338971500000000070e+01,-2.992927599999999799e+00,-3.558504200000000006e-01,7.068683300000000447e-01
1.340097500000000075e+01,-2.992658200000000157e+00,-3.457203200000000254e-01,7.048451999999999495e-01
1.339424299999999945e+01,-2.994365199999999838e+00,-3.849120500000000056e-01,7.059206099999999484e-01
1.351675900000000041e+01,-3.037947799999999976e+00,-4.783778499999999934e-01,7.437270900000000351e-01
1.338161999999999985e+01,-2.980578500000000020e+00,-3.265126899999999943e-01,7.124755799999999972e-01
1.352409600000000012e+01,-3.041493399999999792e+00,-4.897014100000000036e-01,7.456266000000000282e-01
1.352152199999999915e+01,-3.045402600000000071e+00,-4.772749099999999967e-01,7.472014200000000050e-01
1.353600299999999912e+01,-3.054438600000000115e+00,-4.668119800000000152e-01,7.581303999999999821e-01
1.352499300000000027e+01,-3.053188599999999919e+00,-4.725390300000000265e-01,7.458316900000000471e-01
1.353071300000000043e+01,-3.052573399999999992e+00,-4.770131799999999811e-01,7.518933799999999446e-01
1.332012600000000013e+01,-2.954550999999999927e+00,-3.475502599999999997e-01,6.614909199999999823e-01
1.331608199999999975e+01,-2.970826800000000212e+00,-3.715311499999999767e-01,6.580295299999999736e-01
1.332372200000000007e+01,-2.964318000000000008e+00,-3.649573300000000242e-01,6.625771700000000486e-01
1.336596600000000024e+01,-2.966561700000000190e+00,-4.026497800000000127e-01,6.690839800000000226e-01
1.349159799999999976e+01,-3.019039900000000110e+00,-4.294125500000000040e-01,7.402182499999999665e-01
1.345598700000000036e+01,-3.031597300000000050e+00,-4.221379000000000103e-01,7.152521600000000257e-01
1.335629699999999964e+01,-2.968225200000000008e+00,-3.405276899999999940e-01,6.875216800000000239e-01
1.340749199999999952e+01,-2.992569200000000151e+00,-4.035006199999999765e-01,6.882013500000000450e-01
1.340555400000000041e+01,-2.990648699999999938e+00,-4.139756499999999728e-01,6.833533999999999997e-01
1.320623499999999950e+01,-2.946085200000000182e+00,-2.401387600000000067e-01,6.382796800000000159e-01
1.320435600000000065e+01,-2.943323100000000192e+00,-2.390974800000000011e-01,6.383908200000000255e-01
1.320233200000000018e+01,-2.946396500000000085e+00,-2.486862400000000028e-01,6.230960399999999622e-01
1.314322800000000058e+01,-2.922692300000000021e+00,-2.395723600000000120e-01,6.056427500000000075e-01
1.316331399999999974e+01,-2.946506999999999987e+00,-2.115548800000000007e-01,6.215408700000000231e-01
1.336842000000000041e+01,-2.980833500000000136e+00,-3.916117299999999912e-01,6.659963399999999645e-01
1.326074900000000056e+01,-2.952062199999999859e+00,-3.088618499999999933e-01,6.309153800000000256e-01
1.325340300000000049e+01,-2.932665200000000194e+00,-3.253730799999999812e-01,6.436214199999999996e-01
1.333967099999999917e+01,-2.977482900000000043e+00,-3.008159599999999934e-01,6.939004800000000417e-01
1.337572800000000051e+01,-2.981736300000000117e+00,-3.873133799999999849e-01,6.800476800000000432e-01
1.342341599999999957e+01,-3.001436800000000016e+00,-3.521531299999999809e-01,7.203550399999999465e-01
1.326916300000000071e+01,-2.938798499999999869e+00,-3.576982799999999796e-01,6.370224500000000178e-01
1.336925899999999956e+01,-2.976147600000000004e+00,-3.294773899999999811e-01,6.952465500000000187e-01
1.335335199999999922e+01,-2.985299200000000042e+00,-3.316479800000000089e-01,6.862647299999999895e-01
1.336521399999999993e+01,-2.985724600000000173e+00,-3.260727600000000170e-01,7.104239700000000157e-01
1.339048599999999922e+01,-2.989095499999999905e+00,-3.386035000000000017e-01,6.883606700000000078e-01
1.331823600000000063e+01,-2.958421400000000201e+00,-2.729159199999999785e-01,6.948708099999999499e-01
1.331383899999999976e+01,-2.959949400000000175e+00,-2.779888600000000043e-01,6.804082099999999578e-01
1.332835399999999915e+01,-2.980529499999999832e+00,-2.480841199999999913e-01,6.999853999999999798e-01
1.334027299999999983e+01,-2.986739000000000033e+00,-2.402979500000000102e-01,6.985369999999999635e-01
1.334792099999999948e+01,-2.962270699999999923e+00,-2.781117100000000120e-01,7.055358900000000544e-01
1.331916599999999917e+01,-2.950437099999999813e+00,-2.485740700000000081e-01,7.071596900000000074e-01
1.312929899999999961e+01,-2.910138700000000078e+00,-2.185244199999999970e-01,6.225010500000000002e-01
1.316352099999999936e+01,-2.944763899999999879e+00,-2.214431600000000000e-01,6.186884799999999851e-01
1.332949400000000040e+01,-2.957474400000000170e+00,-3.565466899999999995e-01,6.644017700000000026e-01
1.333765700000000010e+01,-2.955183299999999846e+00,-3.406870599999999860e-01,6.839854100000000159e-01
1.334246699999999919e+01,-2.957861900000000155e+00,-3.430603500000000139e-01,6.832951800000000020e-01
1.334613599999999956e+01,-2.987136000000000013e+00,-2.688508800000000143e-01,6.893695300000000081e-01
1.332190100000000044e+01,-2.972662600000000044e+00,-2.730705099999999885e-01,6.947428900000000018e-01
1.339021600000000056e+01,-2.964496099999999856e+00,-4.301144700000000265e-01,6.758235799999999793e-01
1.338918699999999973e+01,-2.985750599999999810e+00,-4.476741000000000192e-01,6.627152299999999885e-01
1.340843800000000030e+01,-2.979724000000000039e+00,-4.236207799999999746e-01,6.950754900000000180e-01
1.339813400000000065e+01,-2.994898200000000177e+00,-3.764302900000000007e-01,6.995666000000000384e-01
1.340904300000000049e+01,-2.991159300000000076e+00,-3.611820199999999925e-01,6.986594000000000415e-01
1.337183100000000024e+01,-2.997123399999999993e+00,-3.057910699999999982e-01,7.010003200000000101e-01
1.337953699999999913e+01,-2.972671000000000063e+00,-3.790554899999999949e-01,6.826585699999999646e-01
1.338588299999999975e+01,-2.970990700000000206e+00,-3.826366199999999829e-01,6.820775000000000032e-01
1.324659499999999923e+01,-2.936553700000000156e+00,-3.050272099999999931e-01,6.385413100000000286e-01
1.324598899999999979e+01,-2.947056799999999921e+00,-3.105588899999999764e-01,6.308792600000000528e-01
1.320181099999999930e+01,-2.911871699999999841e+00,-2.634027299999999738e-01,6.371121199999999485e-01
1.320988499999999988e+01,-2.913726200000000155e+00,-2.745025700000000013e-01,6.335132399999999775e-01
1.320749499999999976e+01,-2.921544499999999989e+00,-2.750829799999999770e-01,6.251032300000000097e-01
1.320278099999999988e+01,-2.925876600000000050e+00,-2.757976300000000158e-01,6.244141699999999906e-01
1.318285000000000018e+01,-2.956445899999999849e+00,-2.848661699999999741e-01,6.016442100000000126e-01
1.317653199999999991e+01,-2.960295400000000132e+00,-2.914349900000000049e-01,6.033302000000000387e-01
1.322129600000000060e+01,-2.918950000000000156e+00,-3.165431799999999796e-01,6.333200799999999520e-01
1.312025799999999975e+01,-2.914615899999999815e+00,-2.901691299999999973e-01,5.797510900000000245e-01
1.311164899999999989e+01,-2.914670500000000164e+00,-2.956521400000000077e-01,5.807757099999999451e-01
1.311222300000000018e+01,-2.903978299999999901e+00,-2.545365399999999778e-01,5.979948200000000380e-01
1.335487900000000039e+01,-2.969591799999999893e+00,-3.080447399999999836e-01,7.046932900000000277e-01
1.338665999999999912e+01,-2.973352100000000053e+00,-3.302365700000000071e-01,7.229687399999999986e-01
1.344220499999999952e+01,-3.036056199999999983e+00,-3.617914099999999800e-01,7.320950400000000302e-01
1.347400900000000057e+01,-3.030148300000000017e+00,-3.577555199999999935e-01,7.468690900000000132e-01
1.340215700000000076e+01,-2.982267799999999802e+00,-4.485109400000000246e-01,6.697180000000000355e-01
1.349634400000000056e+01,-3.032745199999999919e+00,-3.683474299999999757e-01,7.869920999999999722e-01
1.347809999999999953e+01,-3.030972000000000222e+00,-4.602950299999999939e-01,7.132697099999999457e-01
1.344740999999999964e+01,-3.018752200000000219e+00,-4.030962399999999946e-01,7.360235099999999919e-01
1.346599600000000052e+01,-3.013106200000000179e+00,-4.016269800000000223e-01,7.380241199999999502e-01
1.345302900000000079e+01,-3.017344200000000143e+00,-3.927135800000000065e-01,7.451392000000000015e-01
1.348413299999999992e+01,-3.051629199999999820e+00,-4.199969800000000197e-01,7.415884900000000446e-01
1.354982399999999920e+01,-3.078077299999999905e+00,-5.156375399999999498e-01,7.404682500000000500e-01
1.354980499999999921e+01,-3.074446399999999802e+00,-5.130780400000000130e-01,7.435179400000000438e-01
1.350486399999999954e+01,-3.019315100000000029e+00,-4.921532399999999918e-01,7.400303400000000087e-01
1.348275300000000065e+01,-3.037707199999999830e+00,-3.834415099999999854e-01,7.412845099999999521e-01
1.351691300000000062e+01,-3.055501599999999929e+00,-4.387230100000000244e-01,7.697458999999999829e-01
1.350151400000000024e+01,-3.027947000000000166e+00,-4.127624599999999977e-01,7.542796800000000079e-01
1.347599100000000050e+01,-3.020005499999999898e+00,-4.070411099999999838e-01,7.563699200000000289e-01
1.350089400000000062e+01,-3.041710600000000042e+00,-4.047087400000000112e-01,7.648044899999999480e-01
1.341479999999999961e+01,-2.998701000000000061e+00,-3.730717599999999745e-01,7.039068899999999518e-01
1.340022599999999997e+01,-2.994078299999999970e+00,-3.937271500000000257e-01,6.849423999999999513e-01
1.342107099999999953e+01,-2.993018100000000015e+00,-3.953154700000000021e-01,6.893456500000000320e-01
1.337341699999999989e+01,-2.974836199999999931e+00,-3.748828200000000055e-01,6.903982199999999514e-01
1.342736700000000027e+01,-3.007290900000000100e+00,-3.887575799999999915e-01,7.139923599999999926e-01
1.342462199999999939e+01,-2.993369899999999806e+00,-3.906183200000000189e-01,7.230912099999999842e-01
1.345627200000000023e+01,-3.028838599999999825e+00,-3.852941200000000177e-01,7.292237400000000092e-01
1.323603199999999980e+01,-2.961611399999999783e+00,-2.568948099999999735e-01,6.337520100000000323e-01
1.322535300000000014e+01,-2.934582699999999988e+00,-2.321138600000000052e-01,6.463158399999999748e-01
1.331197700000000061e+01,-2.977590000000000181e+00,-2.681177599999999828e-01,6.735897800000000268e-01
1.330731300000000061e+01,-2.945054400000000072e+00,-3.146713099999999819e-01,6.634177900000000072e-01
1.340386099999999914e+01,-2.985429799999999911e+00,-4.022862600000000066e-01,7.073452300000000470e-01
1.348022399999999976e+01,-3.015413500000000191e+00,-4.120359399999999894e-01,7.374536099999999816e-01
1.345503500000000052e+01,-3.018429799999999830e+00,-4.169000900000000009e-01,6.985275800000000368e-01
1.345492100000000057e+01,-3.017422999999999966e+00,-4.233336300000000163e-01,6.949829400000000490e-01
1.342890200000000078e+01,-3.012775700000000167e+00,-4.370042299999999935e-01,7.022744400000000553e-01
1.339729299999999945e+01,-2.969712700000000094e+00,-4.428058000000000272e-01,6.738841700000000046e-01
1.330129299999999937e+01,-2.950397300000000111e+00,-3.548863800000000013e-01,6.583545299999999934e-01
1.332894300000000065e+01,-2.957241100000000067e+00,-3.682594100000000092e-01,6.737420899999999602e-01
1.339607900000000029e+01,-2.977699100000000154e+00,-4.014079899999999923e-01,6.887226600000000420e-01
1.319691500000000062e+01,-2.945960400000000146e+00,-2.409192500000000015e-01,6.294057400000000468e-01
1.321512000000000064e+01,-2.944818499999999784e+00,-2.429749200000000109e-01,6.412851099999999915e-01
1.332239099999999965e+01,-2.960105099999999823e+00,-3.480150000000000188e-01,6.565174499999999469e-01
1.326793299999999931e+01,-2.934355200000000163e+00,-3.518394799999999822e-01,6.334519800000000256e-01
1.324742700000000006e+01,-2.951371500000000037e+00,-2.888912399999999936e-01,6.342800100000000052e-01
1.322318899999999964e+01,-2.932012400000000074e+00,-2.582721399999999834e-01,6.443528099999999981e-01
1.323879499999999965e+01,-2.958510099999999809e+00,-3.030162399999999923e-01,6.256898699999999813e-01
1.347071900000000078e+01,-3.010475899999999871e+00,-4.130472499999999769e-01,7.442640799999999945e-01
1.326102299999999978e+01,-2.955398000000000192e+00,-3.124760500000000052e-01,6.367144999999999611e-01
1.335654800000000009e+01,-2.971712699999999874e+00,-3.524145900000000275e-01,6.724673599999999585e-01
1.330213499999999982e+01,-2.950673500000000171e+00,-3.644386299999999856e-01,6.493718200000000440e-01
1.356460399999999922e+01,-3.062837299999999985e+00,-4.955328099999999902e-01,7.854398500000000505e-01
1.359424199999999949e+01,-3.098416999999999977e+00,-5.131566400000000527e-01,7.916783400000000359e-01
1.348644099999999924e+01,-3.024289099999999841e+00,-4.059134400000000142e-01,7.453071700000000188e-01
1.348001000000000005e+01,-3.018214099999999789e+00,-4.103487200000000001e-01,7.488652000000000086e-01
1.345438200000000073e+01,-2.998992599999999786e+00,-4.083764200000000177e-01,7.231456800000000129e-01
1.342422999999999966e+01,-3.001071699999999787e+00,-4.079644499999999785e-01,7.076324000000000503e-01
1.342580500000000043e+01,-2.988966500000000082e+00,-4.661088800000000032e-01,6.900278399999999479e-01
1.342612100000000019e+01,-2.988522000000000123e+00,-4.960266199999999737e-01,6.817498899999999695e-01
1.338579099999999933e+01,-2.975709399999999949e+00,-3.823708299999999949e-01,6.998743499999999784e-01
1.342883999999999922e+01,-2.999497799999999881e+00,-4.014444099999999738e-01,7.168612699999999949e-01
1.341682300000000083e+01,-2.996014300000000130e+00,-3.681677400000000211e-01,7.072585700000000308e-01
1.339928899999999956e+01,-2.971783299999999794e+00,-4.232185800000000109e-01,7.057681199999999988e-01
1.342894899999999936e+01,-3.021536999999999917e+00,-3.492540199999999984e-01,7.099747899999999667e-01
1.341173999999999999e+01,-3.000056700000000021e+00,-3.623178000000000232e-01,7.089728600000000380e-01
1.336297000000000068e+01,-2.979884399999999989e+00,-3.582452300000000256e-01,7.031479099999999871e-01
1.338059299999999929e+01,-2.979050299999999929e+00,-3.569260400000000000e-01,7.080630700000000166e-01
1.326540400000000020e+01,-2.963251899999999939e+00,-3.004572999999999827e-01,6.416309999999999514e-01
1.345407100000000078e+01,-3.023664000000000129e+00,-3.965375800000000006e-01,7.253100099999999495e-01
1.347531500000000015e+01,-3.023576700000000006e+00,-4.285931000000000046e-01,7.302572000000000507e-01
1.330642800000000037e+01,-2.967375099999999932e+00,-2.936811300000000124e-01,6.634642600000000279e-01
1.326404199999999989e+01,-2.951709199999999811e+00,-3.054652999999999952e-01,6.407264799999999871e-01
1.329662700000000086e+01,-2.944092500000000001e+00,-3.349381100000000111e-01,6.589808600000000016e-01
1.330431100000000022e+01,-2.939522600000000097e+00,-3.546578100000000178e-01,6.573035999999999879e-01
1.337983400000000067e+01,-2.985443699999999811e+00,-2.953465200000000013e-01,7.147326999999999986e-01
1.336333600000000033e+01,-2.980835599999999808e+00,-3.313709499999999974e-01,6.891259499999999871e-01
1.355696099999999937e+01,-3.070720399999999906e+00,-4.201401300000000005e-01,7.984804100000000293e-01
1.347398500000000077e+01,-3.020647499999999930e+00,-4.112201999999999802e-01,7.449921000000000459e-01
1.344820799999999927e+01,-3.021385599999999894e+00,-3.534478600000000026e-01,7.410664999999999614e-01
1.344879300000000022e+01,-3.014658499999999908e+00,-3.556809899999999747e-01,7.430942999999999854e-01
1.352659200000000084e+01,-3.050243800000000061e+00,-5.553009500000000154e-01,7.187485599999999808e-01
1.353602200000000089e+01,-3.048643199999999887e+00,-5.425732399999999567e-01,7.192454400000000136e-01
1.351066100000000070e+01,-3.028201500000000213e+00,-4.920166000000000261e-01,7.416891300000000298e-01
1.352897899999999964e+01,-3.058229799999999887e+00,-4.202811900000000267e-01,7.550634800000000091e-01
1.341906999999999961e+01,-3.032120599999999833e+00,-3.400870400000000071e-01,7.214429399999999770e-01
1.341940600000000039e+01,-3.031494400000000145e+00,-3.379556400000000016e-01,7.215596499999999969e-01
1.334928400000000082e+01,-2.974195400000000156e+00,-3.459295299999999851e-01,6.623625800000000341e-01
1.336288300000000007e+01,-2.982743900000000004e+00,-3.773482599999999909e-01,6.590605400000000280e-01
1.349541600000000052e+01,-3.046360899999999816e+00,-3.978346200000000277e-01,7.386808200000000157e-01
1.352266599999999919e+01,-3.046267299999999789e+00,-4.280748400000000120e-01,7.954758600000000346e-01
1.347822799999999965e+01,-3.037951000000000068e+00,-3.826533400000000085e-01,7.373004800000000358e-01
1.345765199999999950e+01,-3.017945699999999842e+00,-4.020452999999999943e-01,7.306202499999999711e-01
1.349043700000000001e+01,-3.026245600000000202e+00,-4.099425500000000167e-01,7.479294899999999746e-01
1.348364399999999996e+01,-3.022667499999999841e+00,-4.420195800000000230e-01,7.423702100000000303e-01
1.348086999999999946e+01,-3.041667499999999968e+00,-4.026445900000000244e-01,7.470581400000000372e-01
1.350607199999999963e+01,-3.024492299999999911e+00,-4.187847800000000231e-01,7.576130100000000311e-01
1.343545699999999954e+01,-3.024443300000000168e+00,-4.003706100000000156e-01,7.155142500000000183e-01
1.346380000000000088e+01,-3.033322000000000074e+00,-4.083546399999999910e-01,7.040519800000000217e-01
1.345907399999999932e+01,-3.032661099999999887e+00,-4.084242299999999992e-01,7.110435600000000189e-01
1.346970199999999984e+01,-3.027674000000000198e+00,-4.279418899999999915e-01,7.278346399999999772e-01
1.358161499999999933e+01,-3.074151399999999867e+00,-4.929388299999999945e-01,7.919304200000000238e-01
1.355085900000000088e+01,-3.060916199999999865e+00,-4.987179299999999760e-01,7.799185699999999777e-01
1.353648500000000077e+01,-3.065653000000000183e+00,-4.150332299999999752e-01,7.745278100000000387e-01
1.326638100000000087e+01,-2.952004399999999862e+00,-3.382993100000000197e-01,6.326273100000000538e-01
1.329051899999999975e+01,-2.949097800000000102e+00,-2.969247199999999753e-01,6.582006400000000035e-01
1.334069500000000019e+01,-2.960691000000000184e+00,-2.771944000000000075e-01,6.978789100000000190e-01
1.326325300000000063e+01,-2.948564399999999974e+00,-3.209550700000000090e-01,6.301737899999999559e-01
1.325893800000000056e+01,-2.942749200000000176e+00,-2.665718499999999991e-01,6.393131300000000072e-01
1.322204299999999932e+01,-2.946870999999999796e+00,-2.482480200000000137e-01,6.520990599999999526e-01
1.333012500000000067e+01,-2.967659300000000222e+00,-3.259362599999999777e-01,6.889078600000000385e-01
1.339666899999999927e+01,-2.990682099999999899e+00,-3.458393200000000056e-01,7.275584999999999969e-01
1.344064400000000070e+01,-3.000168599999999852e+00,-3.930173499999999875e-01,7.159371300000000327e-01
1.294722299999999926e+01,-2.925802099999999850e+00,-1.247502300000000036e-01,5.619842400000000238e-01
1.305019500000000043e+01,-2.926761400000000179e+00,-2.020393299999999892e-01,5.764531999999999989e-01
1.302467399999999920e+01,-2.932904100000000014e+00,-1.857689499999999883e-01,5.718468599999999569e-01
1.345412100000000066e+01,-3.009822000000000219e+00,-4.230562299999999776e-01,7.074009100000000494e-01
1.332604700000000086e+01,-2.970208899999999819e+00,-2.990663599999999755e-01,6.693640600000000385e-01
1.330393100000000040e+01,-2.955255399999999977e+00,-2.924433599999999855e-01,6.833523799999999815e-01
1.327788499999999949e+01,-2.937059099999999923e+00,-2.883926600000000229e-01,6.752665599999999602e-01
1.328296699999999930e+01,-2.950225999999999793e+00,-2.978605300000000122e-01,6.583206999999999809e-01
1.316691699999999976e+01,-2.935597800000000035e+00,-2.477361100000000094e-01,6.175661399999999857e-01
1.341726000000000063e+01,-2.991232999999999809e+00,-3.784709099999999937e-01,7.038119200000000353e-01
1.337805999999999962e+01,-2.997288100000000011e+00,-3.142410700000000112e-01,7.016755099999999468e-01
1.339494700000000016e+01,-2.985885399999999912e+00,-3.071797000000000000e-01,7.108696100000000406e-01
1.342303500000000049e+01,-2.988492400000000160e+00,-4.471816000000000124e-01,6.903138899999999856e-01
1.339469700000000074e+01,-2.987328999999999901e+00,-4.552750700000000039e-01,6.937758099999999928e-01
1.343676899999999996e+01,-2.980984199999999973e+00,-4.356445299999999743e-01,6.952247799999999867e-01
1.335845999999999911e+01,-2.982877100000000059e+00,-3.408933699999999734e-01,6.627802799999999994e-01
1.335045900000000074e+01,-2.981416799999999867e+00,-3.404058400000000151e-01,6.652281300000000286e-01
1.318089799999999912e+01,-2.927444599999999841e+00,-2.637708300000000117e-01,6.078830100000000014e-01
1.317505099999999985e+01,-2.927017600000000108e+00,-2.866914700000000038e-01,6.149569999999999759e-01
1.306517099999999942e+01,-2.913665899999999809e+00,-2.188153700000000090e-01,5.844392800000000054e-01
1.308293800000000040e+01,-2.911586199999999902e+00,-2.519421199999999916e-01,5.732489600000000296e-01
1.320199399999999912e+01,-2.944629299999999894e+00,-2.966286100000000148e-01,6.173531500000000172e-01
1.323465900000000062e+01,-2.939746200000000087e+00,-2.079263399999999873e-01,6.467608599999999930e-01
1.353015599999999985e+01,-3.051440899999999790e+00,-4.386770700000000023e-01,7.576538099999999831e-01
1.352654899999999927e+01,-3.066593099999999961e+00,-4.518338700000000263e-01,7.755362000000000089e-01
1.348915399999999920e+01,-3.031601100000000049e+00,-4.112470999999999766e-01,7.544179399999999536e-01
1.345704199999999950e+01,-3.014034600000000008e+00,-4.118726099999999724e-01,7.340720499999999760e-01
1.344706399999999924e+01,-2.997027500000000177e+00,-4.405462900000000070e-01,6.855895100000000131e-01
1.315173700000000068e+01,-2.932388599999999901e+00,-2.041888599999999998e-01,6.224398599999999560e-01
1.317019499999999965e+01,-2.947925800000000152e+00,-2.007111599999999996e-01,6.200401399999999619e-01
1.318060400000000065e+01,-2.928289599999999826e+00,-2.652496400000000087e-01,6.278748499999999844e-01
1.319763200000000047e+01,-2.936192899999999995e+00,-2.817830000000000057e-01,6.275214500000000362e-01
1.335425599999999946e+01,-2.975589799999999840e+00,-3.160652899999999987e-01,6.774773499999999782e-01
1.322760899999999928e+01,-2.947248899999999949e+00,-3.166709500000000066e-01,6.255408199999999974e-01
1.329216500000000067e+01,-2.986142000000000074e+00,-3.117238099999999901e-01,6.488668699999999845e-01
1.329459100000000049e+01,-2.978898699999999788e+00,-2.664574299999999951e-01,6.575599399999999539e-01
1.342346099999999964e+01,-3.006982199999999938e+00,-4.547862999999999767e-01,6.759322700000000017e-01
1.344106000000000023e+01,-3.011333699999999780e+00,-4.172209599999999741e-01,7.058502800000000521e-01
1.327616399999999963e+01,-2.964855800000000041e+00,-2.808980600000000050e-01,6.585130399999999939e-01
1.329401000000000010e+01,-2.958509499999999903e+00,-3.032360100000000003e-01,6.547669900000000487e-01
1.338265999999999956e+01,-2.982887700000000031e+00,-3.985056100000000101e-01,6.840512800000000393e-01
1.347139600000000037e+01,-3.008468600000000048e+00,-4.300374399999999930e-01,7.112293800000000221e-01
1.337094300000000047e+01,-2.991567600000000215e+00,-3.414237999999999995e-01,7.041023800000000277e-01
1.338876199999999983e+01,-2.990097399999999794e+00,-3.354088599999999754e-01,6.999706999999999457e-01
1.337271999999999927e+01,-2.999640499999999932e+00,-3.383774099999999896e-01,6.931553900000000379e-01
1.337843100000000085e+01,-2.991560000000000219e+00,-3.329921699999999762e-01,6.988058400000000114e-01
1.340724499999999964e+01,-2.991802400000000084e+00,-3.361864700000000150e-01,7.205176599999999487e-01
1.338337100000000035e+01,-2.994288099999999897e+00,-3.651855800000000096e-01,7.018952000000000524e-01
1.339075899999999919e+01,-2.988985500000000073e+00,-3.293272500000000158e-01,7.275902300000000045e-01
1.330501399999999990e+01,-2.954018000000000033e+00,-3.855951000000000239e-01,6.539089099999999544e-01
1.332783300000000004e+01,-2.952384100000000178e+00,-3.828115799999999846e-01,6.482584099999999516e-01
1.336286600000000035e+01,-2.937131100000000217e+00,-4.299838100000000218e-01,6.457916400000000001e-01
1.335433100000000017e+01,-2.971036600000000139e+00,-3.694490300000000116e-01,6.547506899999999685e-01
1.346055400000000013e+01,-3.020982699999999799e+00,-3.858739500000000211e-01,7.516703599999999819e-01
1.347970100000000038e+01,-3.029549799999999848e+00,-4.308818600000000054e-01,7.496375499999999859e-01
1.350455000000000005e+01,-3.036315300000000050e+00,-4.159502199999999816e-01,7.511192500000000161e-01
1.352614699999999992e+01,-3.048447499999999977e+00,-4.544350099999999726e-01,7.780711999999999628e-01
1.349930900000000022e+01,-3.047434799999999999e+00,-4.610894200000000276e-01,7.257273199999999536e-01
1.344695100000000032e+01,-2.991394699999999851e+00,-5.061643000000000114e-01,7.007452400000000470e-01
1.347987000000000002e+01,-3.033719699999999797e+00,-4.785984699999999981e-01,7.001418299999999650e-01
1.348688499999999912e+01,-3.011032600000000059e+00,-4.210506700000000158e-01,7.564759199999999684e-01
1.347761900000000068e+01,-3.019530699999999790e+00,-4.252414400000000261e-01,7.481273400000000295e-01
1.342808699999999966e+01,-2.985389300000000024e+00,-4.561575999999999964e-01,7.092063600000000356e-01
1.339110699999999987e+01,-2.993957400000000213e+00,-4.155593799999999782e-01,6.697961599999999738e-01
1.339665199999999956e+01,-2.977739699999999878e+00,-4.446370000000000045e-01,6.802768399999999938e-01
1.341814100000000032e+01,-3.005013200000000051e+00,-3.958056500000000089e-01,6.987436399999999992e-01
1.341397800000000018e+01,-2.983605900000000144e+00,-3.816506399999999855e-01,7.129141399999999740e-01
1.348470700000000022e+01,-3.018466600000000000e+00,-5.135643800000000425e-01,7.104628299999999896e-01
1.348494400000000049e+01,-3.013454700000000042e+00,-5.046112699999999451e-01,7.335391500000000287e-01
1.341373899999999963e+01,-2.999699099999999952e+00,-3.735871700000000240e-01,7.253978899999999896e-01
1.329269399999999912e+01,-2.980758100000000077e+00,-2.669986699999999935e-01,6.678678599999999799e-01
1.323486100000000043e+01,-2.926568000000000058e+00,-3.626090399999999936e-01,6.207152999999999698e-01
1.326839299999999966e+01,-2.938534600000000108e+00,-3.302151400000000181e-01,6.488974699999999762e-01
1.320625199999999921e+01,-2.914284599999999781e+00,-3.248137700000000017e-01,6.120285300000000150e-01
1.354254700000000078e+01,-3.061527799999999910e+00,-4.998109199999999919e-01,7.625869400000000464e-01
1.357265199999999972e+01,-3.062793899999999958e+00,-5.177070099999999675e-01,7.860625399999999763e-01
1.360436400000000035e+01,-3.107030700000000145e+00,-4.778218000000000187e-01,8.073443700000000334e-01
1.360488900000000001e+01,-3.107156999999999947e+00,-4.810536200000000151e-01,8.190610200000000285e-01
1.359326800000000013e+01,-3.105569200000000141e+00,-4.744641800000000131e-01,8.224883800000000189e-01
1.350054599999999994e+01,-3.043619099999999911e+00,-4.117334500000000008e-01,7.767976100000000272e-01
1.347179700000000047e+01,-3.041039300000000001e+00,-3.763249399999999967e-01,7.564191500000000401e-01
1.340287400000000062e+01,-2.980545900000000081e+00,-4.246911700000000067e-01,6.743487000000000231e-01
1.349716300000000047e+01,-3.041677700000000151e+00,-3.774488200000000182e-01,7.616963399999999718e-01
1.350266300000000008e+01,-3.032278199999999924e+00,-3.936164899999999855e-01,7.509483999999999604e-01
1.348509199999999986e+01,-3.030030800000000024e+00,-4.145092400000000010e-01,7.624289600000000444e-01
1.337044099999999958e+01,-2.981932299999999980e+00,-3.703468999999999789e-01,6.945191600000000243e-01
1.341283999999999921e+01,-2.987240700000000082e+00,-4.195130300000000090e-01,6.880026599999999881e-01
1.338773899999999983e+01,-2.992088900000000162e+00,-4.180070300000000016e-01,6.924263699999999577e-01
1.349006800000000084e+01,-3.034327000000000218e+00,-4.318009300000000272e-01,7.546032799999999874e-01
1.350998799999999989e+01,-3.050123099999999976e+00,-4.415953899999999765e-01,7.666602599999999823e-01
1.350231699999999968e+01,-3.032967100000000027e+00,-4.707130400000000270e-01,7.569329500000000488e-01
1.329873599999999989e+01,-2.959743800000000036e+00,-3.106859299999999990e-01,6.552889400000000419e-01
1.331493900000000075e+01,-2.947270699999999799e+00,-3.255274799999999802e-01,6.641132400000000491e-01
1.330410799999999938e+01,-2.947810699999999784e+00,-3.169727099999999909e-01,6.694987000000000021e-01
1.330217200000000055e+01,-2.960278000000000187e+00,-3.097408500000000120e-01,6.597288000000000041e-01
1.319820400000000049e+01,-2.938004900000000141e+00,-2.424659500000000134e-01,6.310582399999999925e-01
1.325917300000000054e+01,-2.976100399999999979e+00,-1.988450900000000021e-01,6.582948199999999472e-01
1.325946399999999947e+01,-2.976004099999999930e+00,-2.018874400000000013e-01,6.569877299999999920e-01
1.325404999999999944e+01,-2.973870300000000189e+00,-2.069108799999999915e-01,6.583223999999999743e-01
1.324625100000000089e+01,-2.969516800000000067e+00,-2.072225099999999987e-01,6.661394899999999453e-01
1.337357899999999944e+01,-2.994118600000000185e+00,-3.250906199999999968e-01,7.045949700000000426e-01
1.337660100000000085e+01,-3.002246899999999830e+00,-2.984947199999999912e-01,7.063359599999999849e-01
1.338348000000000049e+01,-3.001132999999999829e+00,-3.111599600000000132e-01,6.950631699999999524e-01
1.336042999999999914e+01,-2.994791600000000109e+00,-3.151622700000000221e-01,6.995014499999999691e-01
1.328689199999999992e+01,-2.951653400000000094e+00,-3.436185299999999776e-01,6.401120700000000330e-01
1.326355599999999946e+01,-2.934137600000000123e+00,-3.096149699999999894e-01,6.460405599999999859e-01
1.325148699999999913e+01,-2.926549099999999903e+00,-3.161019899999999994e-01,6.346595099999999823e-01
1.340057200000000037e+01,-2.991496199999999828e+00,-3.561825100000000077e-01,7.149746200000000051e-01
1.329049200000000042e+01,-2.943921700000000197e+00,-3.701587599999999756e-01,6.502087199999999623e-01
1.331298600000000043e+01,-2.934854099999999910e+00,-3.916798799999999803e-01,6.477605699999999800e-01
1.327182099999999920e+01,-2.952548699999999915e+00,-3.022910799999999898e-01,6.494912800000000042e-01
1.326257299999999972e+01,-2.933216900000000127e+00,-3.183347000000000260e-01,6.487513400000000097e-01
1.332960699999999932e+01,-2.966946000000000083e+00,-3.275981399999999821e-01,6.756084199999999873e-01
1.334616100000000039e+01,-2.968955100000000069e+00,-3.097418499999999852e-01,6.832193300000000136e-01
1.344943899999999992e+01,-3.007508200000000187e+00,-4.296243200000000040e-01,7.030650000000000510e-01
1.342663800000000052e+01,-2.997447499999999820e+00,-3.842970199999999892e-01,7.179994400000000443e-01
1.343492999999999959e+01,-3.016166000000000125e+00,-3.459969399999999751e-01,7.144398299999999979e-01
1.351311399999999985e+01,-3.038335500000000078e+00,-4.722922800000000088e-01,7.714490999999999987e-01
1.350346599999999953e+01,-3.069404899999999881e+00,-4.069768200000000169e-01,7.607485200000000392e-01
1.333569299999999913e+01,-2.988123100000000143e+00,-3.775292599999999776e-01,6.585732899999999779e-01
1.350619099999999939e+01,-3.039710599999999818e+00,-4.275773700000000122e-01,7.547855500000000273e-01
1.344688799999999951e+01,-3.011493300000000151e+00,-4.315474999999999728e-01,7.098234199999999827e-01
1.344989099999999915e+01,-3.008490600000000015e+00,-4.168363299999999771e-01,7.214277300000000448e-01
1.335304700000000011e+01,-2.958613000000000159e+00,-3.538513200000000247e-01,6.806792499999999579e-01
1.345367700000000077e+01,-3.004073099999999830e+00,-4.127109400000000261e-01,7.382840200000000408e-01
1.345007599999999925e+01,-3.013082999999999956e+00,-4.106333400000000133e-01,7.335787999999999753e-01
1.346959499999999998e+01,-3.013139999999999930e+00,-4.053241799999999784e-01,7.278810399999999792e-01
1.341708099999999959e+01,-3.002603000000000133e+00,-4.297030299999999858e-01,6.995594099999999926e-01
1.346420799999999929e+01,-3.018699600000000149e+00,-3.989770699999999892e-01,7.236550999999999956e-01
1.291674199999999928e+01,-2.933893799999999885e+00,-1.565977799999999920e-01,5.406606900000000548e-01
1.294821800000000067e+01,-2.918034099999999853e+00,-1.425402000000000058e-01,5.607646699999999651e-01
1.298391600000000068e+01,-2.920992000000000033e+00,-1.365641900000000020e-01,5.614514699999999525e-01
1.298562399999999961e+01,-2.921719299999999908e+00,-1.384229999999999905e-01,5.613777599999999479e-01
1.297144399999999997e+01,-2.924958000000000169e+00,-1.429112100000000107e-01,5.646157699999999613e-01
1.319377599999999973e+01,-2.928494699999999895e+00,-2.879345099999999769e-01,6.203969400000000078e-01
1.314635200000000026e+01,-2.921174699999999902e+00,-2.067643600000000081e-01,6.124940399999999618e-01
1.314642300000000041e+01,-2.909076499999999843e+00,-2.287364699999999973e-01,6.238284200000000501e-01
1.315826200000000057e+01,-2.902858699999999903e+00,-2.399583799999999989e-01,6.140533299999999528e-01
1.315580199999999955e+01,-2.945020799999999994e+00,-2.027838899999999944e-01,6.096432600000000201e-01
1.322294699999999956e+01,-2.952749999999999986e+00,-2.506922999999999790e-01,6.365385799999999650e-01
1.322667099999999962e+01,-2.926165500000000197e+00,-2.978868599999999756e-01,6.295952200000000110e-01
1.321070300000000053e+01,-2.932988100000000209e+00,-2.518534199999999945e-01,6.243211499999999914e-01
1.348751700000000042e+01,-3.027605700000000066e+00,-4.383586999999999900e-01,7.388479100000000521e-01
1.348312199999999983e+01,-3.031813099999999928e+00,-4.529352600000000062e-01,7.347264199999999912e-01
1.349291200000000046e+01,-3.013984499999999844e+00,-5.243107000000000184e-01,7.097820000000000240e-01
1.349562399999999940e+01,-3.025234900000000060e+00,-5.198124400000000422e-01,7.135435199999999867e-01
1.355468100000000042e+01,-3.071039900000000156e+00,-5.040855100000000144e-01,7.476438899999999776e-01
1.355509299999999939e+01,-3.069732600000000033e+00,-4.629307799999999862e-01,8.048606400000000161e-01
1.359022500000000022e+01,-3.079474100000000103e+00,-4.369851299999999994e-01,8.128888300000000067e-01
1.353141500000000086e+01,-3.056249999999999911e+00,-4.918198899999999818e-01,7.627949200000000429e-01
1.341145599999999938e+01,-2.990407999999999955e+00,-3.556999200000000028e-01,7.062047099999999578e-01
1.353448299999999982e+01,-3.044139400000000162e+00,-4.930081000000000047e-01,7.558735100000000262e-01
1.346667300000000012e+01,-3.020894000000000190e+00,-3.352508399999999944e-01,7.667618299999999776e-01
1.346498899999999921e+01,-3.023866400000000176e+00,-3.156832399999999761e-01,7.651390099999999528e-01
1.345344700000000060e+01,-3.012572700000000214e+00,-4.434073000000000042e-01,7.156514099999999878e-01
1.331171800000000083e+01,-2.970526599999999906e+00,-3.009902899999999937e-01,6.694806500000000105e-01
1.336536800000000014e+01,-2.972262100000000018e+00,-4.453132100000000149e-01,6.543444400000000272e-01
1.337482999999999933e+01,-2.979384399999999822e+00,-3.712897600000000242e-01,6.871157900000000041e-01
1.343074099999999937e+01,-2.994963199999999937e+00,-4.114351700000000167e-01,7.039193099999999648e-01
1.343051999999999957e+01,-2.991221900000000211e+00,-4.362615100000000190e-01,7.190060900000000421e-01
1.331257599999999996e+01,-2.955481100000000083e+00,-3.453004800000000207e-01,6.710599999999999898e-01
1.339678600000000053e+01,-3.004321500000000089e+00,-3.413924500000000140e-01,7.014359700000000197e-01
1.342048899999999989e+01,-2.981930699999999934e+00,-4.065649900000000150e-01,7.149083299999999808e-01
1.338927499999999959e+01,-2.999903100000000045e+00,-3.586171000000000220e-01,6.901164300000000029e-01
1.331400200000000034e+01,-2.958060399999999923e+00,-3.773807100000000081e-01,6.465943699999999739e-01
1.324397199999999941e+01,-2.930508500000000183e+00,-3.143175400000000064e-01,6.361989300000000513e-01
1.330395399999999917e+01,-2.962530999999999803e+00,-2.960984700000000025e-01,6.727747200000000483e-01
1.327522100000000016e+01,-2.943610800000000083e+00,-3.189737599999999951e-01,6.450930599999999959e-01
1.343040799999999990e+01,-2.998444500000000179e+00,-3.790744699999999967e-01,7.169791199999999698e-01
1.342695499999999953e+01,-2.996084800000000214e+00,-3.857515999999999723e-01,7.233034499999999589e-01
1.341977299999999929e+01,-2.995507799999999943e+00,-4.022506499999999874e-01,6.900361699999999487e-01
1.337043000000000070e+01,-2.954679699999999798e+00,-4.220709000000000266e-01,6.715998699999999877e-01
1.336843299999999957e+01,-2.954226499999999866e+00,-4.203803099999999793e-01,6.721233800000000480e-01
1.337481900000000046e+01,-2.976564699999999952e+00,-4.241405599999999998e-01,6.576146400000000281e-01
1.342595099999999952e+01,-3.003439300000000145e+00,-3.247885300000000197e-01,7.385692000000000368e-01
1.357726500000000058e+01,-3.072776900000000033e+00,-5.198371800000000098e-01,7.474620499999999890e-01
1.343313200000000052e+01,-2.986871299999999785e+00,-3.309378199999999937e-01,7.188403899999999958e-01
1.341233899999999934e+01,-2.985995599999999861e+00,-3.358716099999999871e-01,7.174921100000000163e-01
1.340091199999999994e+01,-2.987017400000000045e+00,-3.430821900000000091e-01,7.197773699999999719e-01
1.320797999999999917e+01,-2.935452199999999845e+00,-3.035677299999999801e-01,6.166453200000000523e-01
1.338823400000000063e+01,-3.003371899999999872e+00,-3.765132500000000215e-01,6.750166399999999456e-01
1.338740400000000008e+01,-2.992295899999999786e+00,-3.762907600000000019e-01,6.816805999999999699e-01
1.337617999999999974e+01,-2.973897200000000129e+00,-3.269257099999999805e-01,7.041832700000000278e-01
1.341953799999999930e+01,-3.004034299999999824e+00,-3.907733899999999982e-01,6.994938499999999726e-01
1.342552300000000010e+01,-2.982078800000000030e+00,-4.192680999999999769e-01,6.917291599999999541e-01
1.344524299999999961e+01,-3.011460299999999979e+00,-3.255928000000000155e-01,7.285616700000000501e-01
1.343850699999999954e+01,-3.016834499999999863e+00,-3.233958599999999795e-01,7.283362899999999973e-01
1.326690100000000072e+01,-2.952268000000000114e+00,-3.306535500000000183e-01,6.455006500000000091e-01
1.324653200000000020e+01,-2.939285700000000112e+00,-2.970323799999999848e-01,6.485324900000000170e-01
1.329976399999999970e+01,-2.954280600000000145e+00,-3.163453199999999854e-01,6.526041900000000284e-01
1.349357000000000006e+01,-3.030528100000000169e+00,-4.522447399999999784e-01,7.483286799999999683e-01
1.335757399999999961e+01,-2.981057900000000149e+00,-3.170237699999999825e-01,6.832494500000000359e-01
1.347788300000000028e+01,-3.010258700000000065e+00,-4.520954200000000256e-01,7.397065900000000527e-01
1.349525099999999966e+01,-3.024208100000000066e+00,-4.546704799999999880e-01,7.189294699999999594e-01
1.338679999999999914e+01,-2.987058400000000002e+00,-3.846173299999999795e-01,6.914662999999999782e-01
1.345615100000000020e+01,-3.014537999999999940e+00,-3.741578799999999982e-01,7.393262299999999732e-01
1.342146800000000084e+01,-2.998913700000000127e+00,-3.758777600000000052e-01,7.113327200000000294e-01
1.335286600000000057e+01,-2.946403300000000058e+00,-3.693163600000000102e-01,6.762353199999999731e-01
1.335452300000000037e+01,-2.972871299999999994e+00,-3.500939800000000268e-01,6.755114399999999630e-01
1.342933299999999974e+01,-3.000402100000000072e+00,-4.285753700000000110e-01,6.978956899999999575e-01
1.342728600000000050e+01,-2.993601599999999863e+00,-4.817447999999999730e-01,6.755117299999999769e-01
1.343189699999999931e+01,-2.989720499999999781e+00,-4.836631800000000259e-01,6.830516399999999599e-01
1.341145000000000032e+01,-2.993215399999999971e+00,-4.823861600000000083e-01,6.837065300000000345e-01
1.341564999999999941e+01,-2.989693100000000214e+00,-4.666493199999999786e-01,6.831462600000000052e-01
1.342731900000000067e+01,-2.980584799999999923e+00,-5.071128099999999694e-01,6.654419000000000306e-01
1.345170199999999916e+01,-2.996457200000000043e+00,-4.655045999999999906e-01,6.974910600000000516e-01
1.355380500000000055e+01,-3.069259000000000182e+00,-4.355065000000000186e-01,7.925062699999999571e-01
1.354191199999999995e+01,-3.059163900000000158e+00,-5.039254300000000075e-01,7.537139000000000477e-01
1.354321799999999953e+01,-3.067970400000000097e+00,-3.674289499999999764e-01,8.091469100000000525e-01
1.342615799999999915e+01,-3.000473799999999969e+00,-4.291700900000000041e-01,6.852998900000000226e-01
1.347529699999999941e+01,-3.018849700000000080e+00,-4.701116100000000131e-01,7.210067799999999583e-01
1.345552200000000020e+01,-3.021739999999999871e+00,-4.387112599999999918e-01,7.052481099999999836e-01
1.346007299999999951e+01,-3.012741699999999856e+00,-3.817452299999999910e-01,7.573743499999999740e-01
1.319035299999999999e+01,-2.926475200000000054e+00,-2.564838600000000080e-01,6.362448600000000232e-01
1.314460900000000088e+01,-2.949080499999999994e+00,-2.527243499999999865e-01,6.049347200000000369e-01
1.315223699999999951e+01,-2.949544099999999780e+00,-2.512584800000000063e-01,6.053420000000000467e-01
1.320257499999999951e+01,-2.950771399999999822e+00,-2.069332399999999905e-01,6.420946899999999680e-01
1.317707000000000050e+01,-2.947325300000000148e+00,-1.838943799999999962e-01,6.379619699999999893e-01
1.337688999999999950e+01,-2.967848200000000158e+00,-3.861180499999999904e-01,6.988973800000000125e-01
1.339187399999999961e+01,-2.969041799999999842e+00,-4.091291899999999759e-01,6.863162699999999505e-01
1.336095399999999955e+01,-2.988981900000000191e+00,-3.888688599999999829e-01,6.726507299999999745e-01
1.338381500000000024e+01,-2.968272400000000033e+00,-4.198967800000000250e-01,6.814807000000000503e-01
1.331661399999999951e+01,-2.959556300000000029e+00,-3.525778700000000154e-01,6.710152700000000525e-01
1.332525399999999927e+01,-2.966228699999999829e+00,-2.969647499999999996e-01,6.686019399999999502e-01
1.331873399999999918e+01,-2.971649399999999996e+00,-2.772900500000000101e-01,6.776950299999999761e-01
1.338198500000000024e+01,-2.973122899999999902e+00,-3.620563099999999923e-01,6.929389599999999927e-01
1.325388399999999933e+01,-2.923408799999999808e+00,-3.383360899999999782e-01,6.429145600000000238e-01
1.322765399999999936e+01,-2.940002100000000063e+00,-2.298469900000000010e-01,6.519058899999999879e-01
1.325718999999999959e+01,-2.930740199999999795e+00,-2.906092499999999856e-01,6.405065399999999576e-01
1.326148700000000069e+01,-2.928987100000000066e+00,-2.963851499999999861e-01,6.418964000000000336e-01
1.324261500000000069e+01,-2.928102700000000169e+00,-2.953598700000000243e-01,6.461926999999999532e-01
1.325034899999999993e+01,-2.930317000000000061e+00,-2.965330199999999805e-01,6.445232499999999920e-01
1.324105499999999935e+01,-2.960411999999999821e+00,-2.700309499999999918e-01,6.370123500000000050e-01
1.348345999999999911e+01,-3.024677300000000013e+00,-4.375755499999999798e-01,7.381810699999999947e-01
1.346222999999999992e+01,-3.008119300000000162e+00,-4.431711500000000137e-01,7.229948699999999562e-01
1.346669600000000067e+01,-3.003310899999999783e+00,-4.353916299999999739e-01,7.224942300000000150e-01
1.343808100000000039e+01,-3.004272600000000182e+00,-4.438658300000000168e-01,7.205694599999999950e-01
1.343280799999999964e+01,-3.005560599999999916e+00,-4.402507700000000135e-01,7.191828999999999583e-01
1.342971000000000004e+01,-3.005095799999999873e+00,-4.400238000000000205e-01,7.189686100000000080e-01
1.321456200000000081e+01,-2.942608799999999913e+00,-2.410873600000000005e-01,6.281635700000000044e-01
1.321760599999999997e+01,-2.943341499999999833e+00,-2.391651099999999863e-01,6.252675300000000158e-01
1.322153499999999937e+01,-2.927706300000000095e+00,-2.136917899999999926e-01,6.432765400000000078e-01
1.350045000000000073e+01,-3.010424399999999778e+00,-4.507819800000000265e-01,7.427961100000000094e-01
1.329821699999999929e+01,-2.945340700000000034e+00,-3.188064099999999845e-01,6.770248199999999716e-01
1.328906899999999958e+01,-2.944948000000000121e+00,-3.248221099999999972e-01,6.753158400000000006e-01
1.327984299999999962e+01,-2.946437200000000090e+00,-3.344086399999999792e-01,6.490821700000000138e-01
1.347272099999999995e+01,-3.026020799999999955e+00,-4.552616299999999727e-01,7.275983099999999704e-01
1.343533399999999922e+01,-2.999977499999999964e+00,-3.877791500000000169e-01,7.078869800000000545e-01
1.340227100000000071e+01,-3.017727700000000013e+00,-3.933193099999999776e-01,6.939205800000000091e-01
1.341197000000000017e+01,-3.015442600000000084e+00,-3.979941100000000120e-01,6.977046099999999473e-01
1.342198100000000061e+01,-3.009417899999999868e+00,-3.725332800000000222e-01,6.923194599999999976e-01
1.339560999999999957e+01,-3.002134199999999975e+00,-3.633820700000000015e-01,7.024912300000000220e-01
1.339208700000000007e+01,-2.976918400000000187e+00,-4.110271899999999867e-01,6.914562499999999945e-01
1.345976800000000040e+01,-3.008946700000000085e+00,-3.506659200000000198e-01,7.399170099999999861e-01
1.350357900000000022e+01,-3.034868100000000180e+00,-5.060482899999999562e-01,7.194902899999999768e-01
1.346325599999999945e+01,-3.026680400000000049e+00,-3.392654999999999976e-01,7.536708800000000430e-01
1.348053499999999971e+01,-3.012560399999999916e+00,-4.104533300000000051e-01,7.499812000000000145e-01
1.344946000000000019e+01,-3.033271300000000004e+00,-3.898350199999999766e-01,7.307581399999999450e-01
1.294623999999999953e+01,-2.936592999999999787e+00,-2.060242200000000079e-01,5.362509399999999538e-01
1.289359600000000050e+01,-2.918057399999999912e+00,-1.871319399999999966e-01,5.314345400000000108e-01
1.322539699999999918e+01,-2.975725399999999965e+00,-2.020951699999999907e-01,6.585599500000000051e-01
1.323062999999999967e+01,-2.950374399999999842e+00,-2.123892500000000017e-01,6.501550400000000174e-01
1.318522699999999936e+01,-2.930674600000000130e+00,-2.738049900000000259e-01,6.122103100000000353e-01
1.317963499999999932e+01,-2.924025499999999944e+00,-2.693907899999999911e-01,6.229580000000000117e-01
1.321050800000000081e+01,-2.925005599999999983e+00,-3.027782600000000213e-01,6.111325100000000177e-01
1.338312900000000027e+01,-2.997869300000000070e+00,-3.386294599999999932e-01,7.037144100000000124e-01
1.326495399999999947e+01,-2.939180499999999974e+00,-3.006221900000000113e-01,6.488735100000000422e-01
1.326413400000000031e+01,-2.962631399999999804e+00,-2.712922600000000073e-01,6.500641600000000020e-01
1.326349599999999995e+01,-2.962492800000000148e+00,-2.625676599999999805e-01,6.410186500000000231e-01
1.328735999999999962e+01,-2.960287199999999785e+00,-2.927691499999999780e-01,6.484977899999999629e-01
1.339514600000000044e+01,-2.991155299999999961e+00,-4.041388200000000097e-01,6.942706199999999495e-01
1.338745300000000071e+01,-2.991564200000000007e+00,-4.128748700000000049e-01,6.717385999999999635e-01
1.340193499999999993e+01,-2.976476100000000180e+00,-4.596724500000000102e-01,6.812690500000000426e-01
1.342372499999999924e+01,-3.007217199999999924e+00,-4.309010600000000024e-01,6.943364800000000336e-01
1.343718900000000005e+01,-3.005346600000000201e+00,-4.115480100000000196e-01,7.034463399999999478e-01
1.338750100000000032e+01,-2.984268000000000143e+00,-3.747076100000000243e-01,6.849991500000000011e-01
1.336648199999999953e+01,-2.995722799999999797e+00,-3.401163799999999959e-01,7.104859000000000036e-01
1.359102299999999985e+01,-3.109449500000000199e+00,-4.995031500000000069e-01,8.257009699999999786e-01
1.351825999999999972e+01,-3.031163900000000133e+00,-4.646000100000000077e-01,7.302685199999999766e-01
1.351710600000000007e+01,-3.034289400000000025e+00,-4.612656600000000218e-01,7.300432199999999927e-01
1.348541499999999971e+01,-3.034121799999999869e+00,-4.714794800000000063e-01,7.341475100000000031e-01
1.352116499999999988e+01,-3.033315299999999937e+00,-4.608219700000000252e-01,7.420500799999999453e-01
1.346650799999999926e+01,-3.000339900000000171e+00,-4.564106199999999891e-01,7.430686399999999470e-01
1.346345900000000029e+01,-2.998170800000000025e+00,-4.595928000000000235e-01,7.423737299999999539e-01
1.343469600000000064e+01,-3.005047499999999872e+00,-4.128708799999999957e-01,7.144222000000000072e-01
1.345328800000000058e+01,-2.999795100000000048e+00,-4.192278899999999919e-01,7.157336399999999488e-01
1.349129600000000018e+01,-3.030122700000000169e+00,-4.696460900000000160e-01,7.341326799999999819e-01
1.350709299999999935e+01,-3.042834299999999992e+00,-4.940696600000000216e-01,7.397361199999999970e-01
1.346328699999999934e+01,-3.027880099999999963e+00,-4.374169500000000266e-01,7.241075799999999729e-01
1.348026400000000002e+01,-3.018600999999999868e+00,-3.864370200000000199e-01,7.252333499999999988e-01
1.344205799999999940e+01,-3.023676599999999937e+00,-3.917024100000000009e-01,7.263810099999999936e-01
1.345329199999999936e+01,-3.000254899999999836e+00,-4.037047999999999748e-01,7.167598400000000369e-01
1.351149599999999928e+01,-3.052388500000000171e+00,-4.164496599999999993e-01,7.658885600000000515e-01
1.353037600000000040e+01,-3.055157599999999807e+00,-4.555786600000000242e-01,7.783163699999999796e-01
1.363152000000000008e+01,-3.102548800000000107e+00,-5.420058399999999610e-01,8.000382900000000408e-01
1.361714300000000044e+01,-3.112746200000000130e+00,-5.257330300000000456e-01,7.952495000000000536e-01
1.361058500000000038e+01,-3.106931799999999910e+00,-4.368605400000000194e-01,8.658180399999999555e-01
1.362102999999999930e+01,-3.117949499999999929e+00,-4.017633299999999741e-01,8.462653900000000062e-01
1.360845499999999930e+01,-3.092508000000000035e+00,-4.558212999999999848e-01,8.251119300000000489e-01
1.353884900000000080e+01,-3.066680400000000084e+00,-4.154608200000000084e-01,7.925012000000000167e-01
1.352845699999999951e+01,-3.066236099999999798e+00,-4.165772799999999942e-01,7.918920499999999585e-01
1.333246100000000034e+01,-2.948214099999999949e+00,-3.895847499999999797e-01,6.518263800000000385e-01
1.333521099999999926e+01,-2.959352700000000169e+00,-3.619228099999999837e-01,6.614377599999999857e-01
1.338064400000000020e+01,-2.991350600000000082e+00,-3.135775599999999774e-01,6.983982499999999982e-01
1.336436300000000088e+01,-2.966085300000000036e+00,-3.681429600000000191e-01,6.911239700000000319e-01
1.347067499999999995e+01,-3.009342999999999879e+00,-4.139040500000000233e-01,7.497784199999999455e-01
1.348344999999999949e+01,-3.028151799999999838e+00,-3.903863499999999931e-01,7.550032800000000544e-01
1.347534300000000052e+01,-3.041638700000000028e+00,-3.992574199999999740e-01,7.415410799999999636e-01
1.347476999999999947e+01,-3.036982399999999860e+00,-4.062183500000000058e-01,7.477449099999999849e-01
1.350704600000000077e+01,-3.054666600000000010e+00,-4.522983799999999999e-01,7.493995500000000254e-01
1.351452100000000023e+01,-3.035204900000000094e+00,-4.209632899999999900e-01,7.648869200000000257e-01
1.351538000000000039e+01,-3.049033500000000174e+00,-4.278707900000000008e-01,7.544589000000000434e-01
1.352337799999999923e+01,-3.058454799999999807e+00,-4.629589399999999855e-01,7.630250800000000222e-01
1.337851900000000072e+01,-2.997654999999999959e+00,-2.913722400000000046e-01,7.112462600000000190e-01
1.334718200000000010e+01,-2.991626999999999814e+00,-2.516877000000000142e-01,7.111293100000000145e-01
1.332339799999999919e+01,-2.972431499999999893e+00,-2.576422999999999908e-01,6.968417099999999476e-01
1.332213999999999920e+01,-2.976372099999999854e+00,-2.581451000000000162e-01,6.918849900000000330e-01
1.333621800000000057e+01,-2.969244000000000216e+00,-4.190741800000000183e-01,6.461414399999999558e-01
1.333137900000000009e+01,-2.969955999999999818e+00,-4.174297100000000094e-01,6.461354700000000451e-01
1.333059300000000036e+01,-2.941551500000000097e+00,-3.634334799999999754e-01,6.610665700000000200e-01
1.331209300000000084e+01,-2.948013800000000018e+00,-3.662757400000000163e-01,6.642791500000000404e-01
1.336092499999999994e+01,-2.969338099999999869e+00,-3.466177599999999970e-01,6.702752199999999494e-01
1.344675200000000004e+01,-3.015290799999999827e+00,-3.981823099999999838e-01,7.310029799999999689e-01
1.314907299999999957e+01,-2.913794900000000077e+00,-2.585179000000000227e-01,6.032184600000000119e-01
1.334020199999999967e+01,-2.969914300000000118e+00,-2.916941299999999959e-01,6.930635099999999937e-01
1.330172899999999991e+01,-2.950134499999999882e+00,-3.934239199999999825e-01,6.370009399999999600e-01
1.338794799999999974e+01,-2.979305300000000045e+00,-3.429891999999999941e-01,7.205882900000000202e-01
1.339910700000000077e+01,-2.982513299999999923e+00,-3.438292600000000254e-01,7.073034999999999739e-01
1.340282599999999924e+01,-2.988955799999999829e+00,-3.790142599999999917e-01,6.930968499999999866e-01
1.338350499999999954e+01,-2.986292000000000169e+00,-3.906523700000000265e-01,6.927973400000000392e-01
1.336948699999999945e+01,-2.976891000000000176e+00,-3.785371900000000234e-01,6.895645099999999639e-01
1.325845200000000013e+01,-2.939396599999999804e+00,-3.184302600000000205e-01,6.387391300000000438e-01
1.325950300000000048e+01,-2.945101999999999887e+00,-3.197695799999999977e-01,6.379962599999999817e-01
1.345781900000000064e+01,-3.014829000000000203e+00,-4.049146800000000268e-01,7.319357800000000358e-01
1.351391699999999929e+01,-3.040632299999999955e+00,-4.516014199999999756e-01,7.520917099999999689e-01
1.347878500000000024e+01,-3.035903600000000147e+00,-4.031497600000000237e-01,7.505281999999999787e-01
1.350253799999999949e+01,-3.026555899999999966e+00,-3.868257199999999840e-01,7.701674299999999862e-01
1.350396699999999939e+01,-3.049797199999999986e+00,-3.709530899999999853e-01,7.672686699999999860e-01
1.367196000000000033e+01,-3.154120600000000163e+00,-5.269187600000000415e-01,8.957184500000000549e-01
1.367675400000000074e+01,-3.146452200000000143e+00,-4.975782100000000208e-01,8.747053000000000189e-01
1.342450799999999944e+01,-2.993163299999999971e+00,-4.256038600000000005e-01,6.839255100000000143e-01
1.341690799999999939e+01,-2.985952199999999834e+00,-4.253300899999999940e-01,6.928105100000000460e-01
1.341561899999999952e+01,-2.985654699999999995e+00,-4.261006299999999802e-01,6.920739999999999670e-01
1.336831100000000028e+01,-2.984831999999999930e+00,-3.000278900000000193e-01,7.054914599999999592e-01
1.345532000000000039e+01,-3.012209700000000101e+00,-4.295148200000000194e-01,7.218617099999999898e-01
1.347633399999999959e+01,-3.008321899999999882e+00,-4.488710100000000147e-01,7.309350999999999487e-01
1.335549299999999917e+01,-2.969010799999999950e+00,-3.299716100000000263e-01,7.011781499999999445e-01
1.337060600000000044e+01,-2.979752899999999816e+00,-3.868343000000000198e-01,6.631240499999999649e-01
1.346760899999999950e+01,-3.033806300000000178e+00,-4.455346199999999923e-01,7.240822700000000278e-01
1.349094200000000043e+01,-3.029885900000000021e+00,-4.893708399999999736e-01,7.436276000000000552e-01
1.358203699999999969e+01,-3.063221200000000088e+00,-5.069403300000000501e-01,7.701012699999999489e-01
1.358525999999999989e+01,-3.063070999999999877e+00,-5.066615599999999553e-01,7.717650799999999922e-01
1.356473599999999990e+01,-3.069017500000000176e+00,-5.174626500000000240e-01,7.790989099999999778e-01
1.356871600000000022e+01,-3.061522200000000193e+00,-5.045106400000000102e-01,7.856550799999999501e-01
1.355403500000000072e+01,-3.063603699999999819e+00,-4.955164400000000025e-01,7.851020899999999747e-01
1.356987099999999913e+01,-3.070669899999999952e+00,-4.907752499999999962e-01,7.666406099999999446e-01
1.360006699999999924e+01,-3.088195999999999941e+00,-4.971527199999999924e-01,7.966821899999999568e-01
1.361897899999999950e+01,-3.090798700000000121e+00,-5.507209800000000266e-01,7.732939300000000182e-01
1.363160399999999939e+01,-3.110748800000000092e+00,-5.407971499999999487e-01,7.870972299999999811e-01
1.347383699999999962e+01,-3.021178799999999942e+00,-3.790027100000000204e-01,7.507252399999999604e-01
1.348232299999999917e+01,-3.020423200000000197e+00,-3.725442800000000054e-01,7.558607899999999491e-01
1.306828600000000051e+01,-2.916712099999999808e+00,-2.101856000000000002e-01,5.952529399999999526e-01
1.308075400000000066e+01,-2.914837700000000087e+00,-2.035926600000000086e-01,5.949894799999999595e-01
1.319437899999999964e+01,-2.928191299999999941e+00,-3.410586299999999738e-01,6.030856599999999679e-01
1.338746500000000061e+01,-2.997703700000000193e+00,-3.429217999999999988e-01,6.963682100000000430e-01
1.337037899999999979e+01,-2.995287199999999928e+00,-3.551811799999999852e-01,6.896817699999999718e-01
1.332502500000000012e+01,-2.970871400000000051e+00,-3.076511800000000241e-01,6.855707800000000463e-01
1.332978499999999933e+01,-2.977987999999999857e+00,-2.974319000000000268e-01,6.832922099999999554e-01
1.329805799999999927e+01,-2.963076299999999996e+00,-2.425603400000000132e-01,6.776074100000000211e-01
1.329051499999999919e+01,-2.958899300000000121e+00,-2.510773900000000114e-01,6.704647900000000327e-01
1.335448899999999917e+01,-2.965204799999999974e+00,-3.640462600000000104e-01,6.639360199999999601e-01
1.345970100000000080e+01,-3.023150799999999805e+00,-3.987090400000000145e-01,7.159144100000000011e-01
1.346232400000000062e+01,-3.020347500000000185e+00,-3.985804600000000253e-01,7.155903700000000311e-01
1.342487900000000067e+01,-3.005128500000000091e+00,-3.285517499999999758e-01,7.471794499999999672e-01
1.330196800000000046e+01,-2.960124200000000094e+00,-2.882262899999999961e-01,6.620165999999999551e-01
1.325680499999999995e+01,-2.943173799999999840e+00,-2.924341999999999775e-01,6.391703699999999877e-01
1.342103200000000029e+01,-2.997204700000000166e+00,-4.018048699999999807e-01,7.078729000000000271e-01
1.343211799999999911e+01,-3.000445099999999865e+00,-3.715665400000000007e-01,7.266178899999999885e-01
1.343848599999999927e+01,-2.997574100000000019e+00,-4.163931900000000241e-01,7.218010900000000341e-01
1.344808599999999998e+01,-3.015463399999999794e+00,-4.662852900000000189e-01,6.938715199999999639e-01
1.343692500000000045e+01,-3.000487600000000032e+00,-4.321829500000000102e-01,7.232733099999999471e-01
1.345198500000000053e+01,-2.994259200000000121e+00,-4.425398899999999913e-01,7.241570999999999980e-01
1.340345800000000054e+01,-3.008096000000000103e+00,-3.483132700000000082e-01,7.035006000000000315e-01
1.338229800000000047e+01,-2.976744300000000010e+00,-3.348501099999999786e-01,7.201114600000000365e-01
1.335280200000000050e+01,-2.994951299999999872e+00,-2.956468099999999821e-01,6.846218499999999763e-01
1.335794600000000010e+01,-2.964916999999999803e+00,-3.332899799999999857e-01,6.908440399999999926e-01
1.336433500000000052e+01,-2.983251899999999956e+00,-3.389503700000000008e-01,6.843445099999999615e-01
1.336217500000000058e+01,-2.986934000000000200e+00,-3.599738800000000238e-01,6.901132700000000009e-01
1.348236600000000074e+01,-3.012659900000000057e+00,-4.413465799999999883e-01,7.166599399999999953e-01
1.351211400000000040e+01,-3.031435500000000172e+00,-4.402784900000000223e-01,7.412050199999999922e-01
1.344537099999999974e+01,-3.010707500000000092e+00,-4.149552300000000082e-01,7.183781200000000089e-01
1.341816700000000040e+01,-2.998763900000000149e+00,-3.569777900000000170e-01,7.191703099999999793e-01
1.340014900000000075e+01,-3.008558900000000147e+00,-3.488188799999999978e-01,7.155763200000000435e-01
1.346650700000000001e+01,-3.043137399999999992e+00,-3.937512699999999866e-01,7.419017500000000265e-01
1.336066699999999940e+01,-2.965940900000000102e+00,-3.776786699999999941e-01,6.651276000000000410e-01
1.334520299999999970e+01,-2.968471500000000152e+00,-3.804660599999999948e-01,6.628516300000000250e-01
1.337560299999999991e+01,-2.975137800000000166e+00,-3.186613600000000046e-01,7.031339800000000473e-01
1.338721899999999998e+01,-3.004671699999999834e+00,-3.221437699999999960e-01,6.919277400000000133e-01
1.338221500000000042e+01,-2.975706000000000184e+00,-3.765594099999999833e-01,6.878268800000000294e-01
1.338118300000000005e+01,-2.966144200000000009e+00,-3.818042899999999906e-01,6.954184700000000108e-01
1.347176600000000057e+01,-3.007715199999999811e+00,-4.648046699999999753e-01,7.143272200000000405e-01
1.338071300000000008e+01,-2.999715800000000154e+00,-3.235338700000000012e-01,7.015818400000000121e-01
1.337825199999999981e+01,-2.997128399999999804e+00,-2.824364500000000056e-01,7.177282499999999565e-01
1.339100499999999982e+01,-2.990060699999999905e+00,-2.720470199999999728e-01,7.289358599999999910e-01
1.321892500000000048e+01,-2.967420199999999841e+00,-1.647607700000000008e-01,6.583643700000000321e-01
1.323632100000000023e+01,-2.958555899999999905e+00,-2.223775600000000019e-01,6.431497200000000358e-01
1.321602299999999985e+01,-2.965153200000000044e+00,-2.225328099999999976e-01,6.502910800000000213e-01
1.318966600000000078e+01,-2.921106299999999933e+00,-2.280360200000000059e-01,6.220615600000000134e-01
1.318175899999999956e+01,-2.910713700000000070e+00,-2.327581499999999970e-01,6.228542500000000537e-01
1.317593199999999953e+01,-2.926677800000000218e+00,-2.263014299999999979e-01,6.177875099999999842e-01
1.343479600000000040e+01,-2.981221399999999910e+00,-4.244815100000000063e-01,7.284861799999999832e-01
1.340754599999999996e+01,-2.994673900000000000e+00,-4.704077500000000134e-01,6.598031800000000446e-01
1.341107799999999983e+01,-2.990591999999999917e+00,-4.720083600000000157e-01,6.581315399999999594e-01
1.342510700000000057e+01,-2.987609200000000076e+00,-4.065401499999999890e-01,7.044915600000000167e-01
1.340441900000000075e+01,-2.968889599999999795e+00,-3.987870399999999815e-01,7.176992800000000505e-01
1.340843300000000049e+01,-2.969707899999999956e+00,-3.751975300000000013e-01,7.189792699999999481e-01
1.339029500000000006e+01,-2.976200099999999793e+00,-3.715616800000000053e-01,7.215234600000000054e-01
1.338308199999999992e+01,-2.989052599999999948e+00,-3.792834700000000114e-01,6.650410700000000119e-01
1.333131599999999928e+01,-2.972324500000000036e+00,-3.605063700000000204e-01,6.648965900000000095e-01
1.334708000000000006e+01,-2.962528799999999851e+00,-3.878910799999999992e-01,6.717988099999999685e-01
1.333849999999999980e+01,-2.957376399999999794e+00,-4.033050100000000193e-01,6.683494100000000326e-01
1.322931299999999943e+01,-2.936892600000000186e+00,-2.393669599999999897e-01,6.385492799999999969e-01
1.338596199999999925e+01,-2.969339699999999915e+00,-3.908459000000000239e-01,6.827961299999999456e-01
1.354847900000000038e+01,-3.048776800000000176e+00,-3.962112199999999751e-01,7.985423200000000277e-01
1.355272800000000011e+01,-3.080700199999999889e+00,-4.104326899999999889e-01,8.012492500000000240e-01
1.363857699999999973e+01,-3.128151799999999927e+00,-5.068870899999999846e-01,8.322302799999999889e-01
1.344075699999999962e+01,-3.010342200000000190e+00,-4.340027599999999874e-01,6.989480599999999821e-01
1.343800099999999986e+01,-2.992084600000000094e+00,-4.031300199999999778e-01,7.206825000000000037e-01
1.340021800000000063e+01,-2.988835799999999931e+00,-4.226032399999999911e-01,6.890750199999999825e-01
1.340681099999999937e+01,-2.990152999999999839e+00,-4.230919200000000102e-01,6.877825400000000533e-01
1.341188299999999956e+01,-2.994209500000000190e+00,-4.119485299999999794e-01,6.939109900000000053e-01
1.339858100000000007e+01,-2.988420500000000146e+00,-3.454376000000000113e-01,6.952807300000000135e-01
1.349901200000000046e+01,-3.018889099999999992e+00,-4.583954700000000271e-01,7.332001299999999500e-01
1.348038099999999950e+01,-3.038875599999999899e+00,-3.950287499999999841e-01,7.384432600000000457e-01
1.325410399999999989e+01,-2.959206500000000073e+00,-3.313585000000000003e-01,6.244630599999999587e-01
1.324536799999999914e+01,-2.927991599999999917e+00,-2.891417800000000149e-01,6.497254000000000085e-01
1.333104699999999987e+01,-2.971900499999999834e+00,-3.416244500000000239e-01,6.524432300000000406e-01
1.326320600000000027e+01,-2.923352899999999810e+00,-3.672999000000000125e-01,6.278255299999999650e-01
1.361982199999999921e+01,-3.111333899999999986e+00,-4.121551700000000151e-01,8.913450499999999721e-01
1.358137999999999934e+01,-3.083117600000000014e+00,-4.959688500000000166e-01,7.740175900000000331e-01
1.356995799999999974e+01,-3.078669200000000217e+00,-5.297876099999999644e-01,7.790790600000000454e-01
1.358782599999999974e+01,-3.075725199999999937e+00,-5.084520399999999940e-01,7.835611700000000290e-01
1.354335599999999928e+01,-3.070405099999999887e+00,-5.417776499999999995e-01,7.789621599999999590e-01
1.357832900000000009e+01,-3.051022699999999865e+00,-5.254347000000000323e-01,7.654178499999999552e-01
1.354280900000000010e+01,-3.068006700000000198e+00,-4.690667700000000218e-01,7.908637800000000162e-01
1.353555700000000073e+01,-3.060591000000000061e+00,-5.441875099999999854e-01,7.231382499999999824e-01
1.353809799999999974e+01,-3.054234999999999811e+00,-5.414371300000000442e-01,7.237539100000000003e-01
1.352273800000000037e+01,-3.055825899999999873e+00,-5.422749500000000333e-01,7.275234299999999710e-01
1.354373799999999939e+01,-3.055073699999999892e+00,-5.277797699999999814e-01,7.470022099999999998e-01
1.354787999999999926e+01,-3.071780899999999814e+00,-5.014190499999999773e-01,7.436927599999999527e-01
1.353893799999999992e+01,-3.058011700000000221e+00,-4.961803000000000186e-01,7.484852199999999511e-01
1.354785299999999992e+01,-3.063594500000000220e+00,-4.839940099999999745e-01,7.506513000000000213e-01
1.342943299999999951e+01,-2.995454200000000178e+00,-3.485216099999999817e-01,7.302774300000000052e-01
1.341718200000000039e+01,-3.001827299999999976e+00,-3.952598399999999734e-01,7.003614000000000228e-01
1.329998800000000081e+01,-2.974820499999999868e+00,-3.054730299999999787e-01,6.573108500000000021e-01
1.330380800000000008e+01,-2.979652600000000096e+00,-2.975288300000000219e-01,6.546235999999999722e-01
1.329588099999999962e+01,-2.969449099999999842e+00,-3.012894600000000089e-01,6.625398399999999910e-01
1.322905199999999937e+01,-2.935114099999999837e+00,-2.759272600000000075e-01,6.373613900000000276e-01
1.326649399999999979e+01,-2.919741399999999931e+00,-3.657226499999999825e-01,6.241122700000000245e-01
1.329937900000000006e+01,-2.953920099999999938e+00,-3.699687400000000181e-01,6.527920400000000178e-01
1.342148399999999953e+01,-3.004810700000000168e+00,-3.994065900000000058e-01,6.839794399999999941e-01
1.339002200000000009e+01,-3.009731500000000004e+00,-3.943541500000000144e-01,6.876823699999999873e-01
1.343636500000000034e+01,-2.988632299999999908e+00,-4.208252399999999893e-01,6.943241999999999470e-01
1.333516799999999947e+01,-2.961848199999999931e+00,-3.567011800000000066e-01,6.770838999999999608e-01
1.354184300000000007e+01,-3.058560299999999899e+00,-4.512275299999999878e-01,7.631686699999999934e-01
1.353768499999999975e+01,-3.053914199999999912e+00,-4.231809799999999844e-01,7.786201600000000056e-01
1.331632300000000058e+01,-2.950219199999999820e+00,-4.307986599999999999e-01,6.487372399999999928e-01
1.339846700000000013e+01,-3.005010799999999982e+00,-3.693981499999999807e-01,7.104836900000000011e-01
1.332993699999999926e+01,-2.957330300000000189e+00,-3.559732800000000030e-01,6.552189899999999456e-01
1.331944200000000045e+01,-2.978466000000000058e+00,-3.514884699999999973e-01,6.524904400000000049e-01
1.331851499999999966e+01,-2.968103800000000181e+00,-3.399005299999999785e-01,6.572837000000000263e-01
1.331743900000000025e+01,-2.972886799999999941e+00,-3.383838599999999808e-01,6.573156199999999894e-01
1.332790900000000001e+01,-2.952155299999999816e+00,-3.405273600000000012e-01,6.715354500000000337e-01
1.330354499999999973e+01,-2.975475600000000220e+00,-2.659366499999999967e-01,6.709703000000000195e-01
1.329538900000000012e+01,-2.945644099999999987e+00,-2.626367700000000194e-01,6.817346600000000478e-01
1.327861300000000000e+01,-2.947606700000000135e+00,-2.615858799999999929e-01,6.780500699999999492e-01
1.327261599999999930e+01,-2.946559600000000056e+00,-2.625244199999999806e-01,6.839767399999999720e-01
1.347815800000000053e+01,-3.012564499999999867e+00,-4.939367199999999958e-01,7.363959799999999500e-01
1.345837500000000020e+01,-3.021347599999999911e+00,-4.600030600000000192e-01,7.023642399999999730e-01
1.337786099999999934e+01,-2.994503100000000195e+00,-3.220480099999999957e-01,6.955472600000000005e-01
1.338298900000000025e+01,-2.986699699999999957e+00,-2.804799599999999726e-01,7.070960899999999549e-01
1.341887799999999942e+01,-2.991343800000000108e+00,-4.523072599999999888e-01,6.913646700000000145e-01
1.322849599999999981e+01,-2.962717699999999788e+00,-2.206093299999999924e-01,6.450497800000000170e-01
1.324735100000000010e+01,-2.945689400000000013e+00,-2.467653499999999944e-01,6.527826899999999988e-01
1.314835199999999915e+01,-2.919716199999999873e+00,-2.491777799999999876e-01,6.093897999999999815e-01
1.315195300000000067e+01,-2.944833599999999940e+00,-2.050955700000000048e-01,6.181795300000000326e-01
1.339975500000000075e+01,-3.001117100000000093e+00,-3.766746999999999734e-01,7.039501999999999704e-01
1.336961600000000061e+01,-2.973922899999999814e+00,-3.412881300000000229e-01,6.935591300000000237e-01
1.329557499999999948e+01,-2.977896799999999899e+00,-2.179281899999999939e-01,6.842072999999999627e-01
1.340671900000000072e+01,-2.972210800000000042e+00,-4.785128799999999738e-01,6.707386899999999708e-01
1.341398500000000027e+01,-2.992143299999999950e+00,-4.469954099999999819e-01,6.812924500000000494e-01
1.338014500000000062e+01,-2.981896199999999997e+00,-3.722994199999999920e-01,6.823562699999999870e-01
1.336678000000000033e+01,-2.984815799999999797e+00,-3.671275800000000089e-01,6.818064499999999528e-01
1.335930500000000087e+01,-2.971651399999999832e+00,-3.705296000000000145e-01,6.840119000000000060e-01
1.345259800000000006e+01,-3.014125299999999896e+00,-4.287937600000000238e-01,7.289316099999999521e-01
1.357418599999999920e+01,-3.084497600000000173e+00,-5.044629899999999445e-01,7.806798600000000032e-01
1.356530399999999936e+01,-3.088322799999999813e+00,-5.761098500000000344e-01,7.600314599999999920e-01
1.364188900000000082e+01,-3.108153199999999838e+00,-5.029094899999999591e-01,8.191167499999999491e-01
1.363734299999999955e+01,-3.121344999999999814e+00,-4.882624799999999987e-01,8.439811000000000396e-01
1.339863099999999996e+01,-2.979792600000000125e+00,-4.247953099999999815e-01,6.750907200000000330e-01
1.347831599999999952e+01,-3.042346100000000053e+00,-3.504042700000000177e-01,7.546166800000000396e-01
1.346875000000000000e+01,-3.049651499999999960e+00,-3.433393100000000087e-01,7.556818199999999486e-01
1.345347899999999974e+01,-3.002593800000000090e+00,-3.733044400000000151e-01,7.473728200000000488e-01
1.336239600000000038e+01,-2.985224200000000216e+00,-3.133109000000000033e-01,6.926885799999999982e-01
1.334383899999999912e+01,-2.972077300000000033e+00,-3.414189400000000041e-01,6.724458500000000116e-01
1.329380399999999973e+01,-2.961095100000000091e+00,-2.564480699999999724e-01,6.797786999999999580e-01
1.334492999999999974e+01,-2.954565099999999944e+00,-3.581949200000000277e-01,6.864643499999999454e-01
1.335763599999999940e+01,-2.954684299999999819e+00,-3.252174500000000190e-01,6.987101300000000403e-01
1.333976999999999968e+01,-2.984115899999999932e+00,-2.690618200000000071e-01,6.880989499999999870e-01
1.334232500000000066e+01,-2.975835399999999797e+00,-2.778003499999999737e-01,7.000664599999999460e-01
1.328693099999999916e+01,-2.977910800000000080e+00,-1.993358000000000074e-01,6.766467999999999927e-01
1.328661100000000062e+01,-2.981900800000000018e+00,-1.785910500000000012e-01,6.912231500000000084e-01
1.327642799999999923e+01,-2.987239699999999942e+00,-1.658232199999999934e-01,6.874037299999999906e-01
1.319466700000000081e+01,-2.944669300000000156e+00,-2.313399999999999901e-01,6.311373700000000309e-01
1.319769299999999923e+01,-2.946780200000000072e+00,-2.227798199999999895e-01,6.263838800000000040e-01
1.318133500000000069e+01,-2.925420599999999816e+00,-2.250736399999999915e-01,6.338751599999999931e-01
1.308689900000000073e+01,-2.929852299999999854e+00,-2.325276199999999904e-01,5.818696399999999658e-01
1.311130900000000032e+01,-2.944502299999999906e+00,-1.110386099999999959e-01,6.181959099999999596e-01
1.299558299999999988e+01,-2.883986199999999833e+00,-2.355980300000000138e-01,5.520243599999999917e-01
1.310054399999999930e+01,-2.901898599999999995e+00,-3.124527000000000276e-01,5.712773199999999774e-01
1.310185099999999991e+01,-2.903495200000000054e+00,-3.269315300000000257e-01,5.637557699999999894e-01
1.319622599999999935e+01,-2.900676400000000044e+00,-3.583071899999999976e-01,6.115842400000000012e-01
1.333605400000000074e+01,-2.955135199999999962e+00,-2.878255100000000066e-01,6.887097399999999592e-01
1.329892800000000008e+01,-2.954590399999999839e+00,-3.047377199999999897e-01,6.822984600000000510e-01
1.332770299999999963e+01,-2.968444799999999884e+00,-3.136856000000000089e-01,6.896601999999999455e-01
1.320056100000000043e+01,-2.934876899999999900e+00,-2.319246500000000100e-01,6.329076399999999936e-01
1.324173099999999970e+01,-2.945783599999999947e+00,-2.822469499999999965e-01,6.353045299999999784e-01
1.332643200000000050e+01,-2.956597100000000200e+00,-3.842525999999999997e-01,6.505202799999999508e-01
1.332965000000000089e+01,-2.950171899999999958e+00,-3.708877899999999950e-01,6.618726400000000121e-01
1.325411700000000081e+01,-2.947996900000000142e+00,-3.410844800000000232e-01,6.329195600000000477e-01
1.351751999999999931e+01,-3.044352299999999900e+00,-4.257069299999999834e-01,7.474520999999999527e-01
1.328091099999999969e+01,-2.956840800000000158e+00,-2.940151899999999818e-01,6.668891000000000124e-01
1.329739799999999939e+01,-2.955653400000000097e+00,-2.980397100000000132e-01,6.628653100000000409e-01
1.329642400000000002e+01,-2.954225200000000218e+00,-2.973974400000000129e-01,6.715222100000000083e-01
1.329456300000000013e+01,-2.954126800000000053e+00,-3.275560000000000138e-01,6.609525699999999615e-01
1.329631099999999932e+01,-2.953556799999999871e+00,-3.296271299999999904e-01,6.535866200000000070e-01
1.333933399999999914e+01,-2.948073500000000013e+00,-3.705692099999999822e-01,6.615031999999999579e-01
1.328622499999999995e+01,-2.928093000000000057e+00,-4.002144699999999888e-01,6.234667499999999585e-01
1.327499399999999952e+01,-2.927834799999999849e+00,-3.951819799999999883e-01,6.392683099999999508e-01
1.325603699999999918e+01,-2.950747999999999927e+00,-3.409611699999999801e-01,6.316244199999999642e-01
1.339538300000000071e+01,-2.975016699999999847e+00,-3.773840199999999867e-01,7.014187100000000008e-01
1.333152600000000021e+01,-2.973523199999999811e+00,-3.714107300000000222e-01,6.568054300000000234e-01
1.333191500000000040e+01,-2.966793800000000036e+00,-3.626128399999999918e-01,6.690279799999999666e-01
1.332465700000000020e+01,-2.970899499999999804e+00,-3.242259499999999850e-01,6.791733199999999693e-01
1.347621700000000011e+01,-3.007778599999999969e+00,-4.353264199999999917e-01,7.229438099999999645e-01
1.347342300000000037e+01,-3.011239400000000010e+00,-4.329828000000000010e-01,7.209356000000000098e-01
1.350601600000000069e+01,-3.042359999999999953e+00,-4.567759900000000206e-01,7.548794699999999969e-01
1.352318200000000026e+01,-3.044746400000000186e+00,-4.567784200000000183e-01,7.420260499999999926e-01
1.352429399999999937e+01,-3.041103699999999854e+00,-4.042035099999999881e-01,7.787035599999999613e-01
1.350786300000000040e+01,-3.045470400000000133e+00,-4.134042600000000234e-01,7.791297099999999753e-01
1.353520499999999949e+01,-3.040147300000000108e+00,-3.889235699999999962e-01,7.880100799999999461e-01
1.342741999999999969e+01,-3.000793900000000125e+00,-4.078624699999999770e-01,7.233355700000000388e-01
1.341268900000000031e+01,-2.989881500000000081e+00,-4.338468799999999903e-01,7.083770900000000426e-01
1.332130500000000062e+01,-2.959121699999999855e+00,-2.849040099999999853e-01,6.737985100000000172e-01
1.334973800000000033e+01,-2.985686299999999793e+00,-2.808558299999999730e-01,7.058452899999999586e-01
1.341955899999999957e+01,-2.996941200000000194e+00,-4.094176700000000113e-01,7.013211700000000492e-01
1.338386500000000012e+01,-3.007155099999999859e+00,-3.793902499999999844e-01,6.785566400000000442e-01
1.338084600000000002e+01,-3.001129999999999853e+00,-3.819235000000000269e-01,6.791148599999999869e-01
1.338054099999999913e+01,-2.975409700000000157e+00,-3.543998300000000268e-01,7.021537100000000420e-01
1.331003899999999973e+01,-2.970031300000000041e+00,-3.096970499999999737e-01,6.616236500000000076e-01
1.340873299999999979e+01,-2.997645200000000010e+00,-4.170238000000000000e-01,6.941372199999999992e-01
1.342236499999999921e+01,-2.992419100000000221e+00,-4.110106399999999827e-01,6.975944600000000273e-01
1.340078699999999934e+01,-2.984849200000000202e+00,-4.007446399999999853e-01,7.062398399999999521e-01
1.346628499999999917e+01,-3.021046300000000073e+00,-4.186407200000000217e-01,7.423202700000000043e-01
1.346790900000000057e+01,-3.023594899999999974e+00,-4.303544200000000153e-01,7.375980399999999548e-01
1.320134900000000044e+01,-2.942601400000000034e+00,-1.956977099999999969e-01,6.390338800000000541e-01
1.330308600000000041e+01,-2.941125299999999942e+00,-3.213716999999999824e-01,6.758170199999999905e-01
1.331166999999999945e+01,-2.969362100000000115e+00,-3.458706400000000070e-01,6.577974599999999450e-01
1.344574300000000022e+01,-3.019909900000000036e+00,-3.449016799999999883e-01,7.322223500000000218e-01
1.344651900000000033e+01,-3.016744500000000162e+00,-4.262981499999999868e-01,7.178762100000000146e-01
1.346328199999999953e+01,-3.008213099999999862e+00,-4.227210299999999976e-01,7.206470600000000060e-01
1.348966500000000046e+01,-3.025979299999999927e+00,-4.336181299999999905e-01,7.275584200000000390e-01
1.346420999999999957e+01,-3.011507799999999957e+00,-4.286212899999999881e-01,7.342627600000000143e-01
1.346613699999999980e+01,-3.002055900000000221e+00,-4.171095899999999745e-01,7.424821400000000127e-01
1.341671900000000051e+01,-3.015058999999999934e+00,-3.498552300000000170e-01,7.116328400000000443e-01
1.326142600000000016e+01,-2.945094600000000007e+00,-3.440042099999999770e-01,6.124052599999999513e-01
1.329610699999999923e+01,-2.941210499999999950e+00,-2.597254999999999980e-01,6.648358899999999849e-01
1.341797599999999946e+01,-3.002773799999999937e+00,-4.560443399999999925e-01,6.930680500000000466e-01
1.350314700000000023e+01,-3.050816300000000147e+00,-5.070164299999999624e-01,7.351187000000000138e-01
1.351363800000000026e+01,-3.050151000000000057e+00,-4.990750999999999937e-01,7.346761200000000436e-01
1.353944599999999987e+01,-3.043458199999999891e+00,-5.122712600000000061e-01,7.446317399999999864e-01
1.351949300000000065e+01,-3.045156799999999997e+00,-5.120414100000000301e-01,7.314415399999999456e-01
1.351480800000000038e+01,-3.050071500000000047e+00,-5.015072099999999811e-01,7.251165099999999919e-01
1.352124399999999937e+01,-3.042611099999999791e+00,-5.059534100000000478e-01,7.257099999999999662e-01
1.335288399999999953e+01,-2.982254399999999972e+00,-2.838416000000000272e-01,6.992391000000000023e-01
1.336880700000000033e+01,-2.984904499999999850e+00,-2.867775399999999975e-01,7.000856300000000143e-01
1.332981599999999922e+01,-2.967098299999999966e+00,-3.700650300000000170e-01,6.707520599999999833e-01
1.335021000000000058e+01,-2.960065000000000168e+00,-3.661525400000000263e-01,6.643665899999999791e-01
1.334241800000000033e+01,-2.979955799999999932e+00,-3.355628299999999786e-01,6.763246200000000430e-01
1.335190599999999961e+01,-2.983954400000000007e+00,-3.410633299999999979e-01,6.732052800000000170e-01
1.340592599999999912e+01,-3.002753300000000181e+00,-3.516110700000000255e-01,7.018070600000000381e-01
1.338943500000000064e+01,-2.977983899999999906e+00,-3.695644200000000046e-01,7.073065600000000286e-01
1.339344499999999982e+01,-2.993332500000000174e+00,-3.829523400000000022e-01,6.952654600000000018e-01
1.322840700000000069e+01,-2.943198600000000109e+00,-2.730457299999999865e-01,6.325091499999999645e-01
1.321806800000000059e+01,-2.953795099999999785e+00,-2.801083400000000112e-01,6.223136799999999802e-01
1.322424999999999962e+01,-2.954676000000000080e+00,-2.844800699999999738e-01,6.318276699999999524e-01
1.343543400000000076e+01,-2.999402400000000135e+00,-4.550638699999999814e-01,6.831256900000000076e-01
1.343278899999999965e+01,-3.014507300000000001e+00,-4.087537700000000163e-01,7.180785299999999927e-01
1.323260199999999998e+01,-2.950076500000000213e+00,-2.974215499999999790e-01,6.254184200000000304e-01
1.322912200000000027e+01,-2.943361299999999847e+00,-2.223537299999999994e-01,6.544960199999999562e-01
1.309595599999999926e+01,-2.905169299999999843e+00,-2.568043700000000040e-01,5.884576900000000332e-01
1.322481400000000029e+01,-2.923659199999999903e+00,-3.098816899999999874e-01,6.322307999999999817e-01
1.324475400000000036e+01,-2.935306100000000029e+00,-2.929921999999999804e-01,6.363520799999999866e-01
1.324522100000000080e+01,-2.936867799999999917e+00,-2.920431900000000081e-01,6.352143000000000095e-01
1.321079699999999946e+01,-2.948927100000000134e+00,-2.861726900000000073e-01,6.193912499999999488e-01
1.321144999999999925e+01,-2.934887100000000082e+00,-2.806597699999999751e-01,6.171588399999999863e-01
1.294228299999999976e+01,-2.923934700000000220e+00,-1.232778499999999944e-01,5.564296199999999581e-01
1.297168500000000080e+01,-2.908870100000000125e+00,-1.405294800000000122e-01,5.627062200000000347e-01
1.300001699999999971e+01,-2.934661699999999929e+00,-9.814819800000000594e-02,5.838809400000000149e-01
1.301966099999999926e+01,-2.938917700000000188e+00,-1.018249999999999988e-01,5.773474899999999632e-01
1.323955100000000051e+01,-2.947085599999999861e+00,-2.670833100000000182e-01,6.412149700000000507e-01
1.323361700000000063e+01,-2.942727800000000116e+00,-2.708009900000000192e-01,6.459043899999999949e-01
1.314365899999999954e+01,-2.933704899999999949e+00,-2.914868700000000090e-01,5.961995900000000015e-01
1.314373299999999922e+01,-2.926316299999999870e+00,-2.832964700000000224e-01,5.974442800000000497e-01
1.310510599999999926e+01,-2.925708999999999893e+00,-1.997065899999999894e-01,5.974688299999999508e-01
1.320444700000000005e+01,-2.929144200000000087e+00,-3.110560600000000231e-01,6.184256099999999590e-01
1.326519099999999973e+01,-2.947923700000000036e+00,-2.546547299999999958e-01,6.489281500000000369e-01
1.309235499999999952e+01,-2.922195499999999946e+00,-2.163459699999999986e-01,6.019487799999999611e-01
1.310195099999999968e+01,-2.918117300000000025e+00,-2.156437499999999952e-01,5.996927699999999861e-01
1.309679599999999944e+01,-2.910439799999999799e+00,-2.117246200000000023e-01,5.926703100000000335e-01
1.307466999999999935e+01,-2.925070199999999954e+00,-1.988439399999999968e-01,5.903973900000000219e-01
1.313899200000000000e+01,-2.938146500000000216e+00,-2.223636999999999975e-01,6.035429799999999512e-01
1.304673900000000053e+01,-2.905776100000000195e+00,-2.113889100000000132e-01,5.813951400000000325e-01
1.305074800000000046e+01,-2.950575300000000123e+00,-1.275827099999999881e-01,5.828878100000000062e-01
1.310917300000000019e+01,-2.918642999999999876e+00,-1.628143099999999899e-01,6.191969000000000500e-01
1.311985800000000069e+01,-2.932183799999999785e+00,-1.747428400000000104e-01,6.144544299999999959e-01
1.314370399999999961e+01,-2.954577899999999868e+00,-1.744532299999999869e-01,6.200468500000000382e-01
1.307420199999999966e+01,-2.938126800000000038e+00,-1.816386399999999901e-01,5.903490200000000021e-01
1.310729300000000030e+01,-2.933669699999999825e+00,-1.833561400000000008e-01,5.968546300000000526e-01
1.309712299999999985e+01,-2.936187199999999997e+00,-1.871766400000000052e-01,6.010765099999999528e-01
1.337472200000000022e+01,-2.973304000000000169e+00,-3.682292400000000132e-01,6.928538699999999828e-01
1.337560900000000075e+01,-2.973029599999999828e+00,-3.680225500000000038e-01,6.931643400000000454e-01
1.328105200000000075e+01,-2.929372499999999935e+00,-3.941069799999999956e-01,6.318488399999999672e-01
1.317486899999999928e+01,-2.941218899999999969e+00,-2.310819199999999962e-01,6.229698999999999653e-01
1.325884600000000013e+01,-2.949321499999999929e+00,-3.190246299999999757e-01,6.277538400000000074e-01
1.344990100000000055e+01,-3.025305700000000098e+00,-3.994924799999999832e-01,7.282326300000000474e-01
1.343309099999999923e+01,-3.008322199999999835e+00,-3.740287899999999999e-01,7.327627300000000288e-01
1.339140800000000020e+01,-2.985079600000000166e+00,-3.833122700000000105e-01,6.896873500000000323e-01
1.324191199999999924e+01,-2.951815999999999995e+00,-2.529387499999999900e-01,6.441186399999999646e-01
1.335669900000000077e+01,-2.967186100000000160e+00,-3.324099600000000043e-01,6.844008200000000208e-01
1.334064200000000078e+01,-2.970595799999999898e+00,-3.430636100000000188e-01,6.924925199999999448e-01
1.335356099999999913e+01,-2.973326199999999808e+00,-3.401826900000000098e-01,6.894797599999999971e-01
1.315543599999999991e+01,-2.925022499999999859e+00,-2.693037999999999821e-01,6.049006000000000105e-01
1.291586700000000043e+01,-2.925940300000000160e+00,-1.449604200000000065e-01,5.402568800000000504e-01
1.296404700000000076e+01,-2.939599499999999921e+00,-1.435242200000000079e-01,5.481141699999999561e-01
1.296852999999999945e+01,-2.915262499999999868e+00,-1.645673800000000131e-01,5.543153600000000347e-01
1.297427199999999914e+01,-2.916298999999999975e+00,-1.665132900000000082e-01,5.486332699999999507e-01
1.295934399999999975e+01,-2.919742499999999907e+00,-1.667062900000000070e-01,5.491353199999999823e-01
1.301955399999999941e+01,-2.954791600000000074e+00,-1.077122799999999936e-01,5.786252200000000512e-01
1.309181199999999912e+01,-2.948556400000000188e+00,-1.778830600000000095e-01,5.926363000000000048e-01
1.308389900000000061e+01,-2.942562999999999818e+00,-1.160400000000000043e-01,6.001872200000000213e-01
1.331388899999999964e+01,-2.955369300000000088e+00,-3.333803300000000025e-01,6.525808800000000298e-01
1.351061100000000081e+01,-3.030523300000000031e+00,-4.302979100000000057e-01,7.617547199999999963e-01
1.339182100000000020e+01,-2.975668699999999944e+00,-4.064388400000000234e-01,6.957883799999999841e-01
1.327943699999999971e+01,-2.952116199999999857e+00,-3.415437299999999898e-01,6.375494800000000017e-01
1.344773400000000052e+01,-3.020892599999999817e+00,-3.791431000000000107e-01,7.258023000000000113e-01
1.327017700000000033e+01,-2.950302999999999898e+00,-3.363068900000000250e-01,6.373691200000000112e-01
1.349552000000000085e+01,-3.035660800000000048e+00,-4.032277300000000064e-01,7.441820099999999494e-01
1.349894399999999983e+01,-3.027934399999999915e+00,-4.331400899999999776e-01,7.429857100000000214e-01
1.348030499999999954e+01,-3.026383299999999998e+00,-3.685361400000000121e-01,7.523920200000000502e-01
1.351630600000000015e+01,-3.043969999999999843e+00,-4.859669200000000244e-01,7.355590499999999921e-01
1.326356000000000002e+01,-2.938345099999999821e+00,-3.415771599999999908e-01,6.286801400000000539e-01
1.349090400000000045e+01,-3.026974399999999843e+00,-4.650820700000000141e-01,7.220784999999999565e-01
1.340257300000000029e+01,-2.990407900000000119e+00,-4.132487499999999980e-01,6.930822100000000319e-01
1.348044999999999938e+01,-3.031852799999999792e+00,-3.946119299999999996e-01,7.550797900000000284e-01
1.342225299999999955e+01,-2.980084499999999803e+00,-3.789982299999999915e-01,7.144659599999999555e-01
1.340408500000000025e+01,-2.990342200000000172e+00,-3.695983099999999855e-01,7.172020000000000062e-01
1.332205199999999934e+01,-2.949229700000000065e+00,-3.807818800000000170e-01,6.689187399999999561e-01
1.336684200000000011e+01,-2.993367999999999807e+00,-2.915994100000000033e-01,6.921629599999999938e-01
1.329636799999999930e+01,-2.931132400000000082e+00,-3.374542500000000111e-01,6.555790299999999515e-01
1.328594099999999933e+01,-2.938927200000000184e+00,-3.415931799999999963e-01,6.494554599999999844e-01
1.304271699999999967e+01,-2.935919199999999840e+00,-1.369144999999999945e-01,5.775837799999999911e-01
1.303035700000000041e+01,-2.931642500000000151e+00,-1.417683399999999927e-01,5.911520900000000189e-01
1.310196900000000042e+01,-2.919245200000000207e+00,-2.057680299999999907e-01,6.072810299999999994e-01
1.317568999999999946e+01,-2.936998599999999904e+00,-2.156563200000000124e-01,6.169969899999999674e-01
1.307648200000000038e+01,-2.939706199999999825e+00,-1.280105599999999955e-01,5.999563799999999558e-01
1.305696599999999918e+01,-2.938833199999999923e+00,-9.146476600000000290e-02,6.019633699999999976e-01
1.300300400000000067e+01,-2.925328899999999788e+00,-1.914635899999999891e-01,5.560916299999999479e-01
1.310868699999999976e+01,-2.918526299999999907e+00,-1.707902000000000031e-01,6.136811899999999875e-01
1.312698999999999927e+01,-2.924817200000000117e+00,-2.288740700000000128e-01,5.998378800000000455e-01
1.338868300000000033e+01,-2.982639199999999935e+00,-3.724696100000000065e-01,6.922540299999999647e-01
1.338403399999999976e+01,-2.977077400000000207e+00,-3.363711500000000076e-01,7.060884699999999681e-01
1.338287000000000049e+01,-2.992534599999999934e+00,-3.594928399999999802e-01,6.966986699999999644e-01
1.339560700000000004e+01,-2.969206999999999930e+00,-3.522772399999999915e-01,7.070392500000000080e-01
1.337370699999999957e+01,-2.979600899999999886e+00,-3.400427999999999784e-01,7.110172200000000053e-01
1.339119900000000030e+01,-3.005850699999999875e+00,-3.669342800000000016e-01,7.005971800000000416e-01
1.338969999999999949e+01,-3.006360400000000155e+00,-3.666342000000000212e-01,6.960323400000000271e-01
1.339440899999999957e+01,-3.013728899999999822e+00,-3.713825099999999990e-01,6.846185000000000187e-01
1.341337200000000074e+01,-2.997605200000000192e+00,-3.993310099999999863e-01,6.922415400000000441e-01
1.336982099999999996e+01,-2.959908099999999820e+00,-3.670498200000000266e-01,6.800530099999999578e-01
1.330813500000000005e+01,-2.956782299999999974e+00,-3.941025000000000222e-01,6.370677799999999724e-01
1.340589100000000045e+01,-3.016047400000000156e+00,-3.012880299999999845e-01,7.159975200000000539e-01
1.340262700000000073e+01,-2.982180000000000053e+00,-3.951453400000000116e-01,7.062452900000000255e-01
1.339193200000000061e+01,-2.991092599999999990e+00,-3.756845699999999955e-01,6.911922799999999922e-01
1.339169200000000082e+01,-2.983460000000000001e+00,-3.601232400000000111e-01,7.029270300000000082e-01
1.343640700000000088e+01,-2.998080499999999926e+00,-4.467628900000000236e-01,7.001212199999999886e-01
1.346245599999999953e+01,-3.017472800000000177e+00,-4.217080699999999904e-01,7.275559299999999618e-01
1.345686000000000071e+01,-3.015903999999999918e+00,-4.087158499999999917e-01,7.287905199999999972e-01
1.340946800000000039e+01,-2.992687800000000120e+00,-3.682359199999999944e-01,7.046842700000000015e-01
1.331586899999999929e+01,-2.961901800000000140e+00,-3.455912700000000060e-01,6.662411599999999989e-01
1.339079000000000086e+01,-2.978083400000000047e+00,-3.776341300000000123e-01,6.854226799999999509e-01
1.337575999999999965e+01,-2.984861200000000103e+00,-3.719915300000000147e-01,6.797451100000000412e-01
1.350502700000000011e+01,-3.056160699999999952e+00,-4.102563499999999919e-01,7.428196299999999530e-01
1.348790600000000062e+01,-3.052161400000000135e+00,-4.384290100000000079e-01,7.257779199999999653e-01
1.349057200000000023e+01,-3.033493500000000065e+00,-4.641588400000000170e-01,7.169242799999999693e-01
1.337619300000000067e+01,-2.968141699999999883e+00,-3.294261499999999732e-01,7.052033800000000463e-01
1.337678000000000011e+01,-2.978017900000000218e+00,-3.449379399999999984e-01,6.923901900000000165e-01
1.335493300000000083e+01,-2.971483800000000119e+00,-3.715614199999999756e-01,6.651055599999999846e-01
1.328799300000000017e+01,-2.957230299999999978e+00,-2.921132200000000068e-01,6.520993999999999957e-01
1.330279900000000026e+01,-2.965726099999999921e+00,-2.544749199999999933e-01,6.828207200000000476e-01
1.327683799999999970e+01,-2.964096599999999970e+00,-2.686489899999999764e-01,6.612735299999999983e-01
1.330569599999999930e+01,-2.956249300000000080e+00,-3.049157100000000065e-01,6.739510699999999854e-01
1.330090200000000067e+01,-2.957783800000000074e+00,-3.016311899999999935e-01,6.791081300000000320e-01
1.329770300000000027e+01,-2.957441799999999787e+00,-3.004924600000000168e-01,6.798705800000000021e-01
1.332926499999999947e+01,-2.962485800000000058e+00,-3.492499600000000259e-01,6.737602999999999787e-01
1.333569800000000072e+01,-2.965036500000000075e+00,-3.436966100000000135e-01,6.693448199999999515e-01
1.328077700000000050e+01,-2.945216600000000184e+00,-3.308511800000000225e-01,6.479803100000000038e-01
1.319494300000000031e+01,-2.928186999999999873e+00,-2.738644299999999920e-01,6.190546999999999578e-01
1.317500899999999930e+01,-2.913047800000000187e+00,-2.666390699999999780e-01,6.270721999999999685e-01
1.322541700000000020e+01,-2.943489800000000045e+00,-3.040408900000000081e-01,6.230427400000000393e-01
1.319534299999999938e+01,-2.951356800000000113e+00,-1.910977399999999882e-01,6.387925199999999748e-01
1.321716900000000017e+01,-2.952488699999999966e+00,-2.450577600000000134e-01,6.307620299999999736e-01
1.323265600000000042e+01,-2.956437799999999783e+00,-2.387475000000000014e-01,6.458832599999999591e-01
1.319881400000000049e+01,-2.934833100000000083e+00,-2.613873700000000078e-01,6.229438000000000475e-01
1.315887500000000010e+01,-2.950161800000000056e+00,-1.565905300000000056e-01,6.292502500000000110e-01
1.315861499999999928e+01,-2.947147999999999879e+00,-1.749249400000000010e-01,6.290672999999999959e-01
1.317014900000000033e+01,-2.924517799999999834e+00,-2.339602400000000137e-01,6.203134200000000043e-01
1.317462899999999948e+01,-2.917467100000000091e+00,-2.260908600000000046e-01,6.278920700000000243e-01
1.321839300000000073e+01,-2.949850999999999779e+00,-2.548115300000000083e-01,6.266678300000000368e-01
1.321357399999999949e+01,-2.948604500000000073e+00,-2.506174400000000246e-01,6.316453400000000551e-01
1.336393999999999949e+01,-2.979701400000000167e+00,-3.325169599999999726e-01,6.776483899999999894e-01
1.333642299999999992e+01,-2.966413300000000142e+00,-3.566532399999999825e-01,6.827752999999999739e-01
1.341062100000000079e+01,-2.996502899999999858e+00,-3.914533099999999988e-01,6.978442200000000151e-01
1.342744099999999996e+01,-2.999179400000000051e+00,-3.647961100000000068e-01,7.306489299999999742e-01
1.342520999999999987e+01,-3.021300999999999792e+00,-3.829559200000000052e-01,6.964323700000000228e-01
1.339819199999999988e+01,-2.998835800000000162e+00,-3.633678499999999922e-01,7.079756400000000172e-01
1.348785999999999952e+01,-3.025660100000000075e+00,-4.173521900000000118e-01,7.376468200000000364e-01
1.339746799999999993e+01,-2.980689100000000202e+00,-3.753660899999999856e-01,6.884543699999999822e-01
1.336077399999999926e+01,-2.964608500000000202e+00,-3.788968200000000230e-01,6.970088300000000237e-01
1.338357199999999914e+01,-2.968868300000000016e+00,-3.853854899999999972e-01,6.936862400000000095e-01
1.337701700000000038e+01,-2.967949099999999785e+00,-4.012456500000000092e-01,6.739889799999999598e-01
1.338548100000000041e+01,-2.968082799999999910e+00,-4.007636099999999924e-01,6.713259900000000391e-01
1.340109700000000004e+01,-2.986265299999999900e+00,-3.574189700000000025e-01,7.015029400000000193e-01
1.356274900000000017e+01,-3.076016999999999779e+00,-5.070516000000000467e-01,7.795096200000000142e-01
1.355942300000000067e+01,-3.077668000000000070e+00,-4.572711700000000046e-01,7.756088799999999450e-01
1.358414900000000003e+01,-3.075439499999999882e+00,-5.034109300000000342e-01,7.996868099999999702e-01
1.358333400000000069e+01,-3.090343600000000190e+00,-4.974121499999999974e-01,7.905264400000000524e-01
1.357954900000000009e+01,-3.091471999999999998e+00,-4.974449699999999863e-01,7.905174900000000449e-01
1.356796199999999963e+01,-3.074965900000000030e+00,-5.197297699999999798e-01,7.734917799999999621e-01
1.355687400000000054e+01,-3.065554199999999785e+00,-4.702896599999999983e-01,7.755336600000000136e-01
1.359342599999999912e+01,-3.088417600000000096e+00,-4.849846600000000119e-01,8.171028500000000472e-01
1.358614700000000042e+01,-3.080956800000000051e+00,-4.829238800000000276e-01,8.107661499999999632e-01
1.359624799999999922e+01,-3.089336299999999813e+00,-5.242139099999999496e-01,8.042780400000000274e-01
1.319830699999999979e+01,-2.944526399999999988e+00,-2.824928099999999831e-01,6.051181799999999500e-01
1.313993699999999976e+01,-2.912670799999999893e+00,-2.174603099999999900e-01,6.182179899999999950e-01
1.315664199999999973e+01,-2.927402400000000071e+00,-2.147341100000000058e-01,6.168694399999999911e-01
1.315478899999999918e+01,-2.933348500000000136e+00,-2.352696800000000088e-01,6.091834900000000497e-01
1.339747099999999946e+01,-2.978129599999999932e+00,-3.880433999999999828e-01,6.954250899999999680e-01
1.335747399999999985e+01,-2.965250999999999859e+00,-3.805928399999999878e-01,6.743628600000000084e-01
1.336831500000000084e+01,-2.977783200000000186e+00,-3.745775399999999866e-01,6.794911099999999538e-01
1.335848900000000050e+01,-2.973366299999999907e+00,-3.474191400000000152e-01,6.896713899999999953e-01
1.319365299999999941e+01,-2.949129699999999854e+00,-2.400976700000000130e-01,6.190974700000000386e-01
1.321783600000000014e+01,-2.926262899999999778e+00,-2.837214200000000019e-01,6.242214400000000163e-01
1.315608399999999989e+01,-2.915994599999999881e+00,-2.570707099999999801e-01,6.081422100000000164e-01
1.348459199999999925e+01,-3.034935299999999891e+00,-4.255327899999999941e-01,7.353307399999999827e-01
1.345324300000000051e+01,-3.035856200000000005e+00,-4.148060199999999975e-01,7.276424900000000306e-01
1.347138400000000047e+01,-3.038953499999999863e+00,-3.953568399999999872e-01,7.228829700000000136e-01
1.345887100000000025e+01,-3.010490499999999958e+00,-4.091952600000000051e-01,7.426531499999999841e-01
1.321995599999999982e+01,-2.927349299999999932e+00,-2.973694299999999902e-01,6.271223999999999688e-01
1.338247600000000048e+01,-2.979407999999999834e+00,-3.361901299999999759e-01,7.036683900000000325e-01
1.334670999999999985e+01,-2.991942499999999949e+00,-3.726771099999999781e-01,6.707425099999999585e-01
1.345552400000000048e+01,-2.997784999999999922e+00,-3.453739299999999957e-01,7.479078500000000407e-01
1.332874699999999990e+01,-2.961073999999999984e+00,-3.449855000000000005e-01,6.808041700000000418e-01
1.335673399999999944e+01,-2.953945500000000113e+00,-3.411625899999999878e-01,6.792288100000000162e-01
1.336464400000000019e+01,-2.971075599999999817e+00,-3.441635399999999900e-01,6.843705599999999611e-01
1.321864599999999967e+01,-2.930558800000000019e+00,-2.915648299999999971e-01,6.306827400000000194e-01
1.342669199999999918e+01,-2.995626199999999795e+00,-3.744683300000000159e-01,7.256525299999999623e-01
1.331839899999999943e+01,-2.970908600000000011e+00,-2.959545499999999829e-01,6.801609499999999864e-01
1.327450400000000030e+01,-2.960761300000000151e+00,-2.325940200000000124e-01,6.671299499999999716e-01
1.307184600000000074e+01,-2.915132999999999974e+00,-2.209933299999999878e-01,5.800347000000000142e-01
1.309173499999999990e+01,-2.914412500000000072e+00,-2.315261100000000072e-01,5.891445499999999891e-01
1.343555899999999959e+01,-3.005695900000000087e+00,-3.857493300000000014e-01,7.253914200000000090e-01
1.339097399999999993e+01,-2.992726199999999892e+00,-3.788465500000000041e-01,7.002272800000000075e-01
1.309902199999999972e+01,-2.920993900000000032e+00,-2.277801999999999882e-01,5.912319099999999716e-01
1.349403599999999948e+01,-3.029443999999999804e+00,-4.444390899999999811e-01,7.351432700000000153e-01
1.334606699999999968e+01,-2.980856699999999915e+00,-3.157481400000000105e-01,6.903395199999999843e-01
1.336486700000000027e+01,-2.973393399999999964e+00,-3.218258199999999847e-01,6.924318900000000498e-01
1.340595800000000004e+01,-2.981533499999999837e+00,-4.236176799999999965e-01,6.846938200000000085e-01
1.345047800000000038e+01,-3.008228900000000205e+00,-4.076253499999999974e-01,7.179865500000000011e-01
1.345041299999999929e+01,-3.008395999999999848e+00,-4.216770400000000030e-01,7.223553700000000521e-01
1.346008299999999913e+01,-3.006124699999999983e+00,-4.160668200000000039e-01,7.206014099999999978e-01
1.344934800000000052e+01,-3.016240100000000091e+00,-4.113824200000000264e-01,7.227323799999999521e-01
1.343506999999999962e+01,-3.007731800000000177e+00,-3.870527000000000273e-01,7.345676799999999451e-01
1.344982000000000077e+01,-3.008798099999999920e+00,-3.790071799999999991e-01,7.454575500000000243e-01
1.344686500000000073e+01,-3.030264600000000197e+00,-3.822460500000000039e-01,7.202852199999999483e-01
1.344197600000000037e+01,-3.028684900000000013e+00,-3.948347400000000174e-01,7.265820100000000004e-01
1.345160399999999967e+01,-3.023343000000000114e+00,-3.639704300000000115e-01,7.359633500000000161e-01
1.347177699999999945e+01,-3.008997599999999828e+00,-4.165155799999999964e-01,7.487568199999999896e-01
1.346635700000000035e+01,-3.019697299999999807e+00,-4.066037200000000018e-01,7.498278800000000022e-01
1.348838199999999965e+01,-3.019676800000000050e+00,-3.958722000000000074e-01,7.478081899999999838e-01
1.313606000000000051e+01,-2.902948600000000212e+00,-2.428006199999999948e-01,6.186821200000000021e-01
1.315951899999999952e+01,-2.902334100000000028e+00,-2.172412999999999983e-01,6.196422200000000213e-01
1.309045099999999984e+01,-2.904359200000000030e+00,-2.203194599999999947e-01,6.031905400000000528e-01
1.316390700000000002e+01,-2.947475600000000195e+00,-1.880207299999999970e-01,6.335513299999999681e-01
1.325913199999999925e+01,-2.930605499999999974e+00,-4.003924500000000108e-01,6.306963199999999770e-01
1.327492499999999964e+01,-2.930931999999999871e+00,-3.981908599999999798e-01,6.243421599999999794e-01
1.340376400000000068e+01,-2.998156100000000102e+00,-3.601255300000000270e-01,7.199303099999999622e-01
1.339782499999999921e+01,-2.984250299999999800e+00,-3.690015899999999904e-01,7.102695799999999560e-01
1.341275199999999934e+01,-2.991785999999999834e+00,-3.716261299999999990e-01,7.104411999999999949e-01
1.341384500000000024e+01,-2.991723799999999933e+00,-3.917801300000000042e-01,7.068598299999999668e-01
1.341348200000000013e+01,-3.000850799999999818e+00,-3.669647400000000115e-01,7.046966300000000460e-01
1.340884699999999974e+01,-2.993683499999999942e+00,-3.794392999999999794e-01,7.023450700000000158e-01
1.342499699999999940e+01,-3.001101300000000194e+00,-3.918546500000000266e-01,7.143948799999999544e-01
1.352717499999999973e+01,-3.046525899999999787e+00,-4.335290299999999819e-01,7.560762300000000158e-01
1.354489500000000035e+01,-3.057549600000000201e+00,-4.362294700000000081e-01,7.902601900000000290e-01
1.348583299999999952e+01,-3.026157200000000103e+00,-4.810495399999999977e-01,7.245610500000000398e-01
1.336741300000000088e+01,-2.977788299999999833e+00,-3.076103499999999769e-01,6.982971999999999513e-01
1.337039799999999978e+01,-2.978940199999999816e+00,-3.062164399999999786e-01,7.106354099999999674e-01
1.333686499999999953e+01,-2.968684399999999890e+00,-3.345744600000000180e-01,6.766916499999999779e-01
1.321764300000000070e+01,-2.933236400000000188e+00,-2.523687600000000253e-01,6.361357899999999788e-01
1.344633499999999948e+01,-3.000530100000000200e+00,-4.282206000000000068e-01,7.128975699999999804e-01
1.351703299999999963e+01,-3.042206300000000141e+00,-4.750335600000000214e-01,7.517629399999999906e-01
1.341215000000000046e+01,-2.996703399999999906e+00,-3.779596199999999961e-01,7.115165599999999646e-01
1.342899500000000046e+01,-2.986940099999999987e+00,-3.795831499999999803e-01,7.239221399999999917e-01
1.343500700000000059e+01,-3.012900000000000134e+00,-3.978956599999999844e-01,7.028331899999999965e-01
1.344209799999999966e+01,-2.991120800000000024e+00,-3.753467300000000173e-01,7.479649499999999618e-01
1.321069299999999913e+01,-2.928569800000000001e+00,-3.109884299999999824e-01,6.257160999999999973e-01
1.305836700000000050e+01,-2.947889400000000215e+00,-1.090834799999999966e-01,5.999427999999999983e-01
1.342472799999999999e+01,-3.002353400000000061e+00,-3.728796200000000227e-01,7.252165299999999704e-01
1.326721799999999973e+01,-2.941986700000000177e+00,-3.128186499999999759e-01,6.560413699999999571e-01
1.328623100000000079e+01,-2.951576499999999825e+00,-3.145377599999999996e-01,6.398811699999999991e-01
1.327148399999999917e+01,-2.945931299999999808e+00,-2.591200300000000012e-01,6.515737900000000415e-01
1.325011300000000070e+01,-2.955820500000000184e+00,-2.617338699999999796e-01,6.488002000000000491e-01
1.326246199999999931e+01,-2.942107099999999864e+00,-2.675872200000000145e-01,6.558363699999999463e-01
1.340049899999999994e+01,-2.995777400000000146e+00,-3.983129000000000253e-01,6.840471500000000482e-01
1.342632900000000085e+01,-2.993762799999999835e+00,-3.664369199999999993e-01,7.181956000000000451e-01
1.337031099999999917e+01,-2.994545899999999872e+00,-3.289115799999999812e-01,6.928167699999999707e-01
1.339240099999999956e+01,-2.973589000000000038e+00,-3.606682600000000183e-01,6.951067899999999744e-01
1.339263099999999973e+01,-2.988003799999999988e+00,-3.675949900000000103e-01,6.930943000000000520e-01
1.320080199999999948e+01,-2.945466300000000093e+00,-2.475519300000000034e-01,6.292414699999999694e-01
1.344856799999999986e+01,-3.009093299999999971e+00,-4.364631400000000272e-01,7.019390599999999480e-01
1.344043800000000033e+01,-3.003018400000000199e+00,-4.257041500000000034e-01,7.131489500000000037e-01
1.341365799999999986e+01,-3.001549300000000198e+00,-3.873568800000000145e-01,7.036606699999999881e-01
1.331515599999999999e+01,-2.955767600000000161e+00,-3.324804000000000093e-01,6.719100399999999862e-01
1.332718900000000062e+01,-2.967725999999999864e+00,-2.707216700000000253e-01,6.693264599999999565e-01
1.328533900000000045e+01,-2.962390500000000149e+00,-2.903391100000000113e-01,6.752332599999999463e-01
1.328792100000000076e+01,-2.962196399999999841e+00,-2.902404800000000229e-01,6.736995900000000148e-01
1.331581199999999932e+01,-2.964462399999999942e+00,-3.154996800000000046e-01,6.781531400000000431e-01
1.340329499999999996e+01,-3.002027099999999837e+00,-4.058319899999999758e-01,6.944743399999999678e-01
1.339733499999999999e+01,-2.972587600000000219e+00,-3.921631099999999814e-01,6.943171200000000098e-01
1.340700999999999965e+01,-2.987763699999999911e+00,-3.820864299999999769e-01,7.007858799999999722e-01
1.341777199999999937e+01,-2.979630100000000059e+00,-3.576074699999999829e-01,7.290152699999999930e-01
1.339915500000000037e+01,-2.987372699999999881e+00,-3.667041999999999802e-01,7.084200299999999784e-01
1.335336999999999996e+01,-2.974896900000000066e+00,-3.372727300000000206e-01,6.979548300000000260e-01
1.341137299999999932e+01,-2.984952900000000131e+00,-4.366994399999999943e-01,6.750762200000000046e-01
1.340891300000000008e+01,-2.996447199999999977e+00,-3.590128100000000155e-01,7.215896600000000216e-01
1.334825999999999979e+01,-2.964668300000000034e+00,-3.978073500000000040e-01,6.668280699999999950e-01
1.337799799999999983e+01,-2.974403199999999803e+00,-3.796557500000000140e-01,6.860857200000000100e-01
1.336506100000000075e+01,-2.994388700000000014e+00,-2.582487199999999872e-01,6.999788900000000202e-01
1.338369100000000067e+01,-2.984548300000000154e+00,-2.730760099999999801e-01,7.070234800000000375e-01
1.334728600000000043e+01,-2.991829800000000095e+00,-2.663594400000000029e-01,7.182434800000000452e-01
1.335990699999999975e+01,-2.987903399999999987e+00,-2.561387099999999917e-01,7.144108099999999517e-01
1.329819700000000005e+01,-2.969050000000000189e+00,-3.439696799999999999e-01,6.421322299999999705e-01
1.331954999999999956e+01,-2.959171800000000019e+00,-3.284138200000000229e-01,6.732573600000000269e-01
1.323810699999999940e+01,-2.926785600000000098e+00,-2.741001800000000266e-01,6.397151500000000102e-01
1.322605399999999953e+01,-2.929520699999999866e+00,-2.788413599999999826e-01,6.414922199999999464e-01
1.302295299999999934e+01,-2.945803199999999844e+00,-7.772487899999999672e-02,5.955291900000000416e-01
1.307397899999999957e+01,-2.942118600000000139e+00,-2.272048500000000137e-01,5.726691999999999894e-01
1.305978400000000050e+01,-2.931786699999999968e+00,-1.707050300000000076e-01,5.839324999999999655e-01
1.303993400000000058e+01,-2.945399800000000123e+00,-1.248319400000000023e-01,5.839813099999999757e-01
1.301351200000000041e+01,-2.965904200000000213e+00,-4.274180999999999814e-02,5.881665999999999839e-01
1.301567700000000016e+01,-2.954897200000000002e+00,-5.467385599999999984e-02,5.901877199999999712e-01
1.300206700000000026e+01,-2.904342199999999874e+00,-2.408666399999999930e-01,5.505515500000000007e-01
1.300638999999999967e+01,-2.910571899999999879e+00,-2.427840900000000079e-01,5.456656800000000418e-01
1.348852399999999996e+01,-3.043070100000000000e+00,-4.849114500000000216e-01,7.156424500000000410e-01
1.348433499999999974e+01,-3.011691900000000199e+00,-4.046942700000000226e-01,7.534035300000000435e-01
1.346243600000000029e+01,-3.017842200000000030e+00,-4.112900500000000181e-01,7.542419299999999494e-01
1.326508100000000034e+01,-2.946549599999999991e+00,-3.585970499999999728e-01,6.251663400000000426e-01
1.324882999999999988e+01,-2.937669500000000156e+00,-3.264003500000000058e-01,6.395845799999999581e-01
1.324578699999999998e+01,-2.929892300000000116e+00,-3.265811299999999973e-01,6.257303100000000118e-01
1.324218100000000042e+01,-2.918627199999999977e+00,-3.828249100000000182e-01,6.184967700000000290e-01
1.317607100000000031e+01,-2.947823899999999941e+00,-1.861968999999999985e-01,6.309081800000000406e-01
1.321058299999999974e+01,-2.939835400000000210e+00,-2.548809699999999845e-01,6.312787199999999599e-01
1.329067799999999977e+01,-2.964777000000000218e+00,-2.889477200000000190e-01,6.717341900000000088e-01
1.330732500000000051e+01,-2.961369200000000035e+00,-3.165844800000000014e-01,6.664470099999999508e-01
1.342112000000000016e+01,-2.982117800000000152e+00,-3.898609000000000102e-01,7.192359900000000472e-01
1.342511499999999991e+01,-2.983900900000000078e+00,-3.891663100000000153e-01,7.185863300000000509e-01
1.342491099999999982e+01,-2.983632300000000015e+00,-3.887766899999999803e-01,7.221214799999999823e-01
1.342665099999999967e+01,-2.987648099999999918e+00,-4.201859399999999800e-01,7.108863100000000212e-01
1.342635399999999990e+01,-3.004172300000000018e+00,-4.188906900000000100e-01,6.924939399999999745e-01
1.342251500000000064e+01,-3.004099300000000028e+00,-4.182593299999999847e-01,6.987883999999999762e-01
1.342546399999999984e+01,-2.995352099999999851e+00,-4.286127399999999921e-01,6.987887499999999585e-01
1.341957599999999928e+01,-2.984553800000000034e+00,-4.390423900000000046e-01,7.118998699999999902e-01
1.343852300000000000e+01,-2.972519600000000040e+00,-4.461842500000000045e-01,7.084358499999999781e-01
1.334180100000000024e+01,-2.953843599999999903e+00,-3.089344600000000218e-01,7.083882500000000526e-01
1.335109600000000007e+01,-2.957471599999999867e+00,-3.045854700000000248e-01,7.036908899999999578e-01
1.337447300000000006e+01,-2.989975100000000108e+00,-3.596196799999999971e-01,6.868843500000000324e-01
1.322700799999999965e+01,-2.927658899999999953e+00,-3.039718699999999774e-01,6.382031700000000418e-01
1.320996500000000040e+01,-2.938070999999999877e+00,-2.966463200000000189e-01,6.108357599999999499e-01
1.318610199999999999e+01,-2.936128200000000188e+00,-3.040335499999999858e-01,6.088421099999999919e-01
1.318789400000000001e+01,-2.927125499999999825e+00,-2.931261800000000139e-01,6.202337199999999884e-01
1.348746799999999979e+01,-3.036109399999999958e+00,-3.776256399999999847e-01,7.535386899999999555e-01
1.342885700000000071e+01,-2.990381499999999804e+00,-4.187159300000000139e-01,7.011848000000000525e-01
1.343603700000000067e+01,-3.010963499999999904e+00,-4.228081300000000042e-01,7.113507000000000025e-01
1.358181699999999914e+01,-3.079858799999999786e+00,-5.035019600000000262e-01,7.908518500000000229e-01
1.357152699999999967e+01,-3.067581600000000019e+00,-4.956125800000000248e-01,7.747372900000000229e-01
1.354548999999999914e+01,-3.093376399999999915e+00,-4.563969500000000235e-01,7.547494399999999937e-01
1.297317299999999918e+01,-2.929263900000000032e+00,-1.358080399999999910e-01,5.555637300000000334e-01
1.297628599999999999e+01,-2.934373599999999804e+00,-1.384179700000000013e-01,5.622956099999999457e-01
1.297578900000000068e+01,-2.908513500000000196e+00,-1.807366599999999934e-01,5.601519999999999833e-01
1.299836999999999954e+01,-2.909340499999999885e+00,-1.738461599999999996e-01,5.607550300000000432e-01
1.339652300000000018e+01,-2.998829100000000025e+00,-3.765975200000000189e-01,6.993379899999999649e-01
1.341942799999999991e+01,-2.998256599999999938e+00,-3.643936999999999871e-01,7.137096899999999522e-01
1.329134900000000030e+01,-2.942928600000000117e+00,-3.704423199999999916e-01,6.387961699999999965e-01
1.318489600000000017e+01,-2.947510600000000203e+00,-2.206427900000000053e-01,6.238815599999999462e-01
1.346655799999999914e+01,-3.016684600000000049e+00,-3.700292700000000212e-01,7.629872500000000057e-01
1.340482500000000066e+01,-2.994981600000000022e+00,-3.129423100000000013e-01,7.247522499999999868e-01
1.330199499999999979e+01,-2.944957000000000047e+00,-3.621310999999999836e-01,6.484119900000000492e-01
1.330230599999999974e+01,-2.947918299999999991e+00,-3.357597299999999785e-01,6.583161699999999783e-01
1.334132999999999925e+01,-2.970269599999999954e+00,-3.104918799999999979e-01,6.830650600000000017e-01
1.330985899999999944e+01,-2.965335099999999890e+00,-3.133116599999999918e-01,6.683732199999999901e-01
1.334338200000000008e+01,-2.966641500000000153e+00,-3.248107399999999867e-01,6.901666899999999716e-01
1.329520699999999955e+01,-2.972573199999999805e+00,-3.146699900000000105e-01,6.484407599999999494e-01
1.332890199999999936e+01,-2.942745799999999967e+00,-3.016493800000000225e-01,6.901743599999999867e-01
1.333173900000000067e+01,-3.000350800000000095e+00,-2.932776100000000219e-01,6.759828100000000450e-01
1.322135699999999936e+01,-2.945630899999999830e+00,-2.336983800000000111e-01,6.399231399999999459e-01
1.332965300000000042e+01,-2.955016399999999877e+00,-3.763900399999999813e-01,6.662522800000000300e-01
1.332617499999999922e+01,-2.978883100000000006e+00,-3.107960900000000248e-01,6.745631899999999792e-01
1.332339799999999919e+01,-2.954895399999999839e+00,-2.332676200000000089e-01,7.035665599999999520e-01
1.330809999999999960e+01,-2.962405599999999861e+00,-2.385620300000000082e-01,6.838264099999999956e-01
1.328774199999999972e+01,-2.967621499999999912e+00,-2.264097700000000102e-01,6.884319199999999750e-01
1.341985299999999981e+01,-2.991074699999999975e+00,-4.403830200000000139e-01,6.944249999999999590e-01
1.360470300000000066e+01,-3.089184599999999836e+00,-4.838526699999999847e-01,8.180341599999999547e-01
1.361267499999999941e+01,-3.108474000000000181e+00,-4.896015000000000228e-01,8.104759799999999847e-01
1.361440999999999946e+01,-3.106483299999999836e+00,-4.907804599999999740e-01,8.119769000000000014e-01
1.338931499999999986e+01,-2.975131300000000145e+00,-4.172018699999999747e-01,6.711387500000000061e-01
1.337349200000000060e+01,-2.985508100000000109e+00,-3.535321499999999895e-01,7.025223400000000229e-01
1.338399599999999978e+01,-2.968937200000000054e+00,-3.674561399999999867e-01,6.998144099999999979e-01
1.339665899999999965e+01,-2.979602600000000212e+00,-3.992941899999999933e-01,6.921887300000000298e-01
1.338741399999999970e+01,-2.985814200000000085e+00,-3.339840900000000112e-01,7.105153600000000402e-01
1.331843800000000044e+01,-2.951863499999999974e+00,-3.498895000000000199e-01,6.689213499999999701e-01
1.355285600000000024e+01,-3.081069900000000139e+00,-4.448986999999999803e-01,7.656233799999999645e-01
1.355617200000000011e+01,-3.068757800000000202e+00,-4.868618800000000246e-01,7.847739500000000534e-01
1.354417800000000049e+01,-3.066200400000000048e+00,-4.914460299999999782e-01,7.798892600000000286e-01
1.351595499999999994e+01,-3.046024500000000135e+00,-5.059433199999999742e-01,7.259946499999999636e-01
1.352396099999999990e+01,-3.050417799999999957e+00,-4.873266399999999776e-01,7.091668399999999650e-01
1.351334199999999974e+01,-3.060752599999999823e+00,-3.939295700000000067e-01,8.222428699999999591e-01
1.352102900000000041e+01,-3.062081300000000006e+00,-3.908533900000000227e-01,8.179954999999999865e-01
1.355730600000000052e+01,-3.066857699999999909e+00,-4.012162499999999965e-01,7.800135000000000263e-01
1.329425400000000046e+01,-2.959925999999999835e+00,-4.160791200000000245e-01,6.444677300000000164e-01
1.333955800000000025e+01,-2.961310099999999945e+00,-4.091247700000000265e-01,6.378634800000000382e-01
1.332899300000000054e+01,-2.963019500000000139e+00,-4.089669699999999852e-01,6.399387199999999609e-01
1.331812000000000040e+01,-2.973540499999999920e+00,-4.082893799999999795e-01,6.311327199999999804e-01
1.339187399999999961e+01,-2.981256500000000198e+00,-3.141521700000000084e-01,7.206279500000000171e-01
1.339411199999999980e+01,-2.991812299999999869e+00,-3.028613199999999894e-01,7.223067399999999472e-01
1.338062700000000049e+01,-2.996645500000000073e+00,-3.118242099999999906e-01,7.035499600000000298e-01
1.343097200000000058e+01,-3.007485700000000151e+00,-4.383422699999999783e-01,6.987567500000000376e-01
1.332924000000000042e+01,-2.974271499999999957e+00,-2.949022399999999822e-01,6.831378000000000172e-01
1.313247100000000067e+01,-2.931563000000000141e+00,-2.684450800000000026e-01,6.010617299999999608e-01
1.313936799999999927e+01,-2.926170200000000055e+00,-2.659747700000000270e-01,6.029652800000000479e-01
1.312647199999999970e+01,-2.932052999999999798e+00,-1.838607600000000120e-01,6.087501199999999502e-01
1.321872399999999992e+01,-2.920319199999999782e+00,-3.131635700000000022e-01,6.354933000000000387e-01
1.316061099999999939e+01,-2.935445399999999871e+00,-2.776100100000000181e-01,6.013939700000000554e-01
1.313634300000000010e+01,-2.886790200000000084e+00,-3.032402100000000100e-01,5.948837700000000339e-01
1.332358299999999929e+01,-2.969140299999999844e+00,-2.453456999999999999e-01,6.868133699999999786e-01
1.330996000000000024e+01,-2.967710199999999965e+00,-2.417764199999999919e-01,6.937030899999999667e-01
1.338303999999999938e+01,-2.973067799999999927e+00,-4.432319000000000120e-01,6.633837399999999995e-01
1.331842199999999998e+01,-2.964005499999999849e+00,-3.208408700000000002e-01,6.715208099999999680e-01
1.340322800000000036e+01,-2.988571400000000100e+00,-4.003659900000000049e-01,6.908300099999999944e-01
1.331672700000000020e+01,-2.955804200000000215e+00,-3.084093199999999868e-01,6.723262300000000247e-01
1.335268699999999953e+01,-2.957811299999999921e+00,-3.378639999999999977e-01,6.730070900000000300e-01
1.331696799999999925e+01,-2.966988699999999923e+00,-3.276221300000000114e-01,6.826837399999999834e-01
1.332289899999999960e+01,-2.964341600000000021e+00,-3.301283700000000043e-01,6.814675999999999512e-01
1.340810300000000055e+01,-2.992335499999999815e+00,-3.645348199999999816e-01,7.248605599999999871e-01
1.342468399999999917e+01,-3.021441900000000125e+00,-3.869701500000000127e-01,7.064707599999999754e-01
1.344179500000000083e+01,-3.016901400000000066e+00,-3.900991600000000004e-01,7.247578000000000076e-01
1.343608200000000075e+01,-3.019261499999999820e+00,-3.940976800000000058e-01,7.267808900000000127e-01
1.345643300000000053e+01,-3.017397799999999908e+00,-4.333465100000000181e-01,7.376231399999999550e-01
1.345957899999999974e+01,-3.017324900000000198e+00,-4.334869100000000031e-01,7.373332999999999693e-01
1.350739399999999968e+01,-3.009550799999999970e+00,-4.511493300000000151e-01,7.529893800000000414e-01
1.348590899999999948e+01,-3.032098299999999913e+00,-4.473512099999999991e-01,7.363858699999999979e-01
1.324902100000000083e+01,-2.940375899999999820e+00,-3.168551199999999901e-01,6.336245700000000536e-01
1.331303100000000050e+01,-2.952091799999999822e+00,-3.394706499999999849e-01,6.512216199999999455e-01
1.330400900000000064e+01,-2.947950500000000140e+00,-3.308851099999999823e-01,6.612873900000000305e-01
1.344189800000000012e+01,-2.998659700000000150e+00,-4.187032399999999766e-01,7.147076599999999669e-01
1.345346100000000078e+01,-3.018528199999999995e+00,-3.968214600000000147e-01,7.324741599999999853e-01
1.340810500000000083e+01,-2.976242300000000007e+00,-4.539621500000000087e-01,6.698300600000000049e-01
1.336880200000000052e+01,-2.972086500000000076e+00,-4.394339600000000123e-01,6.626075700000000346e-01
1.335901299999999914e+01,-2.967253400000000152e+00,-3.842755199999999816e-01,6.784027799999999830e-01
1.331705000000000005e+01,-2.951776600000000084e+00,-3.707611000000000101e-01,6.567507200000000100e-01
1.327490300000000012e+01,-2.952514900000000164e+00,-2.877209199999999911e-01,6.573219900000000226e-01
1.328721900000000034e+01,-2.966565300000000072e+00,-2.851890499999999995e-01,6.574846199999999641e-01
1.328940200000000083e+01,-2.957967700000000200e+00,-3.052680099999999785e-01,6.546583099999999655e-01
1.329614199999999968e+01,-2.958523299999999967e+00,-3.064886299999999841e-01,6.665458699999999848e-01
1.330494099999999946e+01,-2.955768700000000138e+00,-2.968139399999999983e-01,6.657994999999999886e-01
1.338121899999999975e+01,-2.970206899999999983e+00,-4.105836800000000064e-01,6.775295199999999962e-01
1.336573399999999978e+01,-2.962095600000000051e+00,-4.110366699999999929e-01,6.883802300000000374e-01
1.336357699999999937e+01,-2.965492199999999912e+00,-4.103242300000000120e-01,6.871552199999999555e-01
1.340152800000000077e+01,-2.958058999999999994e+00,-3.981144899999999875e-01,6.839718999999999660e-01
1.339989899999999956e+01,-3.007958900000000213e+00,-4.568693200000000232e-01,6.864242400000000188e-01
1.343159799999999926e+01,-2.998844800000000088e+00,-4.629766300000000001e-01,6.845421400000000212e-01
1.330442700000000045e+01,-2.978398599999999785e+00,-2.332732499999999876e-01,6.679192000000000462e-01
1.327450600000000058e+01,-2.971923600000000221e+00,-2.453552300000000075e-01,6.753948199999999513e-01
1.328024399999999972e+01,-2.971939599999999793e+00,-2.398684100000000041e-01,6.705685500000000410e-01
1.315787000000000084e+01,-2.923301700000000114e+00,-2.381644199999999878e-01,6.151418699999999795e-01
1.326092399999999927e+01,-2.935738199999999853e+00,-3.160346800000000123e-01,6.422941500000000081e-01
1.324595599999999962e+01,-2.953005999999999798e+00,-3.140518800000000055e-01,6.203773599999999888e-01
1.331170599999999915e+01,-2.990892300000000059e+00,-2.719842699999999724e-01,6.731435900000000139e-01
1.337831800000000015e+01,-3.002893499999999882e+00,-3.749874400000000052e-01,6.950662600000000468e-01
1.328448900000000066e+01,-2.947162800000000082e+00,-2.920432399999999817e-01,6.477611899999999867e-01
1.327856700000000068e+01,-2.947031200000000073e+00,-2.900205699999999776e-01,6.483892999999999462e-01
1.359383099999999978e+01,-3.099214799999999936e+00,-4.631191499999999794e-01,8.189872400000000052e-01
1.360728699999999947e+01,-3.099488800000000044e+00,-4.365466599999999753e-01,8.394727800000000295e-01
1.356017499999999920e+01,-3.078165199999999935e+00,-4.685462300000000080e-01,7.829747200000000129e-01
1.361785000000000068e+01,-3.106024600000000024e+00,-5.493412899999999821e-01,8.088915500000000147e-01
1.363183000000000078e+01,-3.120415700000000125e+00,-5.268342099999999695e-01,8.094645200000000207e-01
1.311586800000000075e+01,-2.905357899999999827e+00,-2.817736200000000024e-01,5.902010300000000154e-01
1.311475300000000033e+01,-2.899702800000000025e+00,-3.053700599999999987e-01,5.806716499999999836e-01
1.310150400000000026e+01,-2.905704699999999807e+00,-2.427349799999999891e-01,5.910315200000000324e-01
1.315507599999999933e+01,-2.913153400000000115e+00,-2.681553400000000198e-01,5.918769900000000472e-01
1.312469399999999986e+01,-2.918759899999999963e+00,-2.807847800000000116e-01,5.949995500000000437e-01
1.337714000000000070e+01,-2.975720899999999780e+00,-3.532857600000000042e-01,6.780820400000000525e-01
1.335194300000000034e+01,-2.977933300000000116e+00,-3.554294900000000146e-01,6.961773799999999568e-01
1.299210000000000065e+01,-2.921688699999999805e+00,-1.138817899999999966e-01,5.748598200000000213e-01
1.319162500000000016e+01,-2.930466000000000015e+00,-2.806689499999999726e-01,6.180234900000000087e-01
1.294358700000000084e+01,-2.916170300000000104e+00,-1.701598300000000119e-01,5.417861400000000272e-01
1.302548499999999976e+01,-2.917816300000000140e+00,-1.994244799999999873e-01,5.720800799999999908e-01
1.304839100000000052e+01,-2.900129300000000132e+00,-1.923350100000000007e-01,5.793639400000000217e-01
1.303265200000000057e+01,-2.923983400000000010e+00,-1.976772800000000108e-01,5.721099400000000390e-01
1.309592999999999918e+01,-2.939464599999999983e+00,-1.725921699999999892e-01,5.966543399999999497e-01
1.311329199999999950e+01,-2.911258000000000123e+00,-2.782779400000000014e-01,5.823940100000000175e-01
1.307404499999999992e+01,-2.918950699999999898e+00,-2.154493299999999945e-01,5.882219300000000040e-01
1.306670500000000068e+01,-2.922083300000000161e+00,-2.164124699999999957e-01,5.729534899999999542e-01
1.312249399999999966e+01,-2.922122900000000190e+00,-1.953221499999999999e-01,6.136284300000000025e-01
1.313232700000000008e+01,-2.934085599999999960e+00,-1.958615200000000112e-01,6.033719899999999692e-01
1.311245000000000083e+01,-2.934335299999999869e+00,-2.013394400000000084e-01,6.087183299999999742e-01
1.315611200000000025e+01,-2.913918900000000090e+00,-2.985550299999999990e-01,5.999567500000000386e-01
1.316318200000000083e+01,-2.911112300000000097e+00,-2.986996000000000095e-01,5.984078999999999926e-01
1.315844700000000067e+01,-2.951828100000000177e+00,-1.833585799999999932e-01,6.259865300000000410e-01
1.327531500000000086e+01,-2.942847500000000061e+00,-3.548528499999999974e-01,6.350970299999999513e-01
1.328502600000000022e+01,-2.949065099999999884e+00,-3.329291600000000018e-01,6.465891900000000359e-01
1.331804600000000072e+01,-2.966011400000000187e+00,-2.619316300000000264e-01,6.784145200000000209e-01
1.330977999999999994e+01,-2.954844800000000049e+00,-3.536220600000000158e-01,6.631572100000000525e-01
1.317388500000000029e+01,-2.894889000000000046e+00,-3.094766199999999801e-01,6.033691100000000418e-01
1.321497100000000025e+01,-2.941146400000000050e+00,-2.531109300000000117e-01,6.235152400000000261e-01
1.317477200000000082e+01,-2.922575600000000051e+00,-2.479231000000000074e-01,6.213432199999999739e-01
1.311418600000000012e+01,-2.928152100000000146e+00,-2.490001400000000087e-01,5.940174200000000182e-01
1.314672400000000074e+01,-2.915529700000000002e+00,-2.555053700000000094e-01,6.110008399999999895e-01
1.338622299999999932e+01,-2.994791499999999829e+00,-3.849220300000000261e-01,6.930752500000000316e-01
1.332811799999999991e+01,-2.967143899999999945e+00,-3.012732699999999819e-01,6.749874000000000152e-01
1.329817000000000071e+01,-2.951538799999999796e+00,-3.470828499999999983e-01,6.553827199999999742e-01
1.337583799999999989e+01,-2.977019900000000163e+00,-3.491270200000000101e-01,6.944586299999999657e-01
1.333647700000000036e+01,-2.957822699999999916e+00,-3.685360500000000039e-01,6.666274899999999892e-01
1.331842699999999979e+01,-2.979956099999999886e+00,-2.879773099999999864e-01,6.870609899999999826e-01
1.333552899999999930e+01,-2.978941199999999956e+00,-2.715715799999999791e-01,6.778367800000000276e-01
1.321159300000000059e+01,-2.930991199999999797e+00,-3.002195899999999806e-01,6.142585099999999798e-01
1.337185099999999949e+01,-2.983138499999999915e+00,-3.556310699999999936e-01,6.810672399999999627e-01
1.328593700000000055e+01,-2.971680999999999795e+00,-2.633031800000000255e-01,6.685921099999999617e-01
1.347545399999999916e+01,-3.011251699999999865e+00,-4.633414799999999723e-01,7.220493700000000237e-01
1.345914499999999947e+01,-3.004453499999999888e+00,-4.985193900000000067e-01,6.932601600000000142e-01
1.347044299999999950e+01,-3.002227700000000166e+00,-4.871511000000000036e-01,7.221974100000000396e-01
1.344841800000000021e+01,-3.003477399999999964e+00,-4.956721599999999728e-01,7.324160499999999852e-01
1.337764800000000065e+01,-3.011642399999999942e+00,-3.057392099999999835e-01,7.151656499999999861e-01
1.338405999999999985e+01,-3.008436099999999946e+00,-3.042241600000000212e-01,7.101492499999999541e-01
1.337928800000000074e+01,-2.987265600000000187e+00,-3.028494199999999803e-01,7.184321299999999466e-01
1.344109000000000087e+01,-3.014488699999999799e+00,-3.908799700000000210e-01,7.269435600000000441e-01
1.344585799999999942e+01,-3.018240899999999893e+00,-3.683448400000000067e-01,7.369571099999999708e-01
1.343905499999999975e+01,-2.991136599999999923e+00,-4.293782500000000169e-01,7.205680500000000155e-01
1.336642600000000058e+01,-2.991310700000000100e+00,-3.767929600000000101e-01,6.855889899999999537e-01
1.339075000000000060e+01,-2.972373199999999827e+00,-3.543149400000000226e-01,6.824289100000000552e-01
1.341575399999999973e+01,-2.993883199999999967e+00,-4.067716599999999794e-01,6.731770099999999646e-01
1.339432000000000045e+01,-3.001967699999999795e+00,-3.886083300000000018e-01,6.854296500000000014e-01
1.339241299999999946e+01,-2.990118600000000182e+00,-3.924775300000000189e-01,6.873563200000000206e-01
1.337989999999999924e+01,-2.998960400000000082e+00,-3.537641300000000100e-01,6.874900699999999532e-01
1.343000699999999981e+01,-2.975992300000000146e+00,-4.425438700000000058e-01,7.050918900000000544e-01
1.342448699999999917e+01,-2.991309799999999797e+00,-4.650829400000000002e-01,6.948283299999999940e-01
1.343913900000000083e+01,-2.989587900000000076e+00,-4.595478900000000144e-01,6.981482100000000468e-01
1.342516600000000082e+01,-2.992312599999999989e+00,-4.596937799999999963e-01,7.008880699999999742e-01
1.344746300000000083e+01,-3.011270600000000019e+00,-4.293302900000000033e-01,6.950564000000000187e-01
1.343972499999999926e+01,-3.011889200000000155e+00,-4.189122599999999808e-01,7.121432399999999552e-01
1.333679799999999993e+01,-2.964813299999999874e+00,-3.623489599999999977e-01,6.719509500000000468e-01
1.340923100000000012e+01,-2.998199399999999848e+00,-3.579580099999999931e-01,7.230971299999999768e-01
1.336291899999999977e+01,-2.962431899999999896e+00,-3.595320000000000182e-01,6.814614500000000241e-01
1.324303199999999947e+01,-2.945895000000000152e+00,-2.831954999999999889e-01,6.457606999999999653e-01
1.324361200000000061e+01,-2.943559599999999943e+00,-2.839988299999999799e-01,6.492477399999999621e-01
1.349715899999999991e+01,-3.033650800000000203e+00,-4.582330499999999751e-01,7.480929099999999998e-01
1.350040199999999935e+01,-3.028672600000000159e+00,-4.341390700000000158e-01,7.589795599999999975e-01
1.349589800000000039e+01,-3.037183999999999884e+00,-4.239599000000000006e-01,7.384307700000000141e-01
1.349309799999999981e+01,-3.032038299999999964e+00,-4.302698300000000198e-01,7.480192399999999742e-01
1.351620100000000058e+01,-3.055719799999999875e+00,-3.938367099999999787e-01,7.650142899999999857e-01
1.355288299999999957e+01,-3.052433800000000197e+00,-4.253115100000000037e-01,7.810233899999999840e-01
1.348459000000000074e+01,-3.042746800000000196e+00,-4.050353800000000004e-01,7.433663600000000038e-01
1.347015200000000057e+01,-3.019804900000000014e+00,-4.413280099999999928e-01,7.234582299999999799e-01
1.345275200000000027e+01,-3.010124300000000197e+00,-4.581249399999999805e-01,7.083014100000000202e-01
1.327121799999999929e+01,-2.957445299999999833e+00,-2.570923999999999987e-01,6.624847699999999451e-01
1.320315699999999914e+01,-2.952645099999999800e+00,-2.650558800000000215e-01,6.231875300000000450e-01
1.319622700000000037e+01,-2.932831100000000024e+00,-2.474140800000000084e-01,6.264585400000000082e-01
1.322724799999999945e+01,-2.952235400000000176e+00,-2.612655600000000078e-01,6.227416000000000063e-01
1.322592299999999987e+01,-2.961895900000000026e+00,-2.369615800000000050e-01,6.295835100000000129e-01
1.321615700000000082e+01,-2.932134000000000018e+00,-2.582077400000000189e-01,6.350451499999999472e-01
1.320097799999999921e+01,-2.925263499999999794e+00,-2.700884599999999747e-01,6.287109400000000514e-01
1.313644399999999912e+01,-2.946970100000000148e+00,-1.594470500000000068e-01,6.203263900000000053e-01
1.315227600000000052e+01,-2.935615499999999933e+00,-2.345889999999999920e-01,6.086927600000000549e-01
1.333993800000000007e+01,-2.974870500000000195e+00,-3.481622699999999959e-01,6.731773699999999971e-01
1.346346199999999982e+01,-3.014775999999999900e+00,-4.128876599999999897e-01,7.384226799999999979e-01
1.356677099999999925e+01,-3.079939800000000005e+00,-4.416654300000000255e-01,7.887729900000000072e-01
1.348657599999999945e+01,-3.021198200000000167e+00,-4.647640299999999947e-01,7.377921400000000407e-01
1.339263799999999982e+01,-2.985777800000000148e+00,-3.444963099999999723e-01,7.179921299999999507e-01
1.339599399999999996e+01,-2.988534800000000047e+00,-3.582210599999999801e-01,7.076745300000000238e-01
1.329574900000000071e+01,-2.964435799999999954e+00,-3.422477500000000172e-01,6.498438600000000509e-01
1.328984099999999913e+01,-2.964251700000000156e+00,-3.423495999999999762e-01,6.513946000000000458e-01
1.317433199999999971e+01,-2.947457800000000017e+00,-2.382773199999999869e-01,6.228989999999999805e-01
1.322236799999999945e+01,-2.946605599999999825e+00,-1.745238600000000029e-01,6.579517900000000363e-01
1.321404500000000048e+01,-2.930762599999999996e+00,-1.778845000000000010e-01,6.671396699999999624e-01
1.322182699999999933e+01,-2.931206200000000095e+00,-1.694705999999999990e-01,6.661894400000000216e-01
1.311846300000000021e+01,-2.947352599999999878e+00,-2.279180799999999951e-01,5.913032599999999972e-01
1.316232100000000038e+01,-2.935430399999999995e+00,-2.285588400000000131e-01,6.089012000000000313e-01
1.311851899999999915e+01,-2.922743300000000044e+00,-2.075420699999999952e-01,6.022662399999999527e-01
1.307411600000000007e+01,-2.917289499999999869e+00,-1.435410699999999928e-01,5.974790599999999507e-01
1.305000099999999996e+01,-2.919997599999999860e+00,-1.450767199999999923e-01,5.975663900000000028e-01
1.298039299999999940e+01,-2.924671899999999880e+00,-2.192340600000000084e-01,5.396990900000000480e-01
1.298180900000000015e+01,-2.927802400000000027e+00,-2.308138799999999990e-01,5.390016499999999988e-01
1.297045299999999912e+01,-2.895556099999999855e+00,-1.569484700000000066e-01,5.652505599999999575e-01
1.294395699999999927e+01,-2.938723299999999927e+00,-1.681540900000000061e-01,5.386380699999999688e-01
1.295126199999999983e+01,-2.938450800000000029e+00,-6.697888500000000189e-02,5.680507200000000090e-01
1.319943199999999983e+01,-2.938510799999999978e+00,-2.811377800000000038e-01,6.031248099999999557e-01
1.321401299999999956e+01,-2.944039699999999815e+00,-2.854085499999999831e-01,6.070656199999999725e-01
1.320869300000000024e+01,-2.941921300000000183e+00,-2.874970700000000212e-01,6.097232999999999681e-01
1.319566799999999951e+01,-2.947743099999999838e+00,-2.604545899999999858e-01,6.256071100000000218e-01
1.314972799999999964e+01,-2.917382200000000037e+00,-2.742131600000000113e-01,5.966358800000000073e-01
1.313843299999999914e+01,-2.920080800000000032e+00,-2.672034300000000195e-01,6.025923899999999778e-01
1.339578000000000024e+01,-2.990756300000000145e+00,-4.163801999999999781e-01,6.720144999999999591e-01
1.288266899999999993e+01,-2.944156099999999832e+00,-6.068183199999999805e-02,5.437482999999999622e-01
1.290207400000000071e+01,-2.986094299999999979e+00,-5.658931600000000062e-02,5.460750100000000273e-01
1.311937600000000081e+01,-2.934603000000000073e+00,-2.540806500000000190e-01,5.819029000000000007e-01
1.343367100000000036e+01,-2.983569600000000044e+00,-3.920907100000000090e-01,7.273791600000000246e-01
1.343078599999999945e+01,-2.996179500000000218e+00,-3.710042000000000062e-01,7.340640999999999972e-01
1.345442599999999977e+01,-3.011584200000000155e+00,-3.969968099999999778e-01,7.172742300000000126e-01
1.338502300000000034e+01,-2.999918699999999827e+00,-3.610949999999999993e-01,6.982570299999999452e-01
1.340666799999999981e+01,-2.996869499999999853e+00,-3.704787099999999889e-01,6.899811000000000138e-01
1.328983400000000081e+01,-2.937769299999999806e+00,-3.681343499999999991e-01,6.386089299999999636e-01
1.320752300000000012e+01,-2.912774100000000033e+00,-3.510869699999999982e-01,6.031390699999999994e-01
1.328619199999999978e+01,-2.952349700000000077e+00,-3.456955500000000181e-01,6.523744099999999602e-01
1.346085500000000046e+01,-3.018597999999999892e+00,-3.769466000000000205e-01,7.455230099999999860e-01
1.306534199999999935e+01,-2.936636099999999860e+00,-1.507038900000000070e-01,5.920614499999999891e-01
1.289777199999999979e+01,-2.943622400000000194e+00,-1.158281200000000066e-01,5.388517400000000235e-01
1.286439799999999956e+01,-2.914494799999999941e+00,-8.579716099999999679e-02,5.414967400000000319e-01
1.357431500000000035e+01,-3.071297899999999803e+00,-4.953125199999999784e-01,7.958224499999999590e-01
1.355363499999999988e+01,-3.076532400000000056e+00,-4.874254700000000273e-01,7.927347999999999617e-01
1.347006599999999921e+01,-3.021731799999999968e+00,-4.016738200000000147e-01,7.296410800000000529e-01
1.345514599999999916e+01,-3.017542900000000028e+00,-3.159522200000000058e-01,7.507217299999999760e-01
1.342456299999999914e+01,-3.016434499999999908e+00,-3.146426500000000237e-01,7.245485499999999579e-01
1.342849400000000060e+01,-3.019177000000000000e+00,-3.124342399999999742e-01,7.211117400000000011e-01
1.340750000000000064e+01,-3.015606200000000126e+00,-3.526764099999999957e-01,7.158027700000000326e-01
1.342019999999999946e+01,-3.001208999999999794e+00,-3.309944899999999746e-01,7.238089599999999457e-01
1.347833800000000082e+01,-3.021771900000000066e+00,-4.402007499999999740e-01,7.219952099999999984e-01
1.356431100000000001e+01,-3.075613199999999825e+00,-4.658021299999999809e-01,7.855810399999999527e-01
1.333914399999999922e+01,-2.961594199999999955e+00,-3.687085900000000027e-01,6.672241199999999761e-01
1.347426300000000055e+01,-3.024849899999999980e+00,-3.738624899999999918e-01,7.555285600000000157e-01
1.346971100000000021e+01,-3.022030599999999900e+00,-3.856054800000000005e-01,7.343924600000000247e-01
1.324418499999999987e+01,-2.960981700000000050e+00,-2.238397599999999987e-01,6.567981000000000513e-01
1.326232500000000059e+01,-2.947412700000000108e+00,-2.528878700000000146e-01,6.564835700000000163e-01
1.333616999999999919e+01,-2.957759999999999945e+00,-4.002237599999999840e-01,6.633942900000000531e-01
1.336163600000000073e+01,-2.950953600000000066e+00,-4.010068700000000153e-01,6.720299299999999976e-01
1.330073299999999925e+01,-2.968459999999999877e+00,-3.305681999999999787e-01,6.594421999999999784e-01
1.325507499999999972e+01,-2.952317100000000138e+00,-2.994621299999999930e-01,6.452815899999999605e-01
1.333730199999999932e+01,-2.979315800000000181e+00,-2.985835700000000204e-01,6.858206900000000106e-01
1.342073599999999978e+01,-2.995570100000000124e+00,-4.670953999999999939e-01,7.001812099999999983e-01
1.308491500000000052e+01,-2.910173299999999852e+00,-2.318282299999999962e-01,5.851507599999999920e-01
1.310107099999999924e+01,-2.927498599999999840e+00,-2.487362899999999988e-01,5.794426599999999983e-01
1.308298100000000019e+01,-2.921890100000000157e+00,-2.241008700000000076e-01,5.828430500000000292e-01
1.317297699999999949e+01,-2.933398200000000067e+00,-2.476835300000000128e-01,6.120581299999999780e-01
1.316416300000000028e+01,-2.943052699999999966e+00,-2.368085199999999946e-01,6.067944199999999455e-01
1.329524900000000009e+01,-2.965355999999999881e+00,-3.093337700000000079e-01,6.471969100000000141e-01
1.325580800000000004e+01,-2.928662899999999958e+00,-3.136718499999999743e-01,6.443692399999999543e-01
1.327570099999999975e+01,-2.968093399999999882e+00,-3.157179399999999747e-01,6.441664799999999858e-01
1.329222099999999962e+01,-2.944796800000000214e+00,-3.264431400000000205e-01,6.507443800000000111e-01
1.344083200000000033e+01,-3.016011699999999962e+00,-3.958960599999999941e-01,7.246187099999999992e-01
1.336660900000000041e+01,-2.970574800000000071e+00,-4.505616399999999855e-01,6.702283799999999570e-01
1.310847200000000079e+01,-2.911950200000000155e+00,-2.855346699999999904e-01,5.895759000000000416e-01
1.311116700000000002e+01,-2.934420199999999923e+00,-1.776218699999999873e-01,6.040172600000000003e-01
1.305791199999999996e+01,-2.948924799999999902e+00,-1.396902100000000091e-01,5.845905900000000210e-01
1.311452000000000062e+01,-2.902218500000000034e+00,-2.705933500000000103e-01,5.878508000000000067e-01
1.311550100000000008e+01,-2.921099700000000077e+00,-3.080730500000000149e-01,5.673359199999999936e-01
1.310175500000000071e+01,-2.914967600000000214e+00,-2.987645800000000018e-01,5.688807799999999748e-01
1.293708999999999953e+01,-2.942116700000000140e+00,-6.350232899999999625e-02,5.641059000000000490e-01
1.311667300000000047e+01,-2.964389699999999905e+00,-1.016091100000000025e-01,6.240685099999999652e-01
1.304254800000000003e+01,-2.941052700000000186e+00,-1.365708700000000109e-01,5.855949799999999872e-01
1.301301499999999933e+01,-2.929513200000000150e+00,-1.738509299999999869e-01,5.635810100000000489e-01
1.316591999999999985e+01,-2.915073099999999862e+00,-2.368645299999999898e-01,6.152945800000000354e-01
1.319482499999999980e+01,-2.935017100000000045e+00,-2.336014999999999897e-01,6.288074000000000163e-01
1.322087600000000052e+01,-2.956543299999999874e+00,-2.050739699999999943e-01,6.443907599999999514e-01
1.322925700000000049e+01,-2.936866600000000105e+00,-2.787301300000000204e-01,6.368238800000000088e-01
1.343669700000000056e+01,-3.012533799999999928e+00,-4.101879299999999784e-01,7.091184299999999663e-01
1.343302000000000085e+01,-3.011713400000000096e+00,-4.194358499999999990e-01,7.080003499999999450e-01
1.327703799999999923e+01,-2.948018300000000202e+00,-3.454990600000000245e-01,6.433343700000000442e-01
1.328703400000000023e+01,-2.944079700000000077e+00,-3.300053499999999751e-01,6.613414100000000184e-01
1.326536300000000068e+01,-2.951021299999999847e+00,-3.310442900000000188e-01,6.343295899999999987e-01
1.327897399999999983e+01,-2.957943699999999954e+00,-2.279072799999999899e-01,6.800946500000000228e-01
1.324660199999999932e+01,-2.958454099999999976e+00,-2.756444399999999906e-01,6.428042899999999449e-01
1.331962500000000027e+01,-2.958291700000000191e+00,-3.141573699999999914e-01,6.624937400000000531e-01
1.331347599999999964e+01,-2.950521600000000078e+00,-4.115682600000000191e-01,6.486383000000000010e-01
1.335316899999999940e+01,-2.975598800000000210e+00,-3.697338199999999908e-01,6.738192699999999702e-01
1.357444199999999945e+01,-3.071647000000000016e+00,-4.756939299999999871e-01,7.948230800000000151e-01
1.357255600000000051e+01,-3.083066800000000107e+00,-4.981681700000000212e-01,7.833269400000000271e-01
1.358398500000000020e+01,-3.098729200000000183e+00,-4.814802400000000038e-01,7.806658100000000156e-01
1.357309500000000035e+01,-3.068337999999999788e+00,-4.967283200000000010e-01,7.899090899999999804e-01
1.357300599999999946e+01,-3.088724299999999978e+00,-4.895481500000000152e-01,7.847167099999999840e-01
1.356209300000000084e+01,-3.064891400000000043e+00,-4.444286199999999964e-01,8.024240299999999548e-01
1.357037300000000002e+01,-3.064703199999999850e+00,-4.522435300000000047e-01,8.131103600000000320e-01
1.358882900000000049e+01,-3.098334799999999944e+00,-3.769128600000000162e-01,8.286487000000000158e-01
1.359140900000000052e+01,-3.085717199999999938e+00,-4.110776999999999903e-01,8.712767700000000337e-01
1.358290900000000079e+01,-3.105331399999999853e+00,-4.600844700000000231e-01,8.058982500000000382e-01
1.354605699999999935e+01,-3.063600099999999937e+00,-5.051533900000000354e-01,7.402641800000000494e-01
1.355748200000000026e+01,-3.066425600000000085e+00,-5.326768100000000006e-01,7.678953299999999871e-01
1.332176100000000041e+01,-2.968166500000000152e+00,-2.792737000000000136e-01,6.772654599999999858e-01
1.340605900000000084e+01,-3.005311799999999867e+00,-3.337695500000000259e-01,7.051083200000000106e-01
1.338530199999999937e+01,-2.978827499999999961e+00,-3.278126000000000095e-01,7.067922399999999605e-01
1.335717299999999952e+01,-2.975956399999999835e+00,-3.261390599999999806e-01,7.063440899999999800e-01
1.337400799999999990e+01,-2.975557499999999855e+00,-3.225101499999999954e-01,7.030447399999999458e-01
1.341386100000000070e+01,-2.980040699999999987e+00,-4.126833899999999833e-01,6.950173699999999677e-01
1.346975600000000028e+01,-3.023831500000000005e+00,-4.049231699999999989e-01,7.241795399999999550e-01
1.345734200000000058e+01,-3.026362999999999914e+00,-4.047067599999999987e-01,7.255175499999999555e-01
1.346590999999999916e+01,-3.016368200000000055e+00,-3.826295699999999744e-01,7.558141800000000021e-01
1.347545099999999962e+01,-3.011992999999999920e+00,-3.790106200000000203e-01,7.680065700000000550e-01
1.347499400000000058e+01,-3.011088500000000057e+00,-3.754861400000000238e-01,7.670936299999999708e-01
1.347557199999999966e+01,-3.028394099999999867e+00,-3.697505999999999848e-01,7.576887700000000114e-01
1.348933099999999996e+01,-3.017855799999999977e+00,-4.323158599999999963e-01,7.530373299999999492e-01
1.360345000000000049e+01,-3.106991999999999976e+00,-4.648894000000000082e-01,8.177403899999999837e-01
1.362445999999999913e+01,-3.103270699999999938e+00,-5.141421600000000147e-01,8.457508599999999932e-01
1.356920999999999999e+01,-3.087578600000000062e+00,-4.471522900000000078e-01,7.996697099999999780e-01
1.357440300000000022e+01,-3.089383499999999838e+00,-4.412691100000000199e-01,8.036676900000000456e-01
1.310202499999999937e+01,-2.911703399999999942e+00,-2.468788700000000003e-01,5.908167899999999806e-01
1.350160400000000038e+01,-3.060789699999999947e+00,-3.932187100000000268e-01,7.538035499999999889e-01
1.348036199999999951e+01,-3.005228199999999905e+00,-4.359777000000000236e-01,7.353346099999999996e-01
1.360709699999999955e+01,-3.099814400000000081e+00,-5.457933000000000368e-01,7.702137700000000198e-01
1.349280300000000032e+01,-3.031390899999999888e+00,-4.167128999999999972e-01,7.475495399999999568e-01
1.350891700000000029e+01,-3.045900099999999888e+00,-4.832841500000000234e-01,7.365690099999999685e-01
1.301213500000000067e+01,-2.910613000000000117e+00,-1.665602200000000088e-01,5.719360999999999473e-01
1.300935699999999962e+01,-2.907487499999999780e+00,-1.730746400000000018e-01,5.739051299999999856e-01
1.336287899999999951e+01,-2.959836699999999876e+00,-4.348567099999999797e-01,6.681025499999999617e-01
1.336539999999999928e+01,-2.965934299999999801e+00,-3.873971700000000129e-01,6.771055499999999450e-01
1.315261800000000036e+01,-2.920280299999999940e+00,-2.356303299999999989e-01,6.126958700000000313e-01
1.323451999999999984e+01,-2.960993199999999881e+00,-2.040962199999999949e-01,6.390005500000000005e-01
1.321364699999999992e+01,-2.958395499999999956e+00,-2.075509700000000013e-01,6.435538699999999723e-01
1.327565199999999912e+01,-2.948221399999999992e+00,-2.919695500000000221e-01,6.471329700000000296e-01
1.353645000000000032e+01,-3.058983299999999961e+00,-4.534232999999999736e-01,7.717940399999999590e-01
1.345754499999999965e+01,-3.008577799999999858e+00,-4.557458699999999974e-01,7.090937999999999963e-01
1.347464800000000018e+01,-3.021349299999999793e+00,-4.634320900000000187e-01,7.195569699999999624e-01
1.345163499999999956e+01,-3.005893100000000207e+00,-4.894666999999999768e-01,6.924130600000000246e-01
1.345024899999999946e+01,-2.999720400000000176e+00,-4.851118400000000164e-01,6.950695999999999541e-01
1.345250599999999963e+01,-3.014381000000000199e+00,-4.126591600000000248e-01,7.224580400000000235e-01
1.346304199999999973e+01,-3.010345500000000118e+00,-4.020973999999999937e-01,7.345650500000000527e-01
1.343291400000000024e+01,-3.033073499999999978e+00,-2.870763599999999749e-01,7.543157900000000415e-01
1.345123000000000069e+01,-3.031436499999999867e+00,-3.429369899999999971e-01,7.416904100000000222e-01
1.345863499999999924e+01,-3.025764699999999863e+00,-3.331812699999999738e-01,7.484850400000000459e-01
1.342727299999999957e+01,-2.998825000000000074e+00,-3.286869800000000175e-01,7.308562299999999956e-01
1.347537200000000013e+01,-3.036951900000000037e+00,-3.688920399999999766e-01,7.586045599999999833e-01
1.367460699999999996e+01,-3.156886699999999824e+00,-6.004665599999999825e-01,8.330910700000000446e-01
1.338744400000000034e+01,-2.984794700000000134e+00,-2.830882800000000254e-01,7.212755199999999478e-01
1.336429200000000073e+01,-2.990680600000000133e+00,-2.857290000000000108e-01,7.116890200000000055e-01
1.331060199999999938e+01,-2.967742299999999833e+00,-3.197882499999999961e-01,6.778889700000000351e-01
1.336200000000000010e+01,-2.975264600000000037e+00,-3.724297300000000144e-01,6.974802500000000238e-01
1.333165999999999940e+01,-2.985046800000000111e+00,-2.979726200000000214e-01,6.958608899999999542e-01
1.332451700000000017e+01,-2.985168999999999961e+00,-2.876725900000000058e-01,6.928532499999999761e-01
1.331952500000000050e+01,-2.965034199999999842e+00,-2.884836100000000014e-01,6.732555700000000254e-01
1.350661799999999957e+01,-3.028768200000000022e+00,-4.763318200000000169e-01,7.239041999999999977e-01
1.361151199999999939e+01,-3.090994499999999867e+00,-5.310580700000000487e-01,7.746444700000000294e-01
1.361047699999999949e+01,-3.122500099999999890e+00,-5.294490600000000269e-01,8.059889900000000162e-01
1.361150699999999958e+01,-3.108225899999999875e+00,-5.278410700000000233e-01,7.968767500000000226e-01
1.361659399999999920e+01,-3.102781900000000093e+00,-5.390804200000000046e-01,8.123551599999999651e-01
1.353222799999999992e+01,-3.053476799999999880e+00,-4.328144600000000120e-01,7.706493199999999710e-01
1.352102999999999966e+01,-3.038063000000000180e+00,-4.450807700000000144e-01,7.662021300000000368e-01
1.334010899999999999e+01,-2.977122899999999905e+00,-3.088569800000000032e-01,6.950272100000000064e-01
1.335087799999999980e+01,-2.962334900000000104e+00,-3.067158199999999724e-01,7.015117899999999684e-01
1.331388100000000030e+01,-2.983524399999999854e+00,-2.885805599999999860e-01,6.643013800000000524e-01
1.330960499999999946e+01,-2.987484499999999876e+00,-2.878951699999999780e-01,6.672577800000000225e-01
1.330739999999999945e+01,-2.988774799999999843e+00,-2.854797499999999766e-01,6.670819500000000346e-01
1.331444800000000050e+01,-2.987852499999999800e+00,-2.797571699999999995e-01,6.670690599999999915e-01
1.336713600000000035e+01,-2.968598300000000023e+00,-3.015465399999999740e-01,7.165867200000000103e-01
1.348045499999999919e+01,-3.012178099999999858e+00,-4.853374500000000036e-01,7.391556200000000132e-01
1.345072200000000073e+01,-3.018285300000000060e+00,-4.635942000000000118e-01,7.085203100000000420e-01
1.348463899999999960e+01,-3.013765900000000109e+00,-4.187312000000000256e-01,7.387830899999999756e-01
1.346447099999999963e+01,-3.004985899999999877e+00,-4.231960000000000166e-01,7.434050399999999614e-01
1.346428399999999925e+01,-3.012920400000000054e+00,-4.188911399999999952e-01,7.318728799999999479e-01
1.344770699999999941e+01,-3.010342800000000096e+00,-3.803977299999999895e-01,7.328945399999999832e-01
1.346532900000000055e+01,-3.016098899999999805e+00,-4.202499599999999780e-01,7.073061600000000171e-01
1.348517799999999944e+01,-3.041446899999999953e+00,-4.324388200000000015e-01,7.517245200000000072e-01
1.350653100000000073e+01,-3.038074700000000128e+00,-4.354324399999999762e-01,7.505413699999999855e-01
1.347822599999999937e+01,-3.029732399999999881e+00,-4.491342400000000179e-01,7.380111400000000099e-01
1.350199399999999983e+01,-3.027270600000000034e+00,-4.312937399999999810e-01,7.475080499999999795e-01
1.342384599999999928e+01,-2.996074500000000196e+00,-4.598564700000000172e-01,6.998325899999999766e-01
1.345264399999999938e+01,-2.998892899999999972e+00,-4.342793999999999821e-01,7.035342799999999563e-01
1.342607699999999937e+01,-3.005421300000000073e+00,-4.088697000000000026e-01,7.138884500000000077e-01
1.342608599999999974e+01,-3.002825000000000077e+00,-4.135871300000000250e-01,7.140354300000000265e-01
1.344100800000000007e+01,-3.011287199999999942e+00,-3.974216799999999994e-01,7.114253099999999774e-01
1.340153800000000039e+01,-2.986966799999999811e+00,-3.651700099999999893e-01,7.159705899999999623e-01
1.338871600000000051e+01,-2.986215699999999806e+00,-3.861493999999999760e-01,6.776169399999999454e-01
1.341229700000000058e+01,-2.996336499999999958e+00,-3.443678399999999806e-01,7.142393400000000003e-01
1.331603100000000062e+01,-2.942321800000000209e+00,-3.911996300000000204e-01,6.422370800000000157e-01
1.330075399999999952e+01,-2.949896400000000085e+00,-3.951586699999999897e-01,6.446955199999999664e-01
1.337149999999999928e+01,-2.962171399999999899e+00,-4.058121800000000223e-01,6.623079699999999681e-01
1.326477399999999918e+01,-2.947694199999999931e+00,-3.276552200000000248e-01,6.514292600000000100e-01
1.331561499999999931e+01,-2.945992700000000131e+00,-3.444407899999999967e-01,6.509892900000000537e-01
1.331786699999999968e+01,-2.946131999999999973e+00,-3.467343099999999900e-01,6.496031599999999573e-01
1.329189700000000052e+01,-2.956740499999999994e+00,-3.461189199999999966e-01,6.484135399999999549e-01
1.333006499999999939e+01,-2.977627099999999860e+00,-2.320602499999999957e-01,7.053287599999999991e-01
1.332851299999999917e+01,-2.983420300000000136e+00,-3.180865099999999890e-01,6.766503900000000460e-01
1.333923700000000068e+01,-2.972868899999999925e+00,-3.650564700000000218e-01,6.653063999999999645e-01
1.341934099999999930e+01,-2.982463500000000156e+00,-3.670314499999999813e-01,7.114734900000000417e-01
1.343482799999999955e+01,-2.989192399999999861e+00,-3.934580500000000036e-01,7.033886499999999486e-01
1.338266600000000039e+01,-2.994933800000000090e+00,-3.863492399999999827e-01,6.954304399999999831e-01
1.341216999999999970e+01,-2.994104099999999935e+00,-3.977454500000000004e-01,6.936293900000000123e-01
1.342832300000000068e+01,-2.995703799999999806e+00,-3.486065300000000255e-01,7.238758800000000271e-01
1.321865799999999957e+01,-2.932393300000000202e+00,-3.132758900000000013e-01,6.188784800000000086e-01
1.321747900000000087e+01,-2.934066699999999805e+00,-3.135745999999999811e-01,6.203320500000000237e-01
1.316041399999999939e+01,-2.940974699999999942e+00,-2.035129200000000138e-01,6.248890299999999565e-01
1.320165000000000077e+01,-2.944253900000000090e+00,-2.159881399999999951e-01,6.318202800000000119e-01
1.317041900000000076e+01,-2.949990399999999902e+00,-2.173650900000000108e-01,6.399138100000000273e-01
1.319668500000000044e+01,-2.953828399999999910e+00,-2.885495200000000038e-01,6.147654999999999648e-01
1.319988299999999981e+01,-2.956690699999999783e+00,-2.911008299999999771e-01,6.108372199999999586e-01
1.322012199999999993e+01,-2.937415999999999805e+00,-2.131753600000000082e-01,6.431567900000000337e-01
1.322831099999999971e+01,-2.958171999999999802e+00,-1.995000399999999896e-01,6.551068899999999973e-01
1.320861499999999999e+01,-2.944492299999999840e+00,-2.414765399999999895e-01,6.391215799999999669e-01
1.322150000000000070e+01,-2.944268500000000177e+00,-2.211790399999999934e-01,6.399945400000000006e-01
1.355866199999999999e+01,-3.077718500000000024e+00,-4.559354899999999988e-01,7.883373999999999659e-01
1.336099800000000037e+01,-2.976658099999999862e+00,-2.696252199999999988e-01,7.103976199999999519e-01
1.337790999999999997e+01,-2.989508199999999949e+00,-3.138155799999999829e-01,7.167063900000000265e-01
1.337048899999999918e+01,-2.984949100000000133e+00,-3.622198099999999754e-01,6.913378399999999813e-01
1.314997100000000074e+01,-2.925031800000000182e+00,-2.273925900000000055e-01,6.065050400000000508e-01
1.315363900000000008e+01,-2.949771399999999932e+00,-2.086227300000000062e-01,6.096984399999999527e-01
1.318921100000000024e+01,-2.948592999999999797e+00,-1.597603900000000021e-01,6.454437800000000225e-01
1.320447799999999994e+01,-2.935454000000000008e+00,-1.702200299999999944e-01,6.611590299999999809e-01
1.324207600000000085e+01,-2.972555900000000140e+00,-2.349551800000000135e-01,6.472306700000000079e-01
1.316608199999999940e+01,-2.922590899999999881e+00,-2.186974499999999877e-01,6.219256800000000363e-01
1.316240600000000072e+01,-2.920479400000000059e+00,-2.131737999999999966e-01,6.300076799999999588e-01
1.316371999999999964e+01,-2.951780100000000129e+00,-2.203314600000000067e-01,6.087704099999999841e-01
1.317006499999999924e+01,-2.910601300000000169e+00,-2.912122899999999848e-01,6.127302000000000026e-01
1.317701300000000053e+01,-2.895631499999999914e+00,-3.013408599999999882e-01,6.112829699999999811e-01
1.317437400000000025e+01,-2.896149600000000213e+00,-3.058916799999999991e-01,6.135322199999999615e-01
1.316447299999999920e+01,-2.906651800000000119e+00,-3.098771699999999796e-01,6.033937499999999510e-01
1.330227499999999985e+01,-2.944414599999999993e+00,-3.399599200000000265e-01,6.566936399999999674e-01
1.330749699999999969e+01,-2.950357799999999919e+00,-3.312505800000000167e-01,6.673694700000000202e-01
1.344853699999999996e+01,-3.017800600000000166e+00,-3.918028599999999750e-01,7.118843200000000149e-01
1.344182499999999969e+01,-3.017425300000000199e+00,-3.931815699999999802e-01,7.127803700000000520e-01
1.329462700000000019e+01,-2.962374200000000180e+00,-3.198519200000000118e-01,6.612439599999999640e-01
1.335284500000000030e+01,-2.959917400000000143e+00,-3.898970299999999778e-01,6.599843300000000079e-01
1.337154499999999935e+01,-2.990735200000000038e+00,-3.366936700000000005e-01,6.791477700000000395e-01
1.334523300000000035e+01,-2.965213599999999783e+00,-3.548075700000000166e-01,6.849826599999999655e-01
1.338639799999999980e+01,-2.995643199999999950e+00,-3.248215400000000197e-01,7.116006099999999668e-01
1.338837200000000038e+01,-2.986173299999999919e+00,-3.681365099999999724e-01,6.987753199999999776e-01
1.322551200000000016e+01,-2.950873000000000079e+00,-2.957193100000000130e-01,6.277800399999999836e-01
1.326977899999999977e+01,-2.933837899999999888e+00,-2.550887800000000150e-01,6.645301999999999598e-01
1.331779000000000046e+01,-2.955930200000000063e+00,-3.095924400000000243e-01,6.630567699999999620e-01
1.326787299999999981e+01,-2.948592999999999797e+00,-3.013248299999999880e-01,6.473114399999999602e-01
1.325027500000000025e+01,-2.957186800000000115e+00,-3.042431999999999914e-01,6.520166200000000467e-01
1.330173699999999926e+01,-2.969440500000000149e+00,-3.430354199999999798e-01,6.616372900000000445e-01
1.314193599999999940e+01,-2.922842600000000068e+00,-2.745742299999999747e-01,5.945578099999999644e-01
1.312221800000000016e+01,-2.933927399999999963e+00,-2.174443199999999965e-01,6.011013099999999998e-01
1.320873800000000031e+01,-2.927958799999999862e+00,-2.790687399999999818e-01,6.267722799999999594e-01
1.319260599999999961e+01,-2.930606699999999787e+00,-2.807234699999999750e-01,6.311832699999999630e-01
1.342567599999999928e+01,-3.006322700000000125e+00,-3.221409199999999973e-01,7.308097799999999644e-01
1.341206599999999938e+01,-3.001980300000000046e+00,-3.396848700000000276e-01,7.259907700000000075e-01
1.315621100000000077e+01,-2.911492599999999875e+00,-2.989361099999999771e-01,6.032623599999999975e-01
1.316318599999999961e+01,-2.909078300000000006e+00,-3.019015800000000027e-01,6.041485399999999562e-01
1.324299300000000024e+01,-2.940377699999999983e+00,-3.179322600000000221e-01,6.283930300000000191e-01
1.326009600000000077e+01,-2.945379700000000156e+00,-3.194180400000000142e-01,6.350748499999999686e-01
1.336519000000000013e+01,-2.980288999999999966e+00,-3.352964700000000131e-01,6.804156000000000093e-01
1.335913299999999992e+01,-2.975239199999999862e+00,-3.572371799999999875e-01,6.924755000000000216e-01
1.337603700000000018e+01,-2.974169100000000121e+00,-3.584113700000000069e-01,6.897794200000000320e-01
1.335854299999999917e+01,-2.989238100000000120e+00,-3.500190300000000088e-01,6.780703999999999620e-01
1.327038100000000043e+01,-2.940284199999999792e+00,-2.746121400000000046e-01,6.701049700000000220e-01
1.328924999999999912e+01,-2.946824700000000075e+00,-2.682801000000000213e-01,6.668682500000000513e-01
1.322912200000000027e+01,-2.942723800000000001e+00,-2.870767200000000074e-01,6.253814300000000159e-01
1.308494600000000041e+01,-2.916733699999999985e+00,-1.969877200000000050e-01,5.922796099999999564e-01
1.309437899999999999e+01,-2.941711000000000187e+00,-1.957212399999999908e-01,5.871236300000000075e-01
1.311952199999999991e+01,-2.904526399999999953e+00,-2.534125600000000089e-01,5.987340700000000071e-01
1.309384000000000015e+01,-2.886733200000000110e+00,-3.291990799999999773e-01,5.612381199999999515e-01
1.310067599999999999e+01,-2.944071300000000058e+00,-1.509873499999999924e-01,6.030838699999999664e-01
1.302153500000000008e+01,-2.904029299999999925e+00,-2.309346499999999913e-01,5.649444099999999525e-01
1.305453999999999937e+01,-2.921760299999999866e+00,-1.912193799999999944e-01,5.866244000000000458e-01
1.306360600000000005e+01,-2.920680700000000130e+00,-1.887494700000000025e-01,5.793886999999999787e-01
1.316636300000000048e+01,-2.927124800000000082e+00,-2.603611000000000120e-01,6.149662200000000079e-01
1.317051299999999969e+01,-2.917818500000000093e+00,-2.598187200000000030e-01,6.173365200000000552e-01
1.307173799999999986e+01,-2.939906000000000130e+00,-1.700135899999999922e-01,5.889802899999999619e-01
1.314763199999999976e+01,-2.951684699999999939e+00,-1.518293800000000138e-01,6.210827799999999455e-01
1.330905500000000075e+01,-2.963472100000000164e+00,-3.346903299999999803e-01,6.580815899999999941e-01
1.340739600000000031e+01,-2.994531400000000065e+00,-3.895211199999999985e-01,6.948891499999999555e-01
1.339964699999999986e+01,-2.986314699999999878e+00,-4.001368200000000042e-01,6.910667799999999916e-01
1.345921300000000009e+01,-3.010457600000000067e+00,-3.883845499999999951e-01,7.370017300000000215e-01
1.344460199999999972e+01,-3.024077000000000126e+00,-3.199132000000000087e-01,7.392107300000000381e-01
1.327989099999999922e+01,-2.951018100000000199e+00,-3.677445500000000034e-01,6.310461299999999829e-01
1.329352300000000042e+01,-2.935832700000000184e+00,-3.921460500000000238e-01,6.374710199999999993e-01
1.328459400000000024e+01,-2.954656400000000183e+00,-3.590426400000000240e-01,6.324896100000000354e-01
1.335881400000000063e+01,-2.999860700000000158e+00,-3.227393700000000254e-01,6.885780700000000421e-01
1.333995099999999923e+01,-2.941859700000000188e+00,-3.617748199999999970e-01,6.719045300000000553e-01
1.331590899999999955e+01,-2.941333999999999893e+00,-3.704215599999999831e-01,6.757651199999999969e-01
1.321687599999999918e+01,-2.959016899999999950e+00,-3.138171200000000050e-01,6.163014799999999571e-01
1.329594900000000024e+01,-2.941857699999999909e+00,-3.107303100000000096e-01,6.795623100000000028e-01
1.335446100000000058e+01,-2.970315400000000050e+00,-3.370341499999999768e-01,6.745995299999999473e-01
1.332768199999999936e+01,-2.968796600000000119e+00,-3.543017199999999867e-01,6.734726699999999955e-01
1.347282500000000027e+01,-3.026539899999999950e+00,-4.339132600000000228e-01,7.386126499999999817e-01
1.347857699999999959e+01,-3.020279500000000006e+00,-4.365881500000000082e-01,7.415549999999999642e-01
1.349914099999999983e+01,-3.035489999999999799e+00,-4.144498500000000085e-01,7.673665699999999701e-01
1.344144700000000014e+01,-2.999092000000000091e+00,-4.111652000000000085e-01,7.145191199999999521e-01
1.350567500000000010e+01,-3.039359500000000214e+00,-4.388057399999999997e-01,7.454986099999999505e-01
1.342619200000000035e+01,-3.006074100000000193e+00,-3.827859499999999859e-01,7.120969400000000116e-01
1.340539799999999993e+01,-2.994875200000000071e+00,-2.881090000000000040e-01,7.510503800000000174e-01
1.318467300000000009e+01,-2.911972899999999864e+00,-3.228850699999999962e-01,6.122885700000000320e-01
1.329925399999999946e+01,-2.954382100000000122e+00,-2.453761000000000136e-01,6.800047999999999648e-01
1.327882699999999971e+01,-2.950110099999999846e+00,-2.625023799999999796e-01,6.622753300000000509e-01
1.326345099999999988e+01,-2.941767899999999880e+00,-2.667703699999999789e-01,6.415233000000000185e-01
1.351281700000000008e+01,-3.044265000000000221e+00,-4.752792900000000209e-01,7.417267400000000510e-01
1.350129399999999968e+01,-3.050601100000000176e+00,-4.845132699999999959e-01,7.225839600000000251e-01
1.351399800000000084e+01,-3.035166999999999948e+00,-5.040407599999999766e-01,7.318818700000000455e-01
1.351487700000000025e+01,-3.038812500000000139e+00,-5.259044299999999783e-01,7.270108600000000365e-01
1.350621100000000041e+01,-3.033310199999999845e+00,-5.300521799999999839e-01,7.291252499999999470e-01
1.330690799999999996e+01,-2.973407299999999864e+00,-2.997849499999999945e-01,6.556544100000000208e-01
1.330785499999999999e+01,-2.960739900000000091e+00,-3.062105500000000258e-01,6.633373900000000267e-01
1.336987700000000068e+01,-2.997998400000000174e+00,-2.675654199999999983e-01,7.196487599999999984e-01
1.340363699999999980e+01,-2.979244000000000003e+00,-4.091661200000000220e-01,6.893574300000000488e-01
1.340765999999999991e+01,-2.976038700000000148e+00,-4.355022299999999902e-01,6.812475099999999451e-01
1.340573599999999921e+01,-3.004994899999999802e+00,-3.503473999999999755e-01,7.164421899999999788e-01
1.338102100000000050e+01,-2.988138100000000019e+00,-3.596815800000000007e-01,6.943125999999999465e-01
1.331721899999999970e+01,-2.968498299999999812e+00,-3.159304000000000001e-01,6.687199999999999811e-01
1.330398100000000028e+01,-2.953465500000000077e+00,-3.101862899999999756e-01,6.706820900000000085e-01
1.336684900000000020e+01,-2.959616599999999931e+00,-4.403258800000000028e-01,6.629340200000000127e-01
1.334734100000000012e+01,-2.966162900000000047e+00,-3.986541200000000007e-01,6.569668699999999806e-01
1.339059100000000058e+01,-2.970704000000000011e+00,-3.618261199999999733e-01,6.957133800000000479e-01
1.338204299999999947e+01,-2.967629399999999862e+00,-3.724854499999999957e-01,6.961473299999999531e-01
1.352767000000000053e+01,-3.040150800000000153e+00,-4.225598999999999883e-01,7.867324599999999668e-01
1.348966700000000074e+01,-3.042988999999999944e+00,-4.085285699999999798e-01,7.451375900000000163e-01
1.347323300000000046e+01,-3.018284500000000037e+00,-4.234004100000000048e-01,7.428517599999999721e-01
1.346643700000000088e+01,-3.009996199999999789e+00,-4.139465199999999845e-01,7.268548599999999915e-01
1.348351500000000058e+01,-3.025349700000000031e+00,-3.786222100000000146e-01,7.471670000000000256e-01
1.346022499999999944e+01,-3.025192800000000126e+00,-3.929389899999999880e-01,7.488872300000000148e-01
1.340719099999999919e+01,-2.994660099999999936e+00,-3.748982399999999937e-01,7.212134799999999624e-01
1.340470200000000034e+01,-2.998062399999999794e+00,-3.737988500000000158e-01,7.169171600000000533e-01
1.342807999999999957e+01,-3.001255299999999959e+00,-3.815885800000000105e-01,7.022241299999999464e-01
1.344468499999999977e+01,-2.993783300000000036e+00,-4.033701000000000092e-01,7.168067399999999978e-01
1.345589000000000013e+01,-3.003555299999999928e+00,-4.106576499999999852e-01,7.287971800000000444e-01
1.344094800000000056e+01,-3.005684500000000092e+00,-3.840589300000000206e-01,7.289830800000000055e-01
1.362919800000000059e+01,-3.103450800000000065e+00,-5.139201899999999990e-01,8.451851999999999698e-01
1.363418000000000063e+01,-3.100858000000000114e+00,-5.162502300000000321e-01,8.439253599999999578e-01
1.362955299999999959e+01,-3.115707099999999841e+00,-5.358290399999999787e-01,8.303292199999999790e-01
1.362137199999999915e+01,-3.120928000000000146e+00,-4.999735900000000233e-01,8.254340999999999484e-01
1.363141599999999976e+01,-3.116999100000000134e+00,-5.475529399999999880e-01,8.151489499999999833e-01
1.362478699999999954e+01,-3.104707400000000117e+00,-5.323861100000000235e-01,8.218753699999999940e-01
1.361283799999999999e+01,-3.122717600000000093e+00,-4.953916199999999770e-01,8.139443400000000439e-01
1.360460299999999911e+01,-3.125185000000000102e+00,-4.971858000000000111e-01,8.056840699999999744e-01
1.357212999999999958e+01,-3.067457500000000170e+00,-4.781296899999999961e-01,8.179689500000000280e-01
1.359301499999999940e+01,-3.086438999999999933e+00,-5.181687400000000165e-01,7.920268000000000308e-01
1.357080799999999954e+01,-3.069176000000000126e+00,-5.148756399999999678e-01,7.670569099999999807e-01
1.356383300000000069e+01,-3.072483399999999865e+00,-5.064904799999999652e-01,7.714357099999999967e-01
1.358716300000000032e+01,-3.068189100000000114e+00,-5.193486699999999567e-01,7.804500599999999455e-01
1.354896899999999960e+01,-3.061549100000000134e+00,-4.915856299999999957e-01,7.545764499999999542e-01
1.342326300000000039e+01,-2.995252600000000154e+00,-3.577013700000000185e-01,7.211003700000000460e-01
1.346421999999999919e+01,-3.031227700000000080e+00,-4.202847800000000245e-01,7.314212500000000228e-01
1.352364500000000014e+01,-3.035267099999999996e+00,-4.733956400000000064e-01,7.508717299999999595e-01
1.347916000000000025e+01,-3.042701899999999959e+00,-4.577107400000000048e-01,7.142098700000000244e-01
1.350872599999999935e+01,-3.033161600000000124e+00,-4.802192900000000209e-01,7.329678499999999763e-01
1.324410699999999963e+01,-2.926543199999999789e+00,-3.329193400000000080e-01,6.318291600000000008e-01
1.340676999999999985e+01,-2.997128000000000014e+00,-3.475944699999999887e-01,7.131763399999999642e-01
1.340418299999999974e+01,-2.991811199999999893e+00,-4.173566400000000010e-01,6.817733799999999844e-01
1.341701800000000055e+01,-2.989980500000000152e+00,-3.898941100000000159e-01,7.125635399999999953e-01
1.324938500000000019e+01,-2.941688200000000197e+00,-3.049103599999999914e-01,6.356993499999999964e-01
1.347725400000000029e+01,-3.018383000000000038e+00,-4.393601799999999891e-01,7.346039599999999448e-01
1.346279700000000012e+01,-3.005857900000000082e+00,-4.362315099999999890e-01,7.424979999999999913e-01
1.339422099999999993e+01,-2.981908999999999921e+00,-3.534086000000000172e-01,7.034117800000000420e-01
1.350649400000000000e+01,-3.031025800000000103e+00,-4.760548600000000241e-01,7.385629299999999509e-01
1.349196599999999968e+01,-3.033349700000000038e+00,-4.518562199999999751e-01,7.281090399999999851e-01
1.350003700000000073e+01,-3.030185299999999859e+00,-4.153504700000000271e-01,7.643822500000000408e-01
1.349903699999999951e+01,-3.039835399999999854e+00,-3.925656200000000040e-01,7.574089600000000200e-01
1.325831499999999963e+01,-2.937514000000000181e+00,-3.178497100000000075e-01,6.406181300000000078e-01
1.327431100000000086e+01,-2.948417300000000019e+00,-3.054404900000000089e-01,6.479907099999999698e-01
1.343863799999999920e+01,-3.002978999999999843e+00,-4.194738700000000264e-01,7.276192599999999899e-01
1.345702200000000026e+01,-3.002294899999999878e+00,-4.174858599999999864e-01,7.087633599999999534e-01
1.344319699999999962e+01,-3.005728200000000072e+00,-4.153325600000000173e-01,7.143440899999999871e-01
1.344429399999999930e+01,-2.995206500000000105e+00,-4.290258000000000127e-01,7.187307600000000241e-01
1.344054099999999963e+01,-3.014714699999999858e+00,-3.907158099999999967e-01,7.212912799999999791e-01
1.326216200000000001e+01,-2.946755000000000013e+00,-2.778142299999999953e-01,6.540872899999999879e-01
1.324701899999999988e+01,-2.921619999999999884e+00,-3.235935999999999813e-01,6.397713099999999820e-01
1.302736299999999936e+01,-2.924140799999999984e+00,-1.461353099999999905e-01,5.744640899999999828e-01
1.315814499999999931e+01,-2.916292900000000188e+00,-2.777209999999999956e-01,6.151005899999999471e-01
1.321086799999999961e+01,-2.929330799999999790e+00,-2.699093799999999765e-01,6.386907200000000451e-01
1.344068700000000049e+01,-3.005009499999999889e+00,-4.108216299999999932e-01,7.073611899999999730e-01
1.338364499999999957e+01,-2.974095300000000108e+00,-4.138347900000000079e-01,6.816193600000000075e-01
1.338249199999999917e+01,-2.973929699999999787e+00,-3.958138999999999963e-01,6.829223399999999611e-01
1.336478100000000069e+01,-2.983988200000000202e+00,-3.767949099999999829e-01,6.699490099999999559e-01
1.355475299999999983e+01,-3.080002499999999976e+00,-4.649534900000000248e-01,7.730923600000000340e-01
1.356100700000000003e+01,-3.079030400000000167e+00,-4.657167199999999729e-01,7.711867999999999501e-01
1.355712800000000051e+01,-3.075705199999999806e+00,-4.786423100000000153e-01,7.864762600000000381e-01
1.340430699999999931e+01,-3.016007800000000127e+00,-3.914735100000000245e-01,7.047704799999999770e-01
1.344835600000000042e+01,-2.995592699999999997e+00,-3.459615600000000013e-01,7.695071399999999784e-01
1.334312599999999982e+01,-2.987242699999999918e+00,-3.220442199999999922e-01,6.683288800000000140e-01
1.333798200000000023e+01,-2.984229899999999880e+00,-2.875496200000000058e-01,6.810904599999999531e-01
1.347598600000000069e+01,-3.011410999999999838e+00,-4.745279399999999814e-01,7.225151800000000346e-01
1.348056099999999979e+01,-3.028785300000000014e+00,-4.757608999999999866e-01,7.306485099999999733e-01
1.350209800000000016e+01,-3.049290699999999799e+00,-4.603583600000000220e-01,7.572483199999999748e-01
1.353494300000000017e+01,-3.030974599999999963e+00,-4.588552100000000133e-01,7.601078399999999791e-01
1.341238000000000063e+01,-2.974188999999999972e+00,-3.534222499999999934e-01,7.065415999999999919e-01
1.339611400000000074e+01,-2.979886599999999941e+00,-3.577282199999999857e-01,7.067990499999999843e-01
1.339989800000000031e+01,-2.971741199999999861e+00,-3.912570699999999846e-01,7.121479299999999846e-01
1.339999199999999924e+01,-2.987618499999999955e+00,-3.675992499999999885e-01,7.064807300000000012e-01
1.334926100000000027e+01,-2.977388200000000040e+00,-3.308557899999999830e-01,7.036088299999999629e-01
1.336819700000000033e+01,-2.986460199999999787e+00,-3.390084800000000009e-01,6.804820299999999600e-01
1.343381800000000048e+01,-2.998303599999999847e+00,-4.173763500000000071e-01,7.042534099999999686e-01
1.340628300000000017e+01,-3.012967600000000079e+00,-3.770880699999999974e-01,6.952523000000000453e-01
1.327666299999999922e+01,-2.971626000000000101e+00,-3.020818399999999904e-01,6.442092499999999555e-01
1.329246000000000016e+01,-2.962934199999999851e+00,-3.282377100000000159e-01,6.442305999999999866e-01
1.329216100000000012e+01,-2.949574399999999930e+00,-3.326414599999999999e-01,6.480462799999999746e-01
1.318625199999999964e+01,-2.954303799999999924e+00,-1.546129099999999923e-01,6.447059400000000329e-01
1.314242600000000039e+01,-2.903622200000000042e+00,-2.953446000000000127e-01,5.946175299999999497e-01
1.356882300000000008e+01,-3.066097000000000072e+00,-4.871642700000000104e-01,7.806319099999999844e-01
1.317188900000000018e+01,-2.897091000000000083e+00,-3.197691100000000231e-01,6.006070599999999704e-01
1.321582899999999938e+01,-2.924874599999999880e+00,-3.190295799999999793e-01,6.090367100000000367e-01
1.320000399999999985e+01,-2.947272799999999915e+00,-3.230615299999999857e-01,6.020366999999999802e-01
1.324565899999999985e+01,-2.912400400000000111e+00,-3.387848299999999813e-01,6.431748099999999857e-01
1.325412599999999941e+01,-2.938938199999999945e+00,-3.143209299999999984e-01,6.436280100000000282e-01
1.326725899999999925e+01,-2.932219400000000142e+00,-3.156452000000000147e-01,6.435396899999999976e-01
1.326569800000000043e+01,-2.966772399999999976e+00,-2.730669099999999960e-01,6.552157699999999751e-01
1.327654199999999918e+01,-2.958807499999999813e+00,-2.480982599999999871e-01,6.626622199999999685e-01
1.323061000000000043e+01,-2.929974399999999868e+00,-2.653109599999999846e-01,6.390261099999999805e-01
1.324393500000000046e+01,-2.960591099999999809e+00,-2.740206000000000031e-01,6.425769599999999748e-01
1.315086999999999939e+01,-2.906620300000000157e+00,-3.219777099999999725e-01,5.992485100000000120e-01
1.315109400000000051e+01,-2.905539399999999883e+00,-3.232243699999999831e-01,5.982899400000000201e-01
1.309487900000000060e+01,-2.909989200000000054e+00,-2.500436300000000167e-01,5.783770000000000300e-01
1.313475799999999971e+01,-2.908990800000000210e+00,-2.451854699999999887e-01,5.994539899999999921e-01
1.310032999999999959e+01,-2.910829500000000181e+00,-2.654677999999999760e-01,5.918227099999999741e-01
1.315740300000000040e+01,-2.929187300000000160e+00,-2.690524799999999828e-01,6.108644300000000138e-01
1.344467599999999941e+01,-3.003903499999999838e+00,-4.808910100000000076e-01,6.915299099999999699e-01
1.343588600000000000e+01,-2.991566900000000029e+00,-4.119093999999999811e-01,7.121689799999999515e-01
1.344195700000000038e+01,-2.987532700000000041e+00,-3.714566300000000099e-01,7.300337599999999760e-01
1.335762800000000006e+01,-2.972207200000000160e+00,-3.321395699999999951e-01,6.882558899999999813e-01
1.335592600000000019e+01,-2.958024099999999823e+00,-3.412675700000000201e-01,6.980322500000000208e-01
1.331553199999999926e+01,-2.971445399999999903e+00,-3.475485999999999853e-01,6.568744399999999484e-01
1.332018399999999936e+01,-2.954118199999999916e+00,-3.197286699999999926e-01,6.802158999999999844e-01
1.333027300000000004e+01,-2.967665199999999892e+00,-3.007043600000000039e-01,6.786259900000000123e-01
1.327130299999999963e+01,-2.955682200000000037e+00,-2.774411900000000042e-01,6.582506299999999477e-01
1.333495600000000003e+01,-2.971972000000000058e+00,-2.495946199999999893e-01,7.006217999999999613e-01
1.335058300000000031e+01,-2.986995900000000148e+00,-2.450711100000000087e-01,6.957842100000000141e-01
1.334399600000000063e+01,-2.991337999999999830e+00,-2.515091899999999936e-01,6.924351600000000495e-01
1.332606799999999936e+01,-2.996760399999999880e+00,-2.577314299999999836e-01,6.925749500000000225e-01
1.334281999999999968e+01,-2.960341300000000064e+00,-2.825469899999999979e-01,7.039629600000000265e-01
1.341356700000000046e+01,-3.011838800000000038e+00,-3.905573999999999990e-01,6.982482800000000545e-01
1.339321999999999946e+01,-2.992076099999999794e+00,-3.986312599999999873e-01,6.867446600000000068e-01
1.350754500000000036e+01,-3.049424500000000204e+00,-4.263499499999999776e-01,7.569481000000000126e-01
1.350827400000000011e+01,-3.046236500000000014e+00,-4.259751099999999902e-01,7.400722699999999765e-01
1.349518100000000054e+01,-3.049904100000000007e+00,-4.243220999999999798e-01,7.472847799999999818e-01
1.327972300000000061e+01,-2.922372100000000028e+00,-3.495531499999999792e-01,6.365190800000000149e-01
1.327275000000000027e+01,-2.924897099999999917e+00,-3.425995800000000147e-01,6.314591999999999983e-01
1.325734300000000054e+01,-2.930116099999999779e+00,-3.483145000000000269e-01,6.418281999999999599e-01
1.326690699999999978e+01,-2.934907799999999956e+00,-3.147804000000000157e-01,6.531599300000000552e-01
1.330070599999999992e+01,-2.964599699999999949e+00,-3.493383700000000092e-01,6.379670200000000513e-01
1.329953599999999980e+01,-2.947366199999999825e+00,-2.725346499999999894e-01,6.812728700000000304e-01
1.330184900000000070e+01,-2.946374899999999908e+00,-2.724646399999999802e-01,6.834658999999999596e-01
1.323646699999999932e+01,-2.958112799999999876e+00,-2.617637500000000172e-01,6.351451299999999467e-01
1.338280899999999995e+01,-2.999647200000000069e+00,-3.339350700000000005e-01,6.979648400000000308e-01
1.337953599999999987e+01,-3.001976200000000095e+00,-3.338162700000000260e-01,6.894673999999999525e-01
1.338246000000000002e+01,-3.000088400000000100e+00,-3.308048100000000047e-01,6.962449000000000554e-01
1.334539599999999915e+01,-2.951996600000000193e+00,-3.887057700000000060e-01,6.799496800000000007e-01
1.342150700000000008e+01,-2.983123599999999875e+00,-3.750295000000000156e-01,7.199852799999999498e-01
1.331845500000000015e+01,-2.968182200000000215e+00,-3.294826299999999986e-01,6.739609800000000428e-01
1.342189300000000074e+01,-3.000233000000000150e+00,-3.654342700000000055e-01,7.119758699999999552e-01
1.345925399999999961e+01,-3.021681000000000061e+00,-3.419814400000000254e-01,7.589781399999999678e-01
1.344414500000000068e+01,-3.010491599999999934e+00,-3.997292499999999804e-01,7.208553699999999953e-01
1.343456600000000023e+01,-3.000574700000000039e+00,-3.934363100000000113e-01,7.178487199999999957e-01
1.342197999999999958e+01,-2.993018800000000201e+00,-4.123877300000000079e-01,7.062462499999999643e-01
1.348394099999999973e+01,-3.026210700000000031e+00,-4.281605199999999889e-01,7.440765799999999874e-01
1.334028400000000047e+01,-2.959828799999999926e+00,-4.127891399999999988e-01,6.401662700000000372e-01
1.330287799999999976e+01,-2.936799900000000019e+00,-4.181926699999999886e-01,6.463635399999999587e-01
1.328187199999999990e+01,-2.957763299999999873e+00,-4.010546700000000020e-01,6.272281100000000054e-01
1.335686100000000032e+01,-3.002127400000000002e+00,-3.131028100000000092e-01,6.870566399999999962e-01
1.316374500000000047e+01,-2.922618100000000219e+00,-3.581627700000000192e-01,5.813570099999999519e-01
1.317061999999999955e+01,-2.915237499999999926e+00,-3.715857499999999924e-01,5.826684899999999834e-01
1.336474399999999996e+01,-2.983909800000000168e+00,-2.776294599999999946e-01,6.957759000000000027e-01
1.338125199999999992e+01,-2.992361199999999943e+00,-2.966017699999999868e-01,6.874438800000000072e-01
1.335215799999999930e+01,-3.010797999999999863e+00,-3.128711499999999868e-01,6.865071600000000052e-01
1.336940700000000071e+01,-2.951096900000000023e+00,-3.540673400000000082e-01,6.943206400000000444e-01
1.336425299999999972e+01,-2.948341600000000007e+00,-3.621237900000000010e-01,7.022485000000000532e-01
1.335117100000000079e+01,-2.970255299999999821e+00,-3.858475699999999731e-01,6.672687800000000058e-01
1.323581000000000074e+01,-2.952134299999999989e+00,-2.234554800000000119e-01,6.542547300000000066e-01
1.321806300000000078e+01,-2.952154399999999956e+00,-2.275253399999999926e-01,6.492662399999999945e-01
1.334594200000000086e+01,-2.971404900000000016e+00,-3.492675399999999875e-01,6.837296999999999958e-01
1.351214599999999955e+01,-3.035183500000000034e+00,-3.976993300000000175e-01,7.702259500000000481e-01
1.349328900000000075e+01,-3.021969799999999928e+00,-4.047147799999999962e-01,7.789271899999999915e-01
1.350266300000000008e+01,-3.041105200000000064e+00,-4.275923099999999755e-01,7.413990900000000384e-01
1.341054500000000083e+01,-2.987591699999999850e+00,-3.583221200000000217e-01,7.180308800000000380e-01
1.333263299999999951e+01,-2.961189500000000141e+00,-3.253826000000000218e-01,6.875700000000000145e-01
1.337327699999999986e+01,-2.994379100000000182e+00,-3.518484000000000056e-01,6.965711900000000067e-01
1.349856300000000076e+01,-3.035875900000000183e+00,-4.288490500000000094e-01,7.477717400000000181e-01
1.349106199999999944e+01,-3.030676300000000101e+00,-4.276609100000000052e-01,7.660503499999999910e-01
1.350310699999999997e+01,-3.026387399999999950e+00,-4.247591199999999900e-01,7.683391099999999918e-01
1.351653300000000080e+01,-3.031358599999999903e+00,-4.097036700000000198e-01,7.620330300000000001e-01
1.351007700000000078e+01,-3.036828700000000048e+00,-4.091282399999999764e-01,7.555178000000000171e-01
1.350338400000000050e+01,-3.035986499999999921e+00,-4.133583800000000252e-01,7.578025400000000245e-01
1.351933200000000035e+01,-3.037985299999999889e+00,-4.061341199999999874e-01,7.781621499999999969e-01
1.353565099999999966e+01,-3.049941800000000036e+00,-4.273846000000000034e-01,7.755202399999999718e-01
1.352377300000000027e+01,-3.058363899999999802e+00,-3.847592799999999813e-01,7.908981400000000272e-01
1.351633400000000051e+01,-3.037115399999999799e+00,-4.695814999999999850e-01,7.525800099999999659e-01
1.351490599999999986e+01,-3.049568400000000068e+00,-4.815899000000000152e-01,7.403794999999999682e-01
1.351285799999999959e+01,-3.048637100000000100e+00,-4.921846200000000171e-01,7.324505300000000441e-01
1.352984200000000037e+01,-3.045061000000000018e+00,-4.931593599999999911e-01,7.328667199999999715e-01
1.347686299999999981e+01,-3.016446499999999808e+00,-4.238541499999999851e-01,7.439243800000000517e-01
1.320037800000000061e+01,-2.934068299999999851e+00,-2.834322300000000072e-01,6.182159799999999983e-01
1.319415099999999974e+01,-2.940196499999999880e+00,-2.679828899999999736e-01,6.173199400000000114e-01
1.318924299999999938e+01,-2.950219099999999983e+00,-2.631731400000000276e-01,6.117456399999999794e-01
1.323351399999999956e+01,-2.965154399999999857e+00,-2.212200099999999947e-01,6.477763300000000113e-01
1.336030799999999985e+01,-2.962834899999999827e+00,-3.794045999999999808e-01,6.780494999999999717e-01
1.346884599999999921e+01,-3.026635100000000023e+00,-3.898803399999999919e-01,7.352041799999999849e-01
1.355974100000000071e+01,-3.077807899999999819e+00,-4.837197599999999986e-01,7.795511999999999997e-01
1.346710799999999963e+01,-3.009634199999999815e+00,-3.845073199999999858e-01,7.374230400000000296e-01
1.354574900000000071e+01,-3.052952599999999794e+00,-4.463766599999999807e-01,7.787819400000000059e-01
1.364032599999999995e+01,-3.103595599999999788e+00,-5.002104299999999837e-01,8.441027599999999520e-01
1.362411600000000078e+01,-3.110853599999999997e+00,-5.070809499999999748e-01,8.375454900000000036e-01
1.364130399999999987e+01,-3.113001999999999825e+00,-5.010550599999999966e-01,8.303205200000000064e-01
1.370904600000000073e+01,-3.166901499999999814e+00,-5.608812899999999768e-01,8.690901800000000454e-01
1.354199599999999926e+01,-3.054447399999999924e+00,-4.793456600000000067e-01,7.572088200000000047e-01
1.355088600000000021e+01,-3.051668499999999895e+00,-5.191046299999999558e-01,7.582410000000000538e-01
1.353724700000000070e+01,-3.060464800000000096e+00,-5.085070299999999710e-01,7.380066499999999863e-01
1.344206199999999995e+01,-3.014433700000000105e+00,-3.518353799999999754e-01,7.171167400000000303e-01
1.335690899999999992e+01,-2.961191299999999860e+00,-3.245446300000000006e-01,6.922147100000000108e-01
1.330632699999999957e+01,-2.969877199999999995e+00,-3.017376900000000028e-01,6.650646399999999847e-01
1.341131299999999982e+01,-3.000914900000000163e+00,-3.933309400000000178e-01,7.081041599999999825e-01
1.339678199999999997e+01,-2.986411200000000044e+00,-4.151552299999999862e-01,6.853357199999999816e-01
1.339451799999999970e+01,-2.985494500000000162e+00,-4.723382700000000045e-01,6.678226999999999913e-01
1.317248799999999953e+01,-2.950240899999999833e+00,-1.835910900000000123e-01,6.413453599999999755e-01
1.317559800000000081e+01,-2.920897200000000193e+00,-3.377538299999999771e-01,6.071645300000000356e-01
1.320004699999999964e+01,-2.943376600000000121e+00,-2.911481699999999839e-01,6.277954199999999929e-01
1.320580299999999951e+01,-2.944331899999999891e+00,-2.867565100000000200e-01,6.256757600000000252e-01
1.331468800000000030e+01,-2.969553499999999957e+00,-3.591335900000000025e-01,6.612703100000000278e-01
1.332324500000000000e+01,-2.967915599999999987e+00,-3.629087300000000127e-01,6.417412399999999906e-01
1.340494299999999939e+01,-2.999332900000000190e+00,-3.889255200000000245e-01,7.045251300000000549e-01
1.342884100000000025e+01,-2.974769400000000008e+00,-4.082770299999999852e-01,7.110637899999999734e-01
1.339314899999999930e+01,-2.993066499999999852e+00,-4.044347600000000043e-01,7.085601400000000050e-01
1.333967799999999926e+01,-2.975611799999999807e+00,-3.681329600000000091e-01,6.823180199999999695e-01
1.334380600000000072e+01,-2.973321199999999997e+00,-3.666974900000000148e-01,6.804698999999999609e-01
1.336606800000000028e+01,-3.000326299999999780e+00,-3.761362999999999790e-01,6.744515399999999605e-01
1.338080700000000078e+01,-2.986991300000000127e+00,-3.673780700000000010e-01,6.795660500000000326e-01
1.343760699999999986e+01,-3.012084799999999785e+00,-3.418970800000000199e-01,7.321653399999999978e-01
1.344105700000000070e+01,-3.012121399999999838e+00,-3.366497600000000201e-01,7.466552100000000136e-01
1.344781700000000058e+01,-3.016480500000000120e+00,-4.469350899999999793e-01,7.008375799999999600e-01
1.346362500000000040e+01,-3.022972300000000168e+00,-3.738461599999999829e-01,7.389919999999999822e-01
1.335653300000000065e+01,-2.966284299999999874e+00,-3.928791899999999893e-01,6.747786799999999641e-01
1.331743099999999913e+01,-2.957122500000000098e+00,-3.110458600000000073e-01,6.742397399999999763e-01
1.327061600000000041e+01,-2.938288500000000081e+00,-3.523053300000000276e-01,6.485522599999999915e-01
1.314680199999999921e+01,-2.942192900000000222e+00,-1.470319599999999893e-01,6.187724100000000504e-01
1.345367199999999919e+01,-3.016705299999999923e+00,-4.619121400000000266e-01,7.243645499999999959e-01
1.348364600000000024e+01,-3.034258599999999806e+00,-4.299103899999999756e-01,7.407489900000000516e-01
1.348914199999999930e+01,-3.034004200000000040e+00,-4.422189799999999837e-01,7.548888599999999949e-01
1.344443700000000064e+01,-3.007470300000000041e+00,-4.426760200000000034e-01,7.011853999999999587e-01
1.319746400000000008e+01,-2.943463899999999800e+00,-2.567496799999999801e-01,6.212533799999999662e-01
1.353225899999999982e+01,-3.062324600000000174e+00,-4.214691700000000041e-01,7.713450899999999555e-01
1.353576200000000007e+01,-3.046473399999999998e+00,-4.296904999999999752e-01,7.877085799999999915e-01
1.353415200000000063e+01,-3.055598100000000095e+00,-4.353090199999999910e-01,7.831974299999999722e-01
1.351324900000000007e+01,-3.047499300000000133e+00,-4.507400799999999874e-01,7.514896800000000487e-01
1.351089999999999947e+01,-3.051131100000000096e+00,-4.479952200000000273e-01,7.438201899999999922e-01
1.353462000000000032e+01,-3.040743200000000090e+00,-5.160858499999999571e-01,7.487243799999999672e-01
1.353835300000000075e+01,-3.075958299999999923e+00,-5.186153399999999802e-01,7.556597499999999634e-01
1.355189000000000021e+01,-3.075692099999999929e+00,-5.142423699999999487e-01,7.582698599999999622e-01
1.348033099999999962e+01,-3.010591799999999818e+00,-4.299481499999999734e-01,7.276871700000000498e-01
1.352909200000000034e+01,-3.044071699999999936e+00,-4.464802399999999727e-01,7.598441999999999696e-01
1.342417000000000016e+01,-2.987287199999999920e+00,-4.492189699999999952e-01,6.853488899999999884e-01
1.340456200000000031e+01,-2.987354799999999866e+00,-4.246263499999999858e-01,6.831519700000000528e-01
1.338460599999999978e+01,-2.994291000000000036e+00,-4.215692699999999959e-01,6.849620899999999679e-01
1.340372400000000042e+01,-2.990706100000000145e+00,-3.768386400000000025e-01,7.242115099999999472e-01
1.334027599999999936e+01,-2.979394399999999887e+00,-3.875206400000000273e-01,6.694601900000000105e-01
1.322278200000000048e+01,-2.947419299999999964e+00,-3.107535300000000000e-01,6.278479099999999535e-01
1.324642700000000062e+01,-2.929009199999999868e+00,-3.170413599999999943e-01,6.251139700000000188e-01
1.323846799999999924e+01,-2.931832500000000064e+00,-3.221512300000000106e-01,6.338131200000000076e-01
1.337484399999999951e+01,-2.994543300000000130e+00,-3.204763400000000262e-01,6.999694100000000141e-01
1.329537900000000050e+01,-2.951612299999999856e+00,-3.499642800000000165e-01,6.499293699999999507e-01
1.334876799999999974e+01,-2.985284099999999885e+00,-2.931552499999999783e-01,7.038562000000000429e-01
1.337342199999999970e+01,-2.989630000000000010e+00,-2.961585199999999807e-01,6.957957700000000356e-01
1.336584900000000076e+01,-2.988095899999999805e+00,-2.989801000000000264e-01,7.043673700000000482e-01
1.330466599999999922e+01,-2.955216899999999924e+00,-3.119811200000000007e-01,6.682666800000000018e-01
1.319018299999999932e+01,-2.935171599999999881e+00,-2.598490999999999995e-01,6.203478799999999627e-01
1.335729300000000030e+01,-2.956951099999999943e+00,-3.584825899999999899e-01,6.889489100000000255e-01
1.329798100000000005e+01,-2.951456900000000161e+00,-3.435311200000000231e-01,6.485577799999999726e-01
1.329229600000000033e+01,-2.936640399999999929e+00,-3.361085799999999901e-01,6.671678100000000278e-01
1.335183600000000048e+01,-2.960269300000000214e+00,-3.586437699999999729e-01,6.778156400000000525e-01
1.342112299999999969e+01,-3.001918400000000098e+00,-3.883479499999999973e-01,6.953346299999999536e-01
1.345219299999999940e+01,-2.999984099999999820e+00,-4.047887099999999960e-01,7.230817400000000283e-01
1.344811699999999988e+01,-3.011944600000000083e+00,-3.784482599999999808e-01,7.519303999999999988e-01
1.349198699999999995e+01,-3.038538400000000195e+00,-4.384492500000000126e-01,7.525916200000000167e-01
1.347133999999999965e+01,-3.011756699999999842e+00,-4.203986699999999743e-01,7.168639399999999773e-01
1.344152799999999992e+01,-3.016882499999999911e+00,-4.137078200000000039e-01,7.179971099999999939e-01
1.345248400000000011e+01,-3.011607199999999818e+00,-4.021516099999999927e-01,7.170045999999999919e-01
1.344627499999999998e+01,-3.013115500000000058e+00,-4.243616000000000055e-01,7.184287200000000206e-01
1.344905200000000001e+01,-3.004931899999999878e+00,-4.171835700000000036e-01,7.124414700000000211e-01
1.325377800000000050e+01,-2.947334099999999957e+00,-2.670653900000000136e-01,6.454008300000000364e-01
1.324855299999999936e+01,-2.943919999999999870e+00,-2.609885200000000016e-01,6.483730100000000274e-01
1.326247900000000080e+01,-2.941778900000000085e+00,-2.609617599999999871e-01,6.466285200000000399e-01
1.320463099999999912e+01,-2.931159699999999813e+00,-2.658947400000000183e-01,6.113022399999999967e-01
1.318161600000000000e+01,-2.932564699999999913e+00,-2.712276900000000213e-01,6.320196399999999937e-01
1.322714599999999940e+01,-2.919952599999999787e+00,-2.643958699999999773e-01,6.370550200000000274e-01
1.319282300000000063e+01,-2.933792099999999792e+00,-2.220504299999999931e-01,6.265676700000000210e-01
1.317338999999999949e+01,-2.946842699999999926e+00,-2.234703100000000053e-01,6.241391699999999654e-01
1.326843599999999945e+01,-2.934771800000000042e+00,-3.711812899999999971e-01,6.419049799999999584e-01
1.330040499999999959e+01,-2.938972099999999976e+00,-3.685082000000000080e-01,6.373128500000000418e-01
1.326413999999999938e+01,-2.950506900000000154e+00,-3.798636000000000235e-01,6.280313400000000490e-01
1.328044599999999953e+01,-2.947396799999999928e+00,-3.711135500000000143e-01,6.265317299999999534e-01
1.330667000000000044e+01,-2.942373599999999811e+00,-3.441074800000000211e-01,6.561891100000000199e-01
1.322375000000000078e+01,-2.944423000000000012e+00,-2.115089400000000064e-01,6.584131699999999920e-01
1.320046800000000076e+01,-2.948059799999999786e+00,-2.419940299999999989e-01,6.240282600000000013e-01
1.322358400000000067e+01,-2.957110199999999800e+00,-2.403345699999999974e-01,6.336342000000000363e-01
1.321342399999999984e+01,-2.934096499999999885e+00,-2.115724999999999967e-01,6.463430900000000090e-01
1.321999699999999933e+01,-2.939429899999999929e+00,-2.081353900000000035e-01,6.519163000000000041e-01
1.319458799999999954e+01,-2.973344800000000010e+00,-1.910296499999999953e-01,6.312387600000000099e-01
1.314550200000000046e+01,-2.906491400000000169e+00,-2.245508200000000121e-01,6.157354099999999830e-01
1.314363700000000001e+01,-2.906760799999999811e+00,-2.406306500000000015e-01,6.065140100000000478e-01
1.315417200000000086e+01,-2.904843099999999900e+00,-2.338700099999999893e-01,6.080356599999999778e-01
1.351978800000000014e+01,-3.048821499999999851e+00,-4.897834999999999828e-01,7.341699400000000209e-01
1.351127999999999929e+01,-3.046511600000000097e+00,-4.801968699999999979e-01,7.325300399999999934e-01
1.336797299999999922e+01,-2.979633499999999824e+00,-3.897066499999999878e-01,6.636266199999999449e-01
1.333455999999999975e+01,-2.991053799999999985e+00,-3.929080300000000192e-01,6.651595200000000041e-01
1.336073799999999956e+01,-2.990005500000000094e+00,-3.853890300000000213e-01,6.562591800000000530e-01
1.338970699999999958e+01,-2.981370800000000099e+00,-3.845615000000000006e-01,6.868364000000000136e-01
1.329163600000000045e+01,-2.950875599999999821e+00,-3.269536299999999951e-01,6.531342900000000062e-01
1.329129600000000089e+01,-2.956247600000000197e+00,-3.275530400000000175e-01,6.508683100000000055e-01
1.328531800000000018e+01,-2.946673200000000215e+00,-3.734359800000000007e-01,6.412428199999999912e-01
1.330617499999999964e+01,-2.941330999999999918e+00,-3.757052300000000011e-01,6.434036300000000042e-01
1.328228099999999934e+01,-2.966451900000000030e+00,-2.988207399999999736e-01,6.554793799999999449e-01
1.335923799999999950e+01,-2.985462800000000083e+00,-3.477506200000000103e-01,6.710049399999999942e-01
1.336133799999999994e+01,-2.965812699999999857e+00,-3.765699800000000264e-01,6.806001900000000493e-01
1.323344799999999921e+01,-2.936326400000000003e+00,-2.804718800000000067e-01,6.305976100000000306e-01
1.328664299999999976e+01,-2.984154199999999868e+00,-2.950868200000000274e-01,6.355834999999999679e-01
1.326242399999999932e+01,-2.969027200000000200e+00,-2.976131399999999982e-01,6.456139499999999920e-01
1.327795599999999965e+01,-2.960722300000000029e+00,-2.558145499999999739e-01,6.769870000000000054e-01
1.325691400000000009e+01,-2.967564700000000055e+00,-2.163164800000000054e-01,6.527833899999999634e-01
1.324376799999999932e+01,-2.975349099999999858e+00,-2.261741100000000115e-01,6.558174700000000135e-01
1.354135600000000039e+01,-3.064458199999999799e+00,-4.539114499999999941e-01,7.548870800000000436e-01
1.351826900000000009e+01,-3.072149399999999808e+00,-4.523335800000000129e-01,7.555891500000000427e-01
1.348603699999999961e+01,-3.032166199999999812e+00,-4.824500999999999928e-01,7.230201200000000439e-01
1.336561400000000077e+01,-2.982480400000000031e+00,-3.262773199999999818e-01,6.957867500000000094e-01
1.336496900000000032e+01,-2.986409399999999881e+00,-3.355674100000000104e-01,6.921513000000000249e-01
1.344745900000000027e+01,-3.015550699999999917e+00,-3.695850099999999916e-01,7.304012300000000124e-01
1.344792900000000024e+01,-3.016002100000000130e+00,-4.015383699999999778e-01,7.204644700000000235e-01
1.347738900000000051e+01,-3.004262999999999906e+00,-4.753261599999999976e-01,7.115429800000000471e-01
1.346959900000000054e+01,-3.003428099999999823e+00,-4.891893700000000123e-01,7.079904900000000278e-01
1.319011000000000067e+01,-2.936718899999999799e+00,-2.487214600000000053e-01,6.227465800000000495e-01
1.315850999999999971e+01,-2.946251999999999871e+00,-2.322494099999999895e-01,6.061625299999999772e-01
1.313697400000000037e+01,-2.931310100000000141e+00,-2.297183999999999893e-01,6.091899400000000409e-01
1.314661500000000061e+01,-2.955194600000000005e+00,-2.044611299999999909e-01,6.072205499999999700e-01
1.316835799999999956e+01,-2.971867599999999943e+00,-2.163710399999999867e-01,6.062198899999999835e-01
1.318553700000000006e+01,-2.982612399999999830e+00,-2.275144000000000055e-01,6.079107900000000342e-01
1.316310099999999927e+01,-2.949946300000000132e+00,-2.142695000000000016e-01,6.117906199999999517e-01
1.342398900000000062e+01,-2.984300000000000175e+00,-4.246966600000000036e-01,6.896514500000000547e-01
1.344356299999999926e+01,-2.991453799999999941e+00,-4.287022300000000175e-01,7.086889699999999737e-01
1.341566399999999959e+01,-3.002883199999999864e+00,-4.301648800000000272e-01,7.141595200000000476e-01
1.353844100000000061e+01,-3.075996700000000139e+00,-4.531418199999999730e-01,7.873178400000000465e-01
1.353936500000000009e+01,-3.059472299999999922e+00,-4.998898600000000192e-01,7.708962499999999496e-01
1.349293899999999979e+01,-3.021116600000000041e+00,-4.157954700000000003e-01,7.485001799999999594e-01
1.349883299999999942e+01,-3.012800799999999946e+00,-4.180609800000000265e-01,7.600450600000000501e-01
1.346084600000000009e+01,-3.042969400000000046e+00,-3.743253899999999801e-01,7.233312899999999601e-01
1.344195099999999954e+01,-2.991489599999999971e+00,-4.085562699999999992e-01,7.309571599999999947e-01
1.344256599999999935e+01,-2.991058100000000053e+00,-4.129967800000000078e-01,7.297162099999999763e-01
1.343947799999999937e+01,-3.027378399999999914e+00,-3.747981599999999913e-01,7.190395299999999823e-01
1.343435500000000005e+01,-3.012601800000000107e+00,-3.625524800000000103e-01,7.236556699999999731e-01
1.302257999999999960e+01,-2.919700000000000184e+00,-2.187026300000000090e-01,5.594835500000000517e-01
1.303430600000000084e+01,-2.923437900000000145e+00,-2.247562999999999922e-01,5.556417999999999635e-01
1.319468700000000005e+01,-2.914432199999999806e+00,-2.361613800000000041e-01,6.450695199999999518e-01
1.321062000000000047e+01,-2.973227599999999970e+00,-2.176452899999999913e-01,6.468804000000000221e-01
1.323596200000000067e+01,-2.965829600000000177e+00,-1.989775599999999978e-01,6.470664600000000100e-01
1.314104999999999990e+01,-2.939869900000000147e+00,-1.924810200000000027e-01,6.072731999999999575e-01
1.312926799999999972e+01,-2.940788899999999817e+00,-1.949964999999999893e-01,6.104531899999999789e-01
1.310915400000000020e+01,-2.915799499999999878e+00,-2.389658500000000074e-01,5.999461799999999956e-01
1.331080700000000050e+01,-2.955858099999999933e+00,-3.728500900000000229e-01,6.566035900000000147e-01
1.332625900000000030e+01,-2.956712000000000007e+00,-3.531449500000000130e-01,6.574863399999999469e-01
1.330380300000000027e+01,-2.944269499999999873e+00,-3.563792599999999755e-01,6.637450999999999768e-01
1.355611599999999939e+01,-3.057663900000000101e+00,-5.018869299999999534e-01,7.670851400000000542e-01
1.351569100000000034e+01,-3.040048200000000200e+00,-4.243659499999999918e-01,7.547752699999999981e-01
1.348486300000000071e+01,-3.017522399999999827e+00,-4.170603999999999978e-01,7.550523300000000493e-01
1.286421900000000029e+01,-2.920080899999999868e+00,-1.710550399999999915e-01,5.174460199999999510e-01
1.285804300000000033e+01,-2.917737400000000036e+00,-1.626927999999999985e-01,5.219760399999999745e-01
1.284122100000000088e+01,-2.912996199999999813e+00,-1.562452199999999902e-01,5.162875399999999892e-01
1.285513100000000009e+01,-2.950283999999999907e+00,-9.752687300000000004e-02,5.304573399999999994e-01
1.328221300000000049e+01,-2.921085600000000060e+00,-3.764525899999999758e-01,6.308209799999999756e-01
1.322648099999999971e+01,-2.934614600000000184e+00,-3.166958500000000010e-01,6.319044200000000222e-01
1.326433199999999957e+01,-2.950592400000000115e+00,-2.654441499999999898e-01,6.486991100000000232e-01
1.324626199999999976e+01,-2.943114200000000125e+00,-2.547827599999999970e-01,6.551264900000000058e-01
1.334098700000000015e+01,-2.975309000000000204e+00,-3.239289499999999933e-01,6.796545600000000187e-01
1.335186999999999991e+01,-2.964764199999999850e+00,-3.501346200000000075e-01,6.831693100000000296e-01
1.335840100000000064e+01,-2.972681899999999988e+00,-3.737050699999999726e-01,6.741817900000000030e-01
1.341943200000000047e+01,-3.006031800000000143e+00,-3.607455700000000154e-01,7.084438600000000363e-01
1.346903700000000015e+01,-3.034023200000000031e+00,-4.379955899999999902e-01,7.203899400000000064e-01
1.348574600000000068e+01,-3.033538399999999857e+00,-4.563417599999999852e-01,7.173827000000000398e-01
1.338598099999999924e+01,-2.963159000000000098e+00,-3.873060500000000128e-01,6.962005999999999473e-01
1.337446500000000071e+01,-3.012927900000000214e+00,-3.076189400000000074e-01,6.998279800000000161e-01
1.337321299999999979e+01,-2.974324399999999979e+00,-3.009507599999999838e-01,7.056465299999999941e-01
1.337283000000000044e+01,-2.974809899999999896e+00,-3.061987099999999851e-01,7.029674299999999487e-01
1.337218999999999980e+01,-2.976079200000000036e+00,-3.009863700000000031e-01,6.993973199999999890e-01
1.328777000000000008e+01,-2.966666500000000095e+00,-2.218552400000000091e-01,6.694089399999999523e-01
1.323189999999999955e+01,-2.933994300000000166e+00,-2.486460000000000059e-01,6.367970600000000259e-01
1.320556799999999953e+01,-2.931241400000000219e+00,-2.563812500000000050e-01,6.488155300000000292e-01
1.320650900000000050e+01,-2.935532100000000089e+00,-2.593141900000000000e-01,6.438581899999999969e-01
1.321394599999999997e+01,-2.936181200000000047e+00,-2.515989100000000089e-01,6.473100000000000520e-01
1.324222400000000022e+01,-2.921885399999999855e+00,-2.699541300000000144e-01,6.360409399999999991e-01
1.323655899999999974e+01,-2.922365800000000124e+00,-2.696337999999999790e-01,6.363484200000000257e-01
1.299841499999999961e+01,-2.935351199999999938e+00,-1.764337199999999883e-01,5.575727099999999714e-01
1.301612399999999958e+01,-2.909222399999999986e+00,-1.764804500000000109e-01,5.691361999999999810e-01
1.299463800000000013e+01,-2.900417099999999859e+00,-1.689432200000000051e-01,5.688843900000000176e-01
1.351011800000000029e+01,-3.047677300000000145e+00,-4.934165799999999935e-01,7.363824300000000322e-01
1.322617100000000079e+01,-2.941612600000000022e+00,-2.451286299999999863e-01,6.483275299999999852e-01
1.326602800000000038e+01,-2.971052499999999874e+00,-2.193024600000000046e-01,6.605562099999999770e-01
1.325947999999999993e+01,-2.971446400000000043e+00,-2.271167699999999956e-01,6.610769100000000176e-01
1.326908799999999999e+01,-2.950702999999999854e+00,-2.322591499999999975e-01,6.700962700000000494e-01
1.332571100000000008e+01,-2.959223999999999855e+00,-4.004841599999999779e-01,6.389236000000000359e-01
1.331739400000000018e+01,-2.965362999999999971e+00,-4.069693099999999730e-01,6.420326400000000433e-01
1.333281500000000008e+01,-2.956615300000000168e+00,-4.046987899999999749e-01,6.414694800000000363e-01
1.332970000000000077e+01,-2.958496600000000143e+00,-3.570966999999999891e-01,6.571462399999999926e-01
1.332383199999999945e+01,-2.963355400000000195e+00,-3.173439499999999858e-01,6.652703699999999998e-01
1.330374100000000048e+01,-2.962415000000000020e+00,-3.299989700000000026e-01,6.716143199999999869e-01
1.330819699999999983e+01,-2.962420499999999901e+00,-3.304595200000000066e-01,6.713667100000000332e-01
1.333598800000000040e+01,-2.965004200000000090e+00,-3.180514199999999736e-01,6.591943099999999500e-01
1.331432700000000047e+01,-2.970239299999999805e+00,-3.521068900000000057e-01,6.627566400000000080e-01
1.334476800000000019e+01,-2.965040000000000120e+00,-3.623184600000000088e-01,6.598835100000000065e-01
1.310668399999999956e+01,-2.929040699999999831e+00,-1.861060800000000071e-01,6.040577799999999886e-01
1.328849199999999975e+01,-2.940090999999999788e+00,-3.802252199999999749e-01,6.393355099999999958e-01
1.339623500000000078e+01,-3.002437200000000139e+00,-2.667765599999999959e-01,7.425469900000000179e-01
1.340095799999999926e+01,-3.000142299999999818e+00,-2.567336000000000062e-01,7.456178599999999657e-01
1.341188900000000039e+01,-3.006135599999999908e+00,-3.491501399999999977e-01,7.187183600000000006e-01
1.341442400000000035e+01,-3.006099799999999878e+00,-3.517426200000000058e-01,7.177921800000000019e-01
1.342944299999999913e+01,-3.008706500000000172e+00,-4.163117700000000254e-01,7.123004800000000136e-01
1.344466300000000025e+01,-3.011886800000000086e+00,-4.071129199999999893e-01,7.101257600000000503e-01
1.342690200000000011e+01,-2.998090899999999781e+00,-3.968135400000000201e-01,6.988697699999999458e-01
1.328086700000000064e+01,-2.959619399999999789e+00,-2.486246000000000012e-01,6.599781900000000201e-01
1.348076900000000045e+01,-3.021656500000000189e+00,-4.606393500000000030e-01,7.172318500000000041e-01
1.344880799999999965e+01,-2.994670699999999908e+00,-3.976999999999999980e-01,7.173256099999999469e-01
1.334676100000000076e+01,-2.969524100000000111e+00,-3.319484699999999955e-01,6.807307299999999506e-01
1.324021199999999965e+01,-2.945693700000000081e+00,-2.632338799999999757e-01,6.470990699999999984e-01
1.318571099999999952e+01,-2.927510400000000068e+00,-2.312761399999999912e-01,6.334199000000000357e-01
1.328307599999999944e+01,-2.929993500000000139e+00,-3.675230500000000178e-01,6.427664199999999495e-01
1.327191200000000038e+01,-2.942502399999999962e+00,-3.850973599999999997e-01,6.310347899999999566e-01
1.326939699999999966e+01,-2.959895799999999966e+00,-2.899838200000000032e-01,6.482833900000000149e-01
1.347014599999999973e+01,-3.006833799999999890e+00,-4.169996100000000205e-01,7.303318800000000444e-01
1.347583799999999954e+01,-3.011263899999999882e+00,-4.341856900000000130e-01,7.302182699999999471e-01
1.345839800000000075e+01,-3.016138300000000161e+00,-4.351366099999999792e-01,7.374022500000000369e-01
1.319584599999999952e+01,-2.920210599999999879e+00,-3.253929300000000246e-01,6.181730699999999912e-01
1.321267899999999962e+01,-2.917115599999999809e+00,-3.159759100000000265e-01,6.220461999999999936e-01
1.320090899999999934e+01,-2.902825800000000012e+00,-3.238081999999999905e-01,6.200162399999999963e-01
1.332991299999999946e+01,-2.999835899999999889e+00,-3.120995599999999981e-01,6.644175199999999837e-01
1.323895100000000014e+01,-2.918900100000000108e+00,-2.461919300000000033e-01,6.653526100000000110e-01
1.321967899999999929e+01,-2.920813100000000162e+00,-2.402167900000000134e-01,6.462136299999999833e-01
1.312442300000000017e+01,-2.933116200000000173e+00,-2.212044499999999969e-01,5.975271199999999672e-01
1.310075299999999920e+01,-2.918644200000000133e+00,-1.770259899999999942e-01,6.060427600000000137e-01
1.312706999999999979e+01,-2.938777899999999832e+00,-2.023806099999999886e-01,6.100160799999999606e-01
1.312929800000000036e+01,-2.904275999999999858e+00,-2.820133400000000012e-01,5.964321399999999995e-01
1.312359099999999934e+01,-2.908081199999999811e+00,-2.741198300000000088e-01,5.955062899999999937e-01
1.314760700000000071e+01,-2.941956100000000074e+00,-1.977880200000000088e-01,6.080037099999999750e-01
1.315717300000000023e+01,-2.966934900000000042e+00,-1.974862300000000126e-01,6.123038400000000436e-01
1.313094700000000081e+01,-2.952230500000000202e+00,-1.788120300000000107e-01,6.027258899999999864e-01
1.312300800000000045e+01,-2.948680700000000154e+00,-1.377916399999999930e-01,6.235822199999999649e-01
1.323632399999999976e+01,-2.921297500000000102e+00,-3.640420300000000164e-01,6.114592500000000097e-01
1.345900100000000066e+01,-3.015899300000000061e+00,-3.611276299999999773e-01,7.409573799999999988e-01
1.346518200000000043e+01,-3.018366199999999999e+00,-4.288913300000000151e-01,7.239786599999999961e-01
1.322262599999999999e+01,-2.915694400000000019e+00,-3.101177999999999990e-01,6.284540600000000365e-01
1.320960799999999935e+01,-2.914184399999999897e+00,-2.920981500000000008e-01,6.399503600000000514e-01
1.324078199999999939e+01,-2.909643700000000166e+00,-2.899233299999999791e-01,6.312240700000000260e-01
1.326979200000000070e+01,-2.959408600000000167e+00,-2.885224100000000069e-01,6.416994700000000496e-01
1.331763800000000053e+01,-2.956139999999999990e+00,-3.075411200000000012e-01,6.833764799999999529e-01
1.344766599999999990e+01,-2.990183099999999872e+00,-4.982848799999999856e-01,6.889782700000000037e-01
1.345665600000000062e+01,-3.022608200000000078e+00,-4.373412700000000042e-01,7.145862499999999784e-01
1.348138499999999951e+01,-3.009558999999999873e+00,-4.345875200000000049e-01,7.344450200000000040e-01
1.344365699999999997e+01,-3.004292899999999822e+00,-4.029192200000000224e-01,7.165493600000000241e-01
1.342214099999999988e+01,-3.003659100000000137e+00,-3.708398399999999762e-01,7.172370700000000321e-01
1.342638600000000082e+01,-3.003783799999999893e+00,-3.794516299999999842e-01,7.136461299999999897e-01
1.341176500000000082e+01,-3.008119499999999835e+00,-3.859828900000000229e-01,7.024043599999999499e-01
1.336501400000000039e+01,-2.958808900000000186e+00,-4.469633199999999973e-01,6.560601999999999823e-01
1.321626299999999965e+01,-2.948933499999999874e+00,-2.130733599999999894e-01,6.455759100000000306e-01
1.316581900000000083e+01,-2.946177200000000163e+00,-2.149443299999999890e-01,6.261781299999999995e-01
1.316967099999999924e+01,-2.962667199999999834e+00,-1.864855300000000105e-01,6.251292800000000094e-01
1.320439599999999913e+01,-2.899977699999999992e+00,-3.723946300000000043e-01,6.101073900000000272e-01
1.330753499999999967e+01,-2.962622200000000205e+00,-3.905682100000000267e-01,6.383076100000000253e-01
1.340364399999999989e+01,-3.008379300000000089e+00,-3.303049499999999861e-01,7.095682800000000512e-01
1.341060399999999930e+01,-2.981267299999999842e+00,-3.244491099999999850e-01,7.281697099999999701e-01
1.342320199999999986e+01,-2.981641399999999997e+00,-3.425632800000000255e-01,7.478909999999999725e-01
1.336852599999999924e+01,-3.017907600000000023e+00,-2.548662800000000006e-01,7.198938700000000468e-01
1.324198600000000070e+01,-2.947824799999999801e+00,-2.941000400000000070e-01,6.407642799999999639e-01
1.326907500000000084e+01,-2.941334799999999916e+00,-3.022156200000000181e-01,6.364331699999999925e-01
1.324455999999999989e+01,-2.942970499999999934e+00,-3.215218200000000137e-01,6.412635100000000365e-01
1.327409600000000012e+01,-2.945530600000000110e+00,-2.827634299999999823e-01,6.662985999999999631e-01
1.325200500000000048e+01,-2.952198399999999889e+00,-2.985952000000000051e-01,6.411210400000000309e-01
1.325780999999999921e+01,-2.939487199999999856e+00,-2.873532400000000098e-01,6.449910800000000499e-01
1.326077000000000083e+01,-2.933342300000000069e+00,-2.937028300000000258e-01,6.549449400000000310e-01
1.325610299999999953e+01,-2.954161899999999896e+00,-3.193371400000000193e-01,6.319760100000000325e-01
1.304240800000000000e+01,-2.924952699999999961e+00,-1.362459000000000031e-01,5.938539099999999848e-01
1.310470399999999991e+01,-2.969489600000000173e+00,-1.247146900000000030e-01,6.123458999999999985e-01
1.310775100000000037e+01,-2.971946599999999883e+00,-1.236330199999999963e-01,6.045679299999999756e-01
1.311743799999999993e+01,-2.936136100000000138e+00,-1.731046400000000041e-01,6.136650299999999447e-01
1.310257400000000061e+01,-2.908832700000000049e+00,-2.070373000000000074e-01,6.054796500000000359e-01
1.311107799999999912e+01,-2.912692700000000023e+00,-2.052244300000000132e-01,6.071075999999999695e-01
1.315928899999999935e+01,-2.923742799999999864e+00,-2.400260700000000080e-01,6.140841799999999795e-01
1.315666300000000000e+01,-2.926274600000000170e+00,-2.497033700000000078e-01,6.208929800000000387e-01
1.312998600000000060e+01,-2.951156399999999902e+00,-1.830210200000000065e-01,6.168339099999999853e-01
1.313031900000000007e+01,-2.949510000000000076e+00,-1.813281599999999882e-01,6.200113000000000429e-01
1.313100999999999985e+01,-2.924012900000000137e+00,-1.855044700000000046e-01,6.230976000000000292e-01
1.315782899999999955e+01,-2.946312199999999937e+00,-1.801326500000000053e-01,6.211923200000000200e-01
1.315148699999999948e+01,-2.944525699999999802e+00,-1.845445000000000002e-01,6.239120400000000011e-01
1.310336200000000062e+01,-2.916580000000000172e+00,-2.177322800000000003e-01,5.921399200000000418e-01
1.309205200000000069e+01,-2.917013999999999996e+00,-2.294581499999999996e-01,5.859460100000000171e-01
1.309228799999999993e+01,-2.919591500000000117e+00,-2.372268100000000102e-01,5.840798900000000460e-01
1.307723299999999966e+01,-2.884491500000000208e+00,-3.024358200000000219e-01,5.729628500000000235e-01
1.305940499999999993e+01,-2.952327899999999783e+00,-9.798461399999999766e-02,6.089212000000000513e-01
1.308892299999999942e+01,-2.957470499999999891e+00,-1.532778999999999947e-01,5.959133599999999475e-01
1.329585600000000056e+01,-2.925945399999999808e+00,-3.838528999999999969e-01,6.510711900000000218e-01
1.325497599999999920e+01,-2.952223699999999784e+00,-3.771197499999999758e-01,6.164361400000000213e-01
1.331831799999999966e+01,-2.940488400000000002e+00,-3.167344599999999954e-01,6.782684799999999514e-01
1.330366199999999921e+01,-2.952583199999999852e+00,-3.326173900000000128e-01,6.716063700000000081e-01
1.330270299999999928e+01,-2.954487100000000144e+00,-3.625572799999999818e-01,6.588716799999999596e-01
1.332773800000000008e+01,-2.952002199999999910e+00,-3.787681999999999993e-01,6.476222299999999654e-01
1.341770999999999958e+01,-2.993207599999999857e+00,-3.506844900000000154e-01,7.157774000000000081e-01
1.342107799999999962e+01,-3.008781299999999881e+00,-3.479169300000000131e-01,7.301039099999999671e-01
1.338127099999999992e+01,-2.977933399999999953e+00,-3.419929800000000020e-01,7.056054800000000071e-01
1.336601199999999956e+01,-2.990547700000000031e+00,-3.475972099999999898e-01,6.937970900000000052e-01
1.340771299999999933e+01,-3.003873599999999922e+00,-3.631509499999999724e-01,7.187550600000000012e-01
1.329446399999999961e+01,-2.943452600000000086e+00,-3.525031699999999768e-01,6.336912000000000100e-01
1.325809300000000057e+01,-2.935850100000000129e+00,-3.858173899999999823e-01,6.322176900000000543e-01
1.328344500000000039e+01,-2.933910000000000018e+00,-3.841922899999999919e-01,6.285441000000000500e-01
1.327403400000000033e+01,-2.932056400000000007e+00,-3.879655499999999924e-01,6.324065500000000117e-01
1.325980900000000062e+01,-2.963905000000000012e+00,-2.091007300000000124e-01,6.684003899999999554e-01
1.335019600000000040e+01,-2.964257299999999873e+00,-3.333971099999999965e-01,6.866300499999999918e-01
1.321165099999999981e+01,-2.907817200000000213e+00,-3.011892500000000195e-01,6.316487600000000313e-01
1.323238399999999970e+01,-2.936611500000000152e+00,-2.911418399999999851e-01,6.322826200000000174e-01
1.322211899999999929e+01,-2.926571000000000033e+00,-2.954361200000000243e-01,6.281317699999999782e-01
1.320996000000000059e+01,-2.920847499999999819e+00,-3.253850999999999827e-01,6.128898000000000401e-01
1.321726499999999938e+01,-2.918117399999999861e+00,-3.370910899999999821e-01,6.142371699999999990e-01
1.343846500000000077e+01,-3.010437899999999889e+00,-3.047249799999999786e-01,7.485350400000000404e-01
1.349683300000000052e+01,-3.014374500000000179e+00,-5.152271299999999776e-01,7.115961499999999829e-01
1.349172300000000035e+01,-3.038171199999999850e+00,-4.807093100000000008e-01,7.208786999999999834e-01
1.351396399999999964e+01,-3.020173900000000078e+00,-5.359742800000000251e-01,7.278449299999999456e-01
1.350189800000000062e+01,-3.026848199999999878e+00,-5.256776800000000360e-01,7.265937700000000277e-01
1.353171099999999960e+01,-3.041835499999999914e+00,-5.241026300000000138e-01,7.256125799999999515e-01
1.351452300000000051e+01,-3.050050199999999823e+00,-4.992251500000000064e-01,7.313810400000000378e-01
1.353022299999999944e+01,-3.048542299999999816e+00,-4.895892800000000156e-01,7.595639100000000088e-01
1.334285799999999966e+01,-2.970366100000000120e+00,-3.189760500000000110e-01,6.900459500000000190e-01
1.334459900000000054e+01,-2.960830599999999979e+00,-3.286766099999999802e-01,6.863936299999999768e-01
1.334606400000000015e+01,-2.962915900000000047e+00,-3.291070300000000226e-01,6.802475799999999628e-01
1.336240800000000029e+01,-2.965066100000000038e+00,-3.422167799999999982e-01,6.841452099999999481e-01
1.330490299999999948e+01,-2.959273699999999785e+00,-3.274212000000000233e-01,6.489414799999999595e-01
1.329680199999999957e+01,-2.958845399999999959e+00,-3.310477900000000084e-01,6.536482999999999599e-01
1.327383200000000052e+01,-2.945546499999999845e+00,-3.028264900000000037e-01,6.532277300000000064e-01
1.338861900000000027e+01,-2.978734100000000051e+00,-3.693599100000000135e-01,6.960530099999999720e-01
1.351218899999999934e+01,-3.048467299999999991e+00,-4.425462000000000007e-01,7.447147299999999914e-01
1.351820500000000003e+01,-3.049318099999999809e+00,-4.421519999999999895e-01,7.408607200000000281e-01
1.351651000000000025e+01,-3.057779000000000025e+00,-4.524279399999999729e-01,7.527892200000000367e-01
1.349367299999999936e+01,-3.033598500000000087e+00,-4.014196099999999823e-01,7.666869200000000495e-01
1.351143800000000006e+01,-3.032399499999999914e+00,-3.971847199999999911e-01,7.668392099999999934e-01
1.352391300000000030e+01,-3.043691400000000158e+00,-3.867991299999999910e-01,7.796738399999999514e-01
1.348645999999999923e+01,-3.035298500000000121e+00,-4.228498299999999821e-01,7.567201799999999645e-01
1.350163099999999972e+01,-3.026693900000000159e+00,-4.196839900000000068e-01,7.483744900000000033e-01
1.345111799999999924e+01,-3.014695600000000031e+00,-3.899999199999999999e-01,7.249011899999999731e-01
1.342218500000000070e+01,-2.995337500000000208e+00,-4.014089299999999971e-01,7.092116299999999818e-01
1.339899800000000063e+01,-3.002901800000000065e+00,-3.902050499999999977e-01,7.020644099999999721e-01
1.340248799999999996e+01,-3.002202500000000107e+00,-3.881044599999999845e-01,7.003980199999999545e-01
1.344053300000000029e+01,-3.024479100000000198e+00,-4.675581500000000057e-01,6.940999599999999603e-01
1.342493200000000009e+01,-2.990932700000000111e+00,-3.992912000000000128e-01,7.262848499999999818e-01
1.348862500000000075e+01,-3.034601299999999835e+00,-3.581079999999999819e-01,7.864982900000000443e-01
1.352143599999999957e+01,-3.038189899999999888e+00,-3.531488600000000089e-01,7.890619500000000119e-01
1.349221700000000013e+01,-3.047253399999999779e+00,-3.288744399999999901e-01,7.896739000000000397e-01
1.352191000000000010e+01,-3.046390099999999990e+00,-3.111201299999999947e-01,8.155322699999999481e-01
1.347405400000000064e+01,-3.033310699999999915e+00,-3.425701500000000177e-01,7.605200300000000135e-01
1.344422299999999915e+01,-3.025475800000000159e+00,-3.500230699999999917e-01,7.406394099999999980e-01
1.347148299999999921e+01,-3.010743999999999865e+00,-4.641830499999999859e-01,7.310121099999999927e-01
1.347147099999999931e+01,-3.004381799999999991e+00,-4.607717800000000197e-01,7.244867999999999864e-01
1.347607999999999961e+01,-3.029283299999999901e+00,-4.447468900000000058e-01,7.285360199999999509e-01
1.343494100000000024e+01,-3.003205799999999925e+00,-4.100160199999999810e-01,7.099169800000000308e-01
1.338955699999999993e+01,-2.991590799999999994e+00,-3.667078599999999966e-01,7.004482699999999840e-01
1.325838399999999950e+01,-2.943168299999999959e+00,-3.027576699999999787e-01,6.495120599999999467e-01
1.328072200000000080e+01,-2.947450299999999856e+00,-3.121635500000000119e-01,6.604092299999999582e-01
1.328753599999999935e+01,-2.948536400000000057e+00,-3.065638600000000213e-01,6.568657399999999758e-01
1.325169900000000034e+01,-2.958547199999999933e+00,-2.757393399999999994e-01,6.400204600000000132e-01
1.324441000000000024e+01,-2.928268399999999883e+00,-2.700294100000000252e-01,6.525563599999999465e-01
1.309656400000000076e+01,-2.940602900000000020e+00,-1.579533899999999991e-01,6.048809400000000336e-01
1.341617300000000057e+01,-2.991742700000000088e+00,-3.799785800000000102e-01,7.018241699999999694e-01
1.342520299999999978e+01,-3.003764799999999902e+00,-4.044736299999999729e-01,7.155445700000000464e-01
1.332967599999999919e+01,-2.970106299999999866e+00,-3.581136400000000108e-01,6.710269300000000214e-01
1.335628400000000049e+01,-2.971786400000000050e+00,-3.663926200000000022e-01,6.649106700000000369e-01
1.336477000000000004e+01,-2.967611699999999963e+00,-3.651700999999999975e-01,6.775548700000000313e-01
1.336730599999999924e+01,-2.977577000000000140e+00,-3.519073699999999971e-01,6.767351099999999731e-01
1.336317900000000058e+01,-2.981713800000000081e+00,-3.487828900000000121e-01,6.705893499999999730e-01
1.333929799999999943e+01,-2.956976099999999885e+00,-3.493152800000000058e-01,6.675008399999999842e-01
1.336701900000000087e+01,-2.992970099999999967e+00,-3.083081200000000188e-01,6.853603200000000228e-01
1.330760599999999982e+01,-2.953079199999999904e+00,-3.187671599999999938e-01,6.632178499999999977e-01
1.320004199999999983e+01,-2.937140900000000165e+00,-2.928707500000000130e-01,6.249114999999999531e-01
1.319062899999999949e+01,-2.928497099999999964e+00,-2.973429499999999948e-01,6.194228999999999985e-01
1.319547700000000034e+01,-2.904404099999999822e+00,-3.371757400000000016e-01,6.093232800000000227e-01
1.341120699999999921e+01,-3.006003900000000062e+00,-3.401168800000000103e-01,7.109701299999999780e-01
1.328853100000000076e+01,-2.951886099999999846e+00,-3.072008099999999908e-01,6.690323400000000031e-01
1.330156000000000027e+01,-2.949791499999999900e+00,-3.123796799999999929e-01,6.583402900000000502e-01
1.336329399999999978e+01,-2.962830100000000133e+00,-3.974261299999999886e-01,6.691496099999999503e-01
1.340825099999999992e+01,-2.989824399999999827e+00,-3.936363600000000185e-01,6.975542599999999815e-01
1.332418599999999920e+01,-2.962727099999999947e+00,-3.353445700000000085e-01,6.713869199999999982e-01
1.335780600000000007e+01,-2.963120599999999882e+00,-3.561270899999999795e-01,6.754713500000000259e-01
1.334880300000000020e+01,-2.962457399999999907e+00,-3.337177100000000007e-01,6.774147499999999544e-01
1.339359900000000003e+01,-2.988785500000000095e+00,-3.757799800000000134e-01,7.034297699999999542e-01
1.323547399999999996e+01,-2.926022399999999912e+00,-3.470752500000000018e-01,6.257368500000000111e-01
1.337123399999999940e+01,-2.975084499999999910e+00,-3.304944699999999846e-01,6.945127700000000015e-01
1.335704600000000042e+01,-2.976046499999999817e+00,-3.176969499999999780e-01,7.017880600000000468e-01
1.332814300000000074e+01,-2.966110599999999931e+00,-3.216384299999999752e-01,6.779464800000000180e-01
1.304773600000000044e+01,-2.929808500000000038e+00,-1.725444399999999934e-01,5.839836099999999863e-01
1.322186800000000062e+01,-2.937873699999999921e+00,-2.702499300000000271e-01,6.391124099999999641e-01
1.322751200000000082e+01,-2.943828499999999959e+00,-2.729908200000000229e-01,6.357280400000000498e-01
1.324434399999999989e+01,-2.949520800000000165e+00,-3.103096699999999819e-01,6.284965200000000030e-01
1.344564899999999952e+01,-3.020194899999999905e+00,-3.790578900000000084e-01,7.239294600000000246e-01
1.346107600000000026e+01,-3.012568100000000193e+00,-3.840316999999999759e-01,7.216462099999999547e-01
1.343477200000000060e+01,-3.017652500000000071e+00,-4.052617700000000212e-01,7.249876299999999940e-01
1.344056699999999971e+01,-3.011313799999999929e+00,-4.068839399999999995e-01,7.251666799999999524e-01
1.343957600000000063e+01,-3.015853400000000129e+00,-4.031332799999999827e-01,7.186200099999999757e-01
1.354904900000000012e+01,-3.051314899999999941e+00,-4.665343200000000023e-01,7.614666500000000227e-01
1.358483999999999980e+01,-3.073125899999999966e+00,-4.671390599999999949e-01,7.890800100000000539e-01
1.358808299999999925e+01,-3.068119499999999888e+00,-4.579190599999999889e-01,7.916245899999999613e-01
1.348384599999999978e+01,-3.014968200000000209e+00,-4.819211999999999940e-01,7.149170999999999720e-01
1.351036500000000018e+01,-3.040633199999999814e+00,-4.737356200000000239e-01,7.347224100000000480e-01
1.342371699999999990e+01,-2.990480499999999875e+00,-4.207017200000000012e-01,6.980320599999999542e-01
1.329764499999999927e+01,-2.953208000000000055e+00,-2.805403899999999728e-01,6.688496200000000336e-01
1.326581099999999935e+01,-2.969570599999999949e+00,-2.334468299999999941e-01,6.642228599999999705e-01
1.331927999999999912e+01,-2.963033499999999876e+00,-2.376875300000000080e-01,7.137067700000000459e-01
1.305634099999999975e+01,-2.894202500000000011e+00,-2.297526000000000013e-01,5.859385799999999866e-01
1.310227399999999953e+01,-2.907030999999999921e+00,-3.308668000000000164e-01,5.661970600000000298e-01
1.311758999999999986e+01,-2.906270899999999990e+00,-3.124423499999999798e-01,5.716830600000000207e-01
1.315818100000000079e+01,-2.890771700000000166e+00,-3.389176400000000200e-01,5.921583299999999550e-01
1.310981100000000055e+01,-2.892166299999999968e+00,-3.461377500000000218e-01,5.677893200000000418e-01
1.313736199999999954e+01,-2.898429199999999817e+00,-3.117517799999999784e-01,5.903308600000000128e-01
1.331735600000000019e+01,-2.966471799999999881e+00,-2.861643600000000065e-01,6.908852300000000168e-01
1.331134199999999979e+01,-2.971261300000000105e+00,-2.880825300000000033e-01,6.853140800000000477e-01
1.333953699999999998e+01,-2.964930100000000124e+00,-3.368749600000000011e-01,6.934108199999999833e-01
1.360752899999999954e+01,-3.115429699999999968e+00,-5.116268200000000377e-01,8.065574300000000196e-01
1.361532300000000006e+01,-3.097059799999999807e+00,-4.613443400000000194e-01,8.039208300000000307e-01
1.355879799999999946e+01,-3.064042399999999944e+00,-4.843675199999999959e-01,7.909641200000000483e-01
1.356142000000000003e+01,-3.057312200000000146e+00,-4.746318999999999955e-01,7.967249600000000376e-01
1.341211200000000048e+01,-2.981199699999999897e+00,-3.629001000000000032e-01,7.096824900000000547e-01
1.339468500000000084e+01,-2.994501899999999939e+00,-3.879368000000000261e-01,6.730360499999999968e-01
1.345851500000000023e+01,-2.998244399999999921e+00,-4.196941200000000038e-01,7.186085199999999729e-01
1.353782099999999922e+01,-3.045075499999999824e+00,-4.879410900000000217e-01,7.685218299999999614e-01
1.357607100000000067e+01,-3.085540599999999856e+00,-5.016188400000000103e-01,7.639858899999999453e-01
1.353397900000000043e+01,-3.036466400000000121e+00,-4.854258100000000131e-01,7.586884000000000405e-01
1.353677199999999914e+01,-3.064186600000000205e+00,-4.779576300000000222e-01,7.730621899999999824e-01
1.354531500000000044e+01,-3.064425200000000071e+00,-4.958777200000000218e-01,7.686604900000000296e-01
1.333138699999999943e+01,-2.979124399999999895e+00,-3.320692900000000169e-01,6.781279700000000243e-01
1.334303300000000014e+01,-2.968783499999999798e+00,-3.262830099999999844e-01,6.838621000000000283e-01
1.336047100000000043e+01,-2.963512300000000099e+00,-3.614242699999999919e-01,6.831701700000000210e-01
1.336129799999999967e+01,-2.982085099999999933e+00,-3.711168300000000086e-01,6.736934700000000165e-01
1.335474100000000064e+01,-2.980157000000000167e+00,-3.059951300000000041e-01,6.961249999999999938e-01
1.336487400000000036e+01,-2.987339099999999803e+00,-3.478236699999999737e-01,6.826118799999999487e-01
1.341167500000000068e+01,-2.998509900000000172e+00,-3.969348100000000268e-01,6.932659500000000197e-01
1.324606299999999948e+01,-2.944650000000000212e+00,-3.164921500000000276e-01,6.280233100000000013e-01
1.323858500000000049e+01,-2.941641900000000032e+00,-3.152307999999999777e-01,6.254274300000000064e-01
1.319637099999999919e+01,-2.952414699999999836e+00,-1.735567699999999991e-01,6.366827000000000458e-01
1.318278500000000086e+01,-2.951249799999999812e+00,-1.615100399999999936e-01,6.426770099999999930e-01
1.325036200000000086e+01,-2.943301400000000179e+00,-3.186141100000000059e-01,6.382009400000000499e-01
1.327069900000000047e+01,-2.932953200000000038e+00,-3.019767999999999897e-01,6.547626800000000413e-01
1.324537600000000026e+01,-2.955885199999999990e+00,-2.938110199999999783e-01,6.310125199999999657e-01
1.331646100000000033e+01,-2.943186100000000138e+00,-3.978701399999999833e-01,6.556768400000000385e-01
1.332238500000000059e+01,-2.953311300000000195e+00,-3.932040700000000166e-01,6.602995400000000181e-01
1.329335500000000003e+01,-2.952743599999999802e+00,-3.161028699999999803e-01,6.633476400000000162e-01
1.330153900000000000e+01,-2.964136799999999905e+00,-3.208655100000000204e-01,6.645250499999999505e-01
1.327873400000000004e+01,-2.944404399999999811e+00,-3.094617800000000196e-01,6.484072499999999906e-01
1.327661799999999914e+01,-2.934274400000000060e+00,-3.352317100000000161e-01,6.451048700000000524e-01
1.326514500000000041e+01,-2.947768099999999780e+00,-2.947893699999999950e-01,6.476072000000000495e-01
1.321825399999999995e+01,-2.929519500000000054e+00,-3.080678700000000214e-01,6.215369499999999769e-01
1.323823299999999925e+01,-2.927959700000000165e+00,-3.072624600000000150e-01,6.363693900000000347e-01
1.321322600000000058e+01,-2.937369700000000083e+00,-3.624790399999999746e-01,5.943318899999999738e-01
1.322544199999999925e+01,-2.933436799999999955e+00,-2.707241400000000020e-01,6.492216899999999624e-01
1.351133600000000001e+01,-3.042362499999999859e+00,-3.843604999999999938e-01,7.971306799999999804e-01
1.353553999999999924e+01,-3.041280200000000100e+00,-3.726622099999999937e-01,7.905408499999999616e-01
1.338310899999999926e+01,-2.999217799999999823e+00,-3.991371300000000066e-01,6.951095099999999860e-01
1.341434300000000057e+01,-2.980586000000000180e+00,-4.034138899999999972e-01,6.843609600000000182e-01
1.338365899999999975e+01,-2.979592100000000077e+00,-4.083882300000000187e-01,6.860858800000000368e-01
1.334825799999999951e+01,-2.963341799999999804e+00,-3.718501499999999904e-01,6.803017700000000278e-01
1.337194099999999963e+01,-2.961821800000000060e+00,-3.727326799999999829e-01,6.760613800000000451e-01
1.335047800000000073e+01,-2.968052099999999971e+00,-3.272364899999999910e-01,6.903454599999999663e-01
1.335851199999999928e+01,-2.991023100000000046e+00,-2.475349599999999983e-01,7.080311299999999530e-01
1.350439100000000003e+01,-3.018325299999999878e+00,-5.465725999999999640e-01,7.305487899999999479e-01
1.330226099999999967e+01,-2.966104699999999816e+00,-2.513989400000000152e-01,6.891123000000000109e-01
1.334140499999999996e+01,-2.962577000000000016e+00,-3.663216499999999987e-01,6.646044899999999922e-01
1.334854499999999966e+01,-2.978012999999999799e+00,-3.743427500000000019e-01,6.501858900000000441e-01
1.333638200000000040e+01,-2.973222199999999926e+00,-3.904423899999999725e-01,6.575237999999999916e-01
1.277873800000000060e+01,-3.003723100000000201e+00,2.371299400000000113e-02,5.288904599999999512e-01
1.277468499999999985e+01,-3.006343000000000210e+00,5.284115600000000024e-02,5.296482000000000134e-01
1.270726799999999912e+01,-2.953723399999999888e+00,-6.321751600000000137e-02,5.024472599999999511e-01
1.271631400000000056e+01,-2.952999999999999847e+00,-5.567026199999999814e-02,4.990700599999999820e-01
1.297382900000000028e+01,-2.968102500000000088e+00,-5.461331299999999667e-02,5.743827200000000133e-01
1.298161600000000071e+01,-2.976590900000000151e+00,-7.649522200000000161e-02,5.683387100000000247e-01
1.298616099999999918e+01,-2.979264899999999994e+00,-8.337865499999999597e-02,5.670101600000000408e-01
1.290888499999999972e+01,-2.952452000000000076e+00,-7.832448200000000083e-02,5.494370600000000326e-01
1.293998099999999951e+01,-2.930682099999999846e+00,-1.247892599999999991e-01,5.577599100000000254e-01
1.295118300000000033e+01,-2.922553900000000038e+00,-1.145964099999999958e-01,5.555109299999999584e-01
1.294009199999999993e+01,-2.921042299999999869e+00,-1.173612099999999936e-01,5.576348700000000047e-01
1.300323799999999963e+01,-2.930288299999999957e+00,-1.801731900000000108e-01,5.635966599999999715e-01
1.299022100000000002e+01,-2.937112799999999968e+00,-1.736668399999999890e-01,5.590735900000000091e-01
1.302206100000000077e+01,-2.927166900000000016e+00,-1.491313999999999973e-01,5.796932099999999588e-01
1.337716999999999956e+01,-2.979731099999999966e+00,-3.922977799999999848e-01,6.748503099999999533e-01
1.320362399999999958e+01,-2.918984700000000210e+00,-2.793539999999999912e-01,6.258356200000000369e-01
1.341969699999999932e+01,-2.995493000000000183e+00,-3.882763100000000134e-01,7.173794399999999793e-01
1.341636899999999955e+01,-3.000178299999999965e+00,-4.287105399999999733e-01,6.948859499999999745e-01
1.326714800000000061e+01,-2.951601600000000047e+00,-2.694140800000000002e-01,6.581430600000000020e-01
1.331791899999999984e+01,-2.955811900000000048e+00,-3.326650700000000072e-01,6.689415600000000461e-01
1.331965600000000016e+01,-2.966627100000000183e+00,-3.289903399999999922e-01,6.650733699999999970e-01
1.331818400000000047e+01,-2.971983600000000170e+00,-3.222964600000000068e-01,6.639735900000000024e-01
1.327455100000000066e+01,-2.961127100000000123e+00,-2.917074599999999740e-01,6.474599899999999852e-01
1.334572700000000012e+01,-2.961423100000000197e+00,-3.754726600000000136e-01,6.742827599999999810e-01
1.337622799999999934e+01,-2.954110599999999920e+00,-3.853801800000000166e-01,6.909582800000000358e-01
1.305589699999999986e+01,-2.871504100000000115e+00,-2.995442799999999961e-01,5.644622999999999724e-01
1.312094500000000075e+01,-2.923019500000000104e+00,-2.941485500000000086e-01,5.804217600000000088e-01
1.323657099999999964e+01,-2.955466499999999996e+00,-2.747888199999999892e-01,6.372953700000000277e-01
1.342612600000000000e+01,-2.990401100000000145e+00,-4.083578299999999772e-01,7.018847499999999462e-01
1.340812299999999979e+01,-2.994334900000000133e+00,-4.089283499999999960e-01,7.008223000000000091e-01
1.337213200000000057e+01,-2.984160900000000005e+00,-3.371486899999999731e-01,7.067374600000000395e-01
1.336683000000000021e+01,-2.974557900000000199e+00,-3.822395399999999888e-01,6.745930399999999771e-01
1.339009800000000006e+01,-2.980101200000000006e+00,-3.800355100000000208e-01,6.783516099999999938e-01
1.345268300000000039e+01,-2.997623299999999880e+00,-4.334058100000000024e-01,7.028001699999999463e-01
1.343822800000000051e+01,-3.002128599999999814e+00,-4.319556500000000243e-01,7.027039999999999953e-01
1.353660900000000034e+01,-3.066682500000000200e+00,-4.284162100000000195e-01,7.672328600000000165e-01
1.353316000000000052e+01,-3.042720699999999834e+00,-4.363082300000000191e-01,7.874661200000000472e-01
1.351892499999999941e+01,-3.042107800000000140e+00,-4.385526499999999883e-01,7.744986699999999447e-01
1.351630699999999941e+01,-3.050355500000000220e+00,-4.267556200000000022e-01,7.639570999999999446e-01
1.348042300000000004e+01,-3.028438799999999986e+00,-4.122684500000000085e-01,7.307800399999999641e-01
1.345873699999999928e+01,-3.022797699999999921e+00,-4.033282000000000256e-01,7.383143199999999684e-01
1.345143400000000078e+01,-3.007755799999999979e+00,-4.295006699999999733e-01,7.230607399999999796e-01
1.343249800000000072e+01,-3.007097900000000212e+00,-4.029778199999999866e-01,7.048250700000000535e-01
1.345192199999999971e+01,-3.001312299999999933e+00,-4.259875100000000137e-01,7.228766399999999592e-01
1.364822000000000024e+01,-3.135836700000000032e+00,-5.299334100000000491e-01,8.290396199999999771e-01
1.364812799999999982e+01,-3.126424500000000162e+00,-5.831840299999999644e-01,8.151308099999999834e-01
1.363893400000000078e+01,-3.122797600000000173e+00,-5.115976399999999646e-01,8.319697299999999629e-01
1.326615699999999975e+01,-2.928203400000000123e+00,-3.295263600000000181e-01,6.477326700000000104e-01
1.325679300000000005e+01,-2.946801300000000179e+00,-2.772437600000000057e-01,6.507775300000000485e-01
1.331789400000000079e+01,-2.969795200000000079e+00,-3.300062699999999904e-01,6.760688500000000545e-01
1.332806500000000050e+01,-2.966737000000000180e+00,-3.225761699999999954e-01,6.687819499999999584e-01
1.334951599999999949e+01,-2.959629000000000065e+00,-4.076227000000000045e-01,6.722759900000000455e-01
1.341147999999999918e+01,-2.991469700000000120e+00,-3.427962299999999796e-01,7.349152899999999988e-01
1.348795299999999919e+01,-3.023979100000000031e+00,-4.384681799999999852e-01,7.340579299999999696e-01
1.334831499999999949e+01,-2.965838199999999869e+00,-3.438236599999999754e-01,6.911293899999999546e-01
1.356549099999999974e+01,-3.073238799999999937e+00,-5.262245899999999921e-01,7.824838899999999597e-01
1.348100900000000024e+01,-2.996404099999999904e+00,-4.428583799999999959e-01,7.170151200000000058e-01
1.347801399999999994e+01,-2.996936600000000173e+00,-4.448052000000000117e-01,7.159636200000000228e-01
1.336131300000000088e+01,-2.989991900000000147e+00,-4.352883499999999906e-01,6.592917299999999647e-01
1.338977599999999946e+01,-2.987245999999999846e+00,-4.342541999999999791e-01,6.568606700000000354e-01
1.345785599999999960e+01,-2.996399400000000046e+00,-3.940194399999999986e-01,7.345781999999999590e-01
1.344367300000000043e+01,-2.996616200000000063e+00,-3.956531200000000248e-01,7.384001999999999510e-01
1.333727799999999952e+01,-2.986545099999999842e+00,-3.004469499999999904e-01,6.756821899999999603e-01
1.325811700000000037e+01,-2.942792900000000156e+00,-2.821581200000000123e-01,6.470974000000000448e-01
1.342307500000000076e+01,-2.991786400000000068e+00,-4.162731700000000257e-01,7.135038700000000400e-01
1.343036099999999955e+01,-2.999301500000000065e+00,-4.129110899999999806e-01,7.042897700000000372e-01
1.344135099999999916e+01,-3.001911499999999844e+00,-3.976476199999999794e-01,7.095354699999999459e-01
1.341279499999999913e+01,-3.000396299999999794e+00,-3.861289600000000211e-01,7.118781400000000481e-01
1.327197699999999969e+01,-2.953941400000000161e+00,-2.891398099999999971e-01,6.550724999999999465e-01
1.321403800000000039e+01,-2.940078300000000144e+00,-2.568806900000000226e-01,6.284684999999999855e-01
1.326330600000000004e+01,-2.954096400000000067e+00,-2.450263400000000091e-01,6.540743300000000371e-01
1.329605800000000038e+01,-2.959841799999999967e+00,-2.849905999999999828e-01,6.720432100000000020e-01
1.329124700000000026e+01,-2.957935500000000051e+00,-2.662669999999999759e-01,6.662631399999999759e-01
1.339056800000000003e+01,-2.988031900000000185e+00,-3.747040700000000002e-01,6.882202600000000281e-01
1.343174400000000013e+01,-2.991842500000000182e+00,-4.013741299999999956e-01,7.092222000000000248e-01
1.346684800000000060e+01,-3.016112999999999822e+00,-4.568546299999999838e-01,7.279702200000000012e-01
1.345755600000000030e+01,-3.025044100000000125e+00,-4.071795200000000170e-01,7.316992399999999730e-01
1.309882600000000075e+01,-2.933777000000000079e+00,-2.010207499999999980e-01,5.994158400000000331e-01
1.301660700000000048e+01,-2.918708500000000150e+00,-1.692414200000000035e-01,5.784457200000000521e-01
1.295189799999999991e+01,-2.959222200000000136e+00,-7.411191200000000201e-02,5.562945200000000145e-01
1.295116699999999987e+01,-2.960097799999999779e+00,-7.897696299999999725e-02,5.595579600000000209e-01
1.330712300000000070e+01,-2.935786499999999855e+00,-3.613773499999999861e-01,6.475883900000000137e-01
1.355285499999999921e+01,-3.072111599999999942e+00,-4.646227199999999891e-01,7.637275300000000433e-01
1.352581600000000073e+01,-3.068932900000000075e+00,-4.487999500000000030e-01,7.561673199999999762e-01
1.355351199999999956e+01,-3.066380699999999848e+00,-4.666536099999999965e-01,7.645878099999999788e-01
1.355808500000000016e+01,-3.064936100000000163e+00,-4.650959000000000065e-01,7.844020699999999513e-01
1.353435299999999941e+01,-3.067831500000000045e+00,-4.377779199999999871e-01,7.827993100000000259e-01
1.328070699999999960e+01,-2.946443400000000157e+00,-3.590796499999999725e-01,6.372305600000000014e-01
1.328532200000000074e+01,-2.939865100000000009e+00,-3.535979899999999732e-01,6.431323199999999796e-01
1.335859899999999989e+01,-2.968449699999999858e+00,-3.960644199999999726e-01,6.658285299999999740e-01
1.338008999999999915e+01,-2.983213300000000068e+00,-3.486848300000000012e-01,6.990089499999999623e-01
1.339651100000000028e+01,-2.972518399999999783e+00,-3.873956900000000148e-01,7.141796500000000547e-01
1.339308899999999980e+01,-2.982652700000000046e+00,-3.592780999999999891e-01,7.116408600000000417e-01
1.341447600000000051e+01,-3.017135699999999865e+00,-3.671787300000000087e-01,7.316109299999999926e-01
1.344705199999999934e+01,-3.001184199999999969e+00,-3.413040999999999991e-01,7.334435099999999652e-01
1.343128899999999959e+01,-3.010771200000000203e+00,-3.238379100000000066e-01,7.536878900000000270e-01
1.343720500000000051e+01,-3.000847400000000054e+00,-4.081548199999999738e-01,6.989544300000000154e-01
1.336660600000000088e+01,-2.993969799999999903e+00,-3.067881700000000267e-01,7.089143500000000264e-01
1.336302599999999963e+01,-2.993476999999999943e+00,-3.061111799999999827e-01,7.121686400000000194e-01
1.316917199999999966e+01,-2.917375600000000180e+00,-3.153042699999999976e-01,6.028440999999999939e-01
1.317344800000000049e+01,-2.915906600000000015e+00,-3.353803499999999937e-01,6.047121300000000144e-01
1.326778499999999994e+01,-2.935618100000000119e+00,-3.343117400000000239e-01,6.309124099999999791e-01
1.324337799999999987e+01,-2.939121500000000164e+00,-2.953168999999999933e-01,6.282051400000000507e-01
1.324754899999999935e+01,-2.937606199999999834e+00,-2.725259899999999957e-01,6.397337400000000507e-01
1.324319099999999949e+01,-2.941443000000000030e+00,-2.793447199999999908e-01,6.588898800000000389e-01
1.323812099999999958e+01,-2.941057799999999833e+00,-2.683531800000000245e-01,6.588875400000000493e-01
1.325533899999999932e+01,-2.944901900000000072e+00,-2.736627699999999996e-01,6.566389200000000148e-01
1.322410900000000034e+01,-2.943737300000000001e+00,-2.803971100000000050e-01,6.356396399999999502e-01
1.317291400000000046e+01,-2.949500399999999800e+00,-1.447000200000000125e-01,6.307882200000000106e-01
1.306868899999999911e+01,-2.948196100000000097e+00,-1.105966599999999994e-01,5.981422600000000367e-01
1.308353400000000022e+01,-2.946546000000000110e+00,-1.082287700000000019e-01,5.963884299999999694e-01
1.305307499999999976e+01,-2.955867099999999859e+00,-1.333164400000000083e-01,5.967018699999999676e-01
1.305431800000000031e+01,-2.953464400000000101e+00,-1.057750400000000007e-01,5.969902000000000264e-01
1.306764300000000034e+01,-2.925519800000000004e+00,-1.108373400000000064e-01,6.014027699999999754e-01
1.346606399999999937e+01,-3.004410500000000095e+00,-4.558977599999999852e-01,7.157544999999999602e-01
1.308362200000000009e+01,-2.930382400000000054e+00,-1.797352600000000078e-01,5.908074100000000328e-01
1.302309799999999917e+01,-2.942502499999999799e+00,-1.818335299999999932e-01,5.633693400000000517e-01
1.308050599999999974e+01,-2.914090199999999964e+00,-1.423853300000000044e-01,6.085641999999999996e-01
1.338274499999999989e+01,-2.983856700000000028e+00,-4.171465899999999838e-01,6.738664800000000454e-01
1.338959599999999917e+01,-2.969404400000000166e+00,-3.661419100000000149e-01,6.967521800000000542e-01
1.341417999999999999e+01,-3.003286000000000122e+00,-3.693904599999999760e-01,7.102576299999999732e-01
1.334163799999999966e+01,-2.963921000000000028e+00,-3.771555799999999903e-01,6.709556300000000251e-01
1.323615200000000058e+01,-2.953703500000000037e+00,-2.518335999999999908e-01,6.524099500000000162e-01
1.327308799999999955e+01,-2.936577600000000121e+00,-2.528028399999999731e-01,6.645269400000000104e-01
1.325106500000000054e+01,-2.948030199999999823e+00,-2.476250299999999960e-01,6.712018800000000285e-01
1.346567600000000020e+01,-3.021370300000000064e+00,-4.957002899999999879e-01,7.191656100000000107e-01
1.348932300000000062e+01,-3.035524000000000111e+00,-4.463747499999999868e-01,7.231396100000000438e-01
1.348892400000000080e+01,-3.038889300000000127e+00,-4.437954800000000199e-01,7.179961299999999547e-01
1.343579700000000088e+01,-2.987011700000000047e+00,-3.910925599999999780e-01,7.203736600000000267e-01
1.342887699999999995e+01,-2.988144099999999970e+00,-4.025611900000000132e-01,7.149394000000000027e-01
1.331019900000000078e+01,-2.951365800000000039e+00,-3.067397599999999724e-01,6.750096799999999453e-01
1.338585999999999920e+01,-2.983030199999999965e+00,-4.049924699999999933e-01,6.754906099999999913e-01
1.338321400000000061e+01,-2.979740000000000055e+00,-3.426901199999999870e-01,7.041760299999999528e-01
1.335600900000000024e+01,-2.976969200000000093e+00,-3.010965700000000078e-01,6.976417400000000102e-01
1.342709100000000078e+01,-2.990812099999999862e+00,-4.360717399999999855e-01,6.933663399999999699e-01
1.314785400000000060e+01,-2.930083600000000121e+00,-2.237679800000000052e-01,6.010791399999999562e-01
1.309789800000000071e+01,-2.914550800000000219e+00,-2.073866900000000124e-01,5.953163200000000099e-01
1.344945200000000085e+01,-3.003769899999999993e+00,-4.134767899999999829e-01,7.255281500000000383e-01
1.332591700000000046e+01,-2.976385099999999895e+00,-3.228463100000000252e-01,6.657404799999999678e-01
1.335878100000000046e+01,-2.956965900000000147e+00,-3.998464600000000146e-01,6.767349099999999673e-01
1.328485500000000030e+01,-2.963472599999999790e+00,-2.979493400000000070e-01,6.503261900000000262e-01
1.302046600000000076e+01,-2.916372400000000198e+00,-2.058232600000000079e-01,5.650071199999999738e-01
1.349174200000000035e+01,-3.025438199999999966e+00,-4.268938600000000139e-01,7.441036300000000159e-01
1.307698300000000025e+01,-2.928435499999999969e+00,-1.812283299999999930e-01,5.899442000000000297e-01
1.336515699999999995e+01,-2.971832099999999866e+00,-3.601333400000000240e-01,6.925713199999999903e-01
1.337497399999999992e+01,-2.969889699999999966e+00,-3.587792300000000045e-01,6.915060100000000043e-01
1.336298299999999983e+01,-2.991312199999999866e+00,-3.578629500000000130e-01,6.804029499999999508e-01
1.335744599999999949e+01,-2.991486999999999785e+00,-3.492598199999999986e-01,6.685627499999999834e-01
1.338025500000000001e+01,-2.974476099999999956e+00,-3.855499299999999852e-01,6.837504199999999699e-01
1.331316900000000025e+01,-2.970450599999999941e+00,-2.751923000000000008e-01,6.878008700000000086e-01
1.330973099999999931e+01,-2.970706700000000033e+00,-2.736595600000000239e-01,6.885344199999999804e-01
1.329728300000000019e+01,-2.962052799999999930e+00,-2.258682300000000032e-01,6.803118400000000010e-01
1.339046199999999942e+01,-2.969851699999999983e+00,-4.150076200000000215e-01,6.879811200000000015e-01
1.356861199999999990e+01,-3.067732200000000020e+00,-4.200007099999999993e-01,8.189375100000000351e-01
1.356778699999999915e+01,-3.077756799999999959e+00,-4.665367300000000106e-01,7.821039100000000133e-01
1.320359400000000072e+01,-2.925711300000000126e+00,-2.971113400000000015e-01,6.243172500000000458e-01
1.315459800000000001e+01,-2.927284999999999915e+00,-2.419128700000000021e-01,6.095316699999999699e-01
1.323500199999999971e+01,-2.931850100000000126e+00,-2.667512400000000006e-01,6.415308600000000361e-01
1.324961399999999934e+01,-2.963431100000000207e+00,-2.692915799999999749e-01,6.450961400000000401e-01
1.326032900000000048e+01,-2.971211600000000175e+00,-2.848399099999999740e-01,6.331286699999999490e-01
1.323613899999999965e+01,-2.937486600000000170e+00,-2.826969799999999866e-01,6.414116600000000501e-01
1.359127400000000030e+01,-3.097945900000000030e+00,-4.695298199999999866e-01,8.174691899999999567e-01
1.352137300000000053e+01,-3.045771799999999807e+00,-4.827873500000000040e-01,7.382583200000000234e-01
1.342416300000000007e+01,-2.986622099999999946e+00,-3.659735900000000153e-01,7.285149800000000342e-01
1.341672999999999938e+01,-2.978646100000000185e+00,-3.917431399999999897e-01,7.247582299999999478e-01
1.324245200000000011e+01,-2.929042100000000204e+00,-2.512411099999999897e-01,6.629870900000000011e-01
1.325383899999999926e+01,-2.947575800000000079e+00,-2.231077300000000041e-01,6.599685499999999871e-01
1.335399699999999967e+01,-2.986628899999999920e+00,-2.975353800000000160e-01,7.001986100000000546e-01
1.335840999999999923e+01,-2.978603999999999807e+00,-3.123465999999999743e-01,7.052008300000000007e-01
1.337810200000000016e+01,-2.975551499999999905e+00,-3.212547900000000123e-01,7.035957499999999643e-01
1.332563999999999993e+01,-2.952260299999999837e+00,-3.521564600000000045e-01,6.618356399999999473e-01
1.332810300000000048e+01,-2.952359899999999815e+00,-3.519950299999999865e-01,6.615891900000000492e-01
1.334516200000000019e+01,-2.978830700000000054e+00,-3.232510499999999842e-01,6.799188600000000138e-01
1.331422000000000061e+01,-2.954209300000000038e+00,-3.426851100000000150e-01,6.660365400000000102e-01
1.327986499999999914e+01,-2.951044099999999837e+00,-2.825251899999999816e-01,6.668113500000000249e-01
1.326039399999999979e+01,-2.946739599999999903e+00,-3.103611700000000195e-01,6.442709899999999879e-01
1.325998899999999914e+01,-2.940338500000000188e+00,-3.152756400000000236e-01,6.375314699999999890e-01
1.310044899999999934e+01,-2.925905300000000153e+00,-1.876305799999999913e-01,5.954457100000000169e-01
1.319045500000000004e+01,-2.945514999999999883e+00,-2.011226100000000072e-01,6.348572099999999496e-01
1.337437000000000076e+01,-2.980036500000000199e+00,-3.573799899999999807e-01,6.939255500000000021e-01
1.336656200000000005e+01,-2.983053899999999814e+00,-3.660768500000000092e-01,6.857669100000000073e-01
1.338886600000000016e+01,-2.966781899999999972e+00,-4.595881099999999941e-01,6.601479999999999571e-01
1.344687799999999989e+01,-2.998028999999999833e+00,-3.821890900000000091e-01,7.321937200000000479e-01
1.342721899999999913e+01,-2.999229600000000051e+00,-3.968755099999999869e-01,7.287993000000000388e-01
1.339874999999999972e+01,-2.995531699999999908e+00,-3.831533400000000089e-01,7.137897600000000509e-01
1.317178000000000004e+01,-2.926677499999999821e+00,-2.732553500000000080e-01,6.213559699999999797e-01
1.317919499999999999e+01,-2.934116599999999853e+00,-2.625600699999999788e-01,6.046847699999999826e-01
1.316777199999999937e+01,-2.931324299999999994e+00,-2.577951600000000232e-01,6.170948200000000439e-01
1.317815000000000047e+01,-2.930092099999999977e+00,-2.518525099999999739e-01,6.140023799999999587e-01
1.344388400000000061e+01,-3.004121500000000111e+00,-4.215187699999999871e-01,7.356762100000000526e-01
1.344036400000000064e+01,-3.014103200000000093e+00,-4.288679799999999820e-01,7.263604599999999856e-01
1.343694999999999951e+01,-2.989841100000000029e+00,-4.370473000000000274e-01,7.127181099999999603e-01
1.343463999999999992e+01,-3.007189299999999843e+00,-3.760441900000000004e-01,7.166534599999999644e-01
1.336184599999999989e+01,-2.974703900000000178e+00,-3.472465000000000135e-01,6.930654600000000221e-01
1.322391999999999967e+01,-2.946477400000000024e+00,-2.502740500000000257e-01,6.365609399999999640e-01
1.346481400000000050e+01,-3.017517999999999923e+00,-4.352887400000000073e-01,7.185298599999999647e-01
1.344354300000000002e+01,-3.011587399999999803e+00,-4.379236599999999924e-01,7.183752199999999810e-01
1.320422699999999949e+01,-2.941541799999999984e+00,-2.080336399999999919e-01,6.320075099999999946e-01
1.339277700000000060e+01,-2.979934099999999919e+00,-4.089749500000000038e-01,6.731854900000000530e-01
1.338678999999999952e+01,-2.973932299999999973e+00,-4.264835000000000154e-01,6.905944800000000106e-01
1.319316599999999973e+01,-2.939242800000000155e+00,-2.275299100000000019e-01,6.317308700000000554e-01
1.320260700000000043e+01,-2.928136499999999920e+00,-2.981825399999999959e-01,6.163656100000000082e-01
1.321625099999999975e+01,-2.929145300000000063e+00,-2.997858299999999754e-01,6.254587499999999523e-01
1.309278899999999979e+01,-2.890772600000000025e+00,-3.221893499999999855e-01,5.704845699999999686e-01
1.304303200000000018e+01,-2.931217300000000137e+00,-1.500288700000000086e-01,5.792195399999999772e-01
1.334949699999999950e+01,-2.961164800000000152e+00,-3.803888300000000111e-01,6.700933700000000215e-01
1.338415400000000055e+01,-2.972851499999999980e+00,-4.693060299999999851e-01,6.568071599999999455e-01
1.349488700000000030e+01,-3.027673099999999895e+00,-3.427787199999999812e-01,7.741736299999999460e-01
1.348773300000000042e+01,-3.022263300000000097e+00,-4.350511699999999871e-01,7.302699299999999560e-01
1.349090099999999914e+01,-3.022983700000000162e+00,-4.039156199999999752e-01,7.481893800000000150e-01
1.322139499999999934e+01,-2.922998699999999950e+00,-2.823614400000000191e-01,6.244247200000000442e-01
1.308752299999999913e+01,-2.915673500000000029e+00,-1.673242799999999919e-01,5.950172599999999923e-01
1.332551300000000083e+01,-2.972455899999999929e+00,-3.625420400000000098e-01,6.592471399999999537e-01
1.328792299999999926e+01,-2.952243999999999868e+00,-3.567536900000000122e-01,6.491054499999999727e-01
1.345357199999999942e+01,-3.012987299999999813e+00,-3.763520599999999883e-01,7.235738900000000529e-01
1.354719300000000004e+01,-3.042718600000000162e+00,-4.552741499999999886e-01,7.775378899999999538e-01
1.352935100000000013e+01,-3.063229399999999991e+00,-4.443931400000000198e-01,7.702060200000000467e-01
1.338609899999999975e+01,-2.973248400000000125e+00,-3.842349800000000037e-01,6.917184899999999637e-01
1.365830099999999980e+01,-3.134339799999999787e+00,-5.392357100000000347e-01,8.429936900000000177e-01
1.360025300000000037e+01,-3.093131800000000098e+00,-5.303158300000000436e-01,7.860960500000000462e-01
1.321531300000000009e+01,-2.936654700000000062e+00,-2.557333700000000154e-01,6.300498700000000118e-01
1.321453299999999942e+01,-2.925968600000000031e+00,-2.749116300000000179e-01,6.350797700000000434e-01
1.322920099999999977e+01,-2.922499199999999853e+00,-2.706619399999999898e-01,6.361100100000000035e-01
1.321279900000000040e+01,-2.961552999999999880e+00,-2.354247899999999949e-01,6.381133599999999628e-01
1.320896800000000049e+01,-2.952203200000000027e+00,-2.581809899999999991e-01,6.229763000000000384e-01
1.320158200000000015e+01,-2.937999899999999887e+00,-2.857835400000000026e-01,6.158215299999999504e-01
1.313484700000000061e+01,-2.901987300000000047e+00,-2.566625599999999841e-01,6.055846700000000471e-01
1.306547899999999984e+01,-2.961981000000000197e+00,-1.352663199999999954e-01,5.905816699999999475e-01
1.308726099999999981e+01,-2.895394700000000210e+00,-2.419193400000000105e-01,5.858536199999999639e-01
1.312746199999999952e+01,-2.916016299999999895e+00,-2.583743199999999907e-01,5.991977600000000237e-01
1.310566000000000031e+01,-2.895208799999999805e+00,-3.159281800000000029e-01,5.757603199999999921e-01
1.320040599999999920e+01,-2.944488400000000006e+00,-2.388239400000000123e-01,6.316550600000000459e-01
1.319048899999999946e+01,-2.925476399999999977e+00,-2.879757700000000198e-01,6.137014299999999922e-01
1.315340400000000010e+01,-2.935711099999999796e+00,-1.972772700000000046e-01,6.224039700000000286e-01
1.333785800000000066e+01,-2.964507600000000132e+00,-3.689551999999999832e-01,6.569368500000000166e-01
1.334263800000000089e+01,-2.962760900000000142e+00,-3.661700700000000142e-01,6.555328099999999658e-01
1.333032299999999992e+01,-2.955437900000000173e+00,-3.696477400000000024e-01,6.795877399999999957e-01
1.336950599999999945e+01,-2.966746300000000058e+00,-3.812211200000000244e-01,6.813466900000000326e-01
1.336263600000000018e+01,-2.967251399999999872e+00,-3.740702300000000036e-01,6.805532899999999774e-01
1.350239200000000039e+01,-3.030425699999999889e+00,-4.593006800000000167e-01,7.391351000000000449e-01
1.364744400000000013e+01,-3.129017999999999855e+00,-5.156887199999999893e-01,8.370983699999999805e-01
1.340653700000000015e+01,-3.001014300000000024e+00,-3.847822200000000081e-01,7.086190799999999568e-01
1.339129100000000072e+01,-2.989072499999999799e+00,-3.535127000000000130e-01,7.054497899999999655e-01
1.341963100000000075e+01,-3.017651499999999931e+00,-3.355274300000000154e-01,7.230384399999999490e-01
1.342276200000000053e+01,-3.009464599999999823e+00,-2.778042700000000198e-01,7.524564599999999936e-01
1.332024000000000008e+01,-2.973139000000000198e+00,-3.017283299999999890e-01,6.804885200000000411e-01
1.331937699999999936e+01,-2.958520299999999992e+00,-2.793572000000000277e-01,6.854487299999999506e-01
1.348452999999999946e+01,-3.025576599999999949e+00,-4.743802100000000244e-01,7.137630799999999942e-01
1.348041199999999940e+01,-3.021132800000000174e+00,-4.288987000000000216e-01,7.462080899999999906e-01
1.335773900000000047e+01,-2.962811900000000165e+00,-3.650283300000000120e-01,6.778971599999999986e-01
1.340518299999999918e+01,-3.003760600000000114e+00,-3.507374500000000062e-01,7.252100400000000002e-01
1.342502200000000023e+01,-2.995923799999999915e+00,-4.088129099999999738e-01,7.061304900000000551e-01
1.324439699999999931e+01,-2.938519499999999951e+00,-2.700801899999999978e-01,6.431991299999999523e-01
1.319883699999999926e+01,-2.958740000000000148e+00,-2.815942699999999799e-01,6.055550499999999836e-01
1.319680900000000001e+01,-2.942544499999999896e+00,-2.992677100000000201e-01,6.087500200000000028e-01
1.322596300000000014e+01,-2.941329999999999778e+00,-2.350903400000000087e-01,6.446587999999999763e-01
1.340394700000000050e+01,-2.995351700000000061e+00,-3.809305700000000239e-01,7.168321699999999908e-01
1.341216499999999989e+01,-3.004941899999999944e+00,-3.895300400000000218e-01,7.136428500000000508e-01
1.333592999999999940e+01,-2.971699000000000090e+00,-3.436189800000000183e-01,6.551887199999999467e-01
1.344942700000000002e+01,-3.019907299999999850e+00,-3.842685299999999970e-01,7.202579399999999854e-01
1.343687399999999954e+01,-3.018651999999999891e+00,-4.104128300000000062e-01,7.202582699999999782e-01
1.357684500000000050e+01,-3.080519699999999972e+00,-5.393655600000000216e-01,7.592689700000000430e-01
1.350187400000000082e+01,-3.045481300000000058e+00,-3.935008400000000184e-01,7.687257299999999960e-01
1.352262900000000023e+01,-3.033958099999999991e+00,-4.793848199999999893e-01,7.419148399999999643e-01
1.352975099999999919e+01,-3.044144199999999856e+00,-4.560201500000000130e-01,7.564477800000000141e-01
1.338556699999999999e+01,-2.986055299999999857e+00,-3.684382600000000174e-01,6.944748600000000271e-01
1.337502699999999933e+01,-2.985520100000000010e+00,-3.723878299999999753e-01,6.989824399999999827e-01
1.342592400000000019e+01,-2.992304799999999876e+00,-4.124966899999999992e-01,6.936956600000000472e-01
1.343295799999999929e+01,-2.995840100000000117e+00,-4.149010300000000040e-01,7.026559399999999789e-01
1.340945699999999974e+01,-2.997139100000000056e+00,-3.170963600000000215e-01,7.177511600000000547e-01
1.334373500000000057e+01,-2.969201800000000002e+00,-3.741305300000000167e-01,6.746661900000000545e-01
1.346314300000000053e+01,-3.014260399999999951e+00,-3.873813199999999735e-01,7.310550000000000104e-01
1.344023800000000080e+01,-2.999086999999999836e+00,-3.855568699999999960e-01,7.426846000000000281e-01
1.338443499999999986e+01,-2.993497599999999981e+00,-3.928819900000000143e-01,7.104567999999999994e-01
1.341198699999999988e+01,-2.991812400000000149e+00,-3.806228600000000073e-01,7.117357199999999606e-01
1.340442499999999981e+01,-2.984262600000000099e+00,-3.909693599999999880e-01,7.128612399999999516e-01
1.346479899999999930e+01,-3.014808299999999885e+00,-4.639036300000000113e-01,7.130784700000000198e-01
1.348147499999999965e+01,-3.029594299999999851e+00,-4.354688099999999840e-01,7.403090900000000030e-01
1.352576799999999935e+01,-3.044129400000000096e+00,-4.222487799999999902e-01,7.675954999999999862e-01
1.350989900000000077e+01,-3.053763299999999958e+00,-4.084285999999999750e-01,7.707536000000000387e-01
1.340276399999999946e+01,-2.989181199999999983e+00,-3.863639200000000273e-01,6.984623199999999699e-01
1.329700099999999985e+01,-2.950078700000000165e+00,-3.108513399999999760e-01,6.580593700000000323e-01
1.337270000000000003e+01,-3.003779000000000199e+00,-2.604069199999999862e-01,7.047625600000000379e-01
1.340579999999999927e+01,-2.987071400000000043e+00,-2.565100100000000105e-01,7.341609199999999946e-01
1.337176700000000018e+01,-3.010490700000000075e+00,-2.762255399999999916e-01,6.877223199999999981e-01
1.335903099999999988e+01,-3.002259700000000198e+00,-2.836071099999999956e-01,7.053188299999999522e-01
1.320478699999999961e+01,-2.923700100000000024e+00,-3.321228800000000092e-01,6.212323699999999782e-01
1.322419799999999945e+01,-2.920467400000000158e+00,-3.272108100000000186e-01,6.166557599999999972e-01
1.321493399999999951e+01,-2.929034800000000160e+00,-3.300692299999999912e-01,6.162155200000000166e-01
1.349112200000000072e+01,-3.030421399999999821e+00,-4.020467999999999820e-01,7.538723499999999689e-01
1.349200800000000022e+01,-3.030905100000000019e+00,-4.545086999999999877e-01,7.277411900000000378e-01
1.347760500000000050e+01,-3.031966199999999834e+00,-4.530433400000000166e-01,7.353264299999999754e-01
1.352314200000000000e+01,-3.048461200000000204e+00,-4.831028700000000176e-01,7.578234200000000254e-01
1.353779499999999913e+01,-3.044488700000000048e+00,-4.902920499999999793e-01,7.587742699999999729e-01
1.353043399999999963e+01,-3.043230199999999996e+00,-4.945537300000000247e-01,7.612265200000000176e-01
1.346724299999999985e+01,-3.019694299999999831e+00,-4.001189900000000077e-01,7.407071400000000416e-01
1.346081500000000020e+01,-3.024863100000000138e+00,-3.502833300000000039e-01,7.499440499999999732e-01
1.347086299999999959e+01,-3.025545800000000174e+00,-3.909388300000000149e-01,7.244482700000000053e-01
1.345318400000000025e+01,-2.998241800000000179e+00,-3.693039399999999972e-01,7.353809700000000227e-01
1.344309800000000088e+01,-2.994784999999999808e+00,-3.752390899999999974e-01,7.385289900000000518e-01
1.343005999999999922e+01,-3.009812199999999827e+00,-4.004981300000000077e-01,7.066387400000000429e-01
1.309907699999999942e+01,-2.935120299999999904e+00,-1.778519699999999981e-01,5.988628200000000179e-01
1.333706699999999934e+01,-2.973135399999999873e+00,-3.581183499999999742e-01,6.611652300000000482e-01
1.335889899999999919e+01,-2.982716899999999782e+00,-2.458836100000000024e-01,7.109951300000000307e-01
1.333953600000000073e+01,-2.990869200000000117e+00,-2.258271799999999885e-01,7.145509700000000075e-01
1.332250299999999932e+01,-2.991929400000000072e+00,-1.366144599999999931e-01,7.207235699999999801e-01
1.330773300000000070e+01,-2.978199000000000041e+00,-1.400993799999999956e-01,7.113013599999999936e-01
1.324982699999999980e+01,-2.976315200000000161e+00,-1.774135799999999874e-01,6.616310499999999983e-01
1.322154699999999927e+01,-2.916675999999999824e+00,-3.917418400000000078e-01,6.077293999999999752e-01
1.334646900000000080e+01,-2.984839700000000207e+00,-2.734976499999999811e-01,7.034780200000000372e-01
1.335502900000000004e+01,-2.988732300000000119e+00,-3.064617700000000222e-01,6.837345299999999515e-01
1.325197499999999984e+01,-2.930853299999999884e+00,-3.128603300000000198e-01,6.433262199999999487e-01
1.331205300000000058e+01,-2.968308599999999853e+00,-3.021989600000000165e-01,6.639547599999999772e-01
1.327170899999999953e+01,-2.946880300000000119e+00,-3.230868199999999968e-01,6.409143899999999450e-01
1.326244600000000062e+01,-2.964535399999999932e+00,-2.816158799999999851e-01,6.482196099999999461e-01
1.345055400000000034e+01,-2.995580799999999932e+00,-4.260162699999999747e-01,7.044697800000000454e-01
1.343438199999999938e+01,-3.015142099999999825e+00,-4.540368000000000182e-01,6.987265700000000468e-01
1.334804100000000027e+01,-2.972107600000000183e+00,-3.028048300000000248e-01,7.003451200000000432e-01
1.335225299999999926e+01,-2.986973799999999901e+00,-2.591565599999999803e-01,7.032037399999999661e-01
1.334596999999999944e+01,-2.986679099999999920e+00,-2.615153599999999745e-01,7.037611499999999465e-01
1.335280599999999929e+01,-2.981573599999999935e+00,-2.649148499999999795e-01,7.066449299999999489e-01
1.335934400000000011e+01,-2.982617100000000132e+00,-2.536901899999999821e-01,7.326826600000000411e-01
1.330831000000000053e+01,-2.994325599999999810e+00,-2.125800599999999874e-01,6.994544000000000317e-01
1.331584600000000052e+01,-2.992267099999999846e+00,-2.053619799999999995e-01,6.960775000000000157e-01
1.332517900000000033e+01,-2.991257200000000172e+00,-2.101622900000000016e-01,6.946683700000000350e-01
1.331357799999999969e+01,-2.980554300000000101e+00,-2.388373799999999880e-01,6.915088299999999633e-01
1.337464699999999951e+01,-2.983174899999999852e+00,-3.358150599999999986e-01,7.102309399999999773e-01
1.339074699999999929e+01,-2.978483100000000050e+00,-3.227719199999999899e-01,7.111205099999999835e-01
1.337862600000000057e+01,-2.984251299999999940e+00,-3.260782099999999795e-01,7.059571300000000438e-01
1.339690399999999926e+01,-3.001141599999999965e+00,-3.351949499999999915e-01,6.913238699999999515e-01
1.338599299999999914e+01,-2.994191499999999895e+00,-3.413979500000000056e-01,6.982796999999999477e-01
1.337493300000000040e+01,-2.978388400000000047e+00,-3.320784299999999800e-01,6.977015800000000434e-01
1.338571699999999964e+01,-2.990787800000000107e+00,-3.845759100000000208e-01,6.893620999999999777e-01
1.333031199999999927e+01,-2.967430199999999907e+00,-3.478224100000000263e-01,6.616665800000000042e-01
1.335845800000000061e+01,-2.967601499999999781e+00,-3.501317800000000036e-01,6.888745499999999744e-01
1.302981100000000048e+01,-2.916566700000000179e+00,-2.088508199999999926e-01,5.643472999999999962e-01
1.332033000000000023e+01,-2.958965099999999904e+00,-3.151889900000000022e-01,6.811140999999999446e-01
1.332383100000000020e+01,-2.961659899999999901e+00,-2.943467699999999798e-01,6.839599400000000440e-01
1.331222400000000050e+01,-2.969794100000000103e+00,-2.542578600000000022e-01,6.825281100000000212e-01
1.335293099999999988e+01,-2.967003300000000010e+00,-4.411707200000000162e-01,6.495216299999999610e-01
1.335911800000000049e+01,-2.972519500000000203e+00,-4.019789999999999752e-01,6.612336699999999956e-01
1.354473999999999911e+01,-3.054319899999999866e+00,-4.342803199999999975e-01,7.903591300000000208e-01
1.342313399999999923e+01,-2.999041899999999927e+00,-4.289775599999999800e-01,6.935171199999999869e-01
1.345156199999999913e+01,-3.019206500000000126e+00,-2.985995200000000072e-01,7.646361799999999986e-01
1.345248199999999983e+01,-3.019564400000000148e+00,-4.643242899999999729e-01,6.916480600000000090e-01
1.344320100000000018e+01,-3.003303900000000137e+00,-4.469273400000000063e-01,7.137041899999999606e-01
1.346494799999999969e+01,-3.014515600000000184e+00,-4.593506199999999873e-01,7.003214899999999909e-01
1.345289900000000038e+01,-3.019629199999999791e+00,-4.167545599999999961e-01,7.174907900000000449e-01
1.338874299999999984e+01,-2.973412100000000002e+00,-3.701569499999999846e-01,7.031560999999999506e-01
1.341995200000000033e+01,-2.994022199999999856e+00,-4.199193099999999901e-01,6.864976900000000493e-01
1.340057400000000065e+01,-2.969533799999999779e+00,-4.246602300000000274e-01,6.826676000000000410e-01
1.332115100000000041e+01,-2.959027100000000132e+00,-2.884638500000000216e-01,6.865744799999999870e-01
1.333505300000000027e+01,-2.977545300000000061e+00,-3.221432300000000026e-01,6.766719799999999507e-01
1.333743899999999982e+01,-2.970595400000000108e+00,-3.450161900000000004e-01,6.655480900000000366e-01
1.333239099999999944e+01,-2.952781199999999995e+00,-4.001284900000000033e-01,6.603901599999999483e-01
1.321181100000000086e+01,-2.958635199999999799e+00,-2.139427399999999924e-01,6.372830200000000334e-01
1.325201000000000029e+01,-2.940445899999999835e+00,-2.396926799999999913e-01,6.635034699999999841e-01
1.317591400000000057e+01,-2.960654599999999803e+00,-1.973280000000000034e-01,6.231622300000000392e-01
1.339408599999999971e+01,-2.961914999999999853e+00,-4.161024400000000179e-01,6.936286299999999683e-01
1.335719199999999951e+01,-2.975927500000000059e+00,-3.612975700000000123e-01,6.734167800000000481e-01
1.320601300000000045e+01,-2.945746499999999823e+00,-2.646221999999999741e-01,6.325899999999999856e-01
1.316474599999999917e+01,-2.885549500000000211e+00,-3.387460899999999997e-01,6.050250700000000537e-01
1.312145300000000070e+01,-2.882031099999999846e+00,-3.521611900000000128e-01,5.813851100000000383e-01
1.307864099999999929e+01,-2.905949899999999975e+00,-2.478246400000000127e-01,5.751988700000000287e-01
1.303381100000000004e+01,-2.918375499999999789e+00,-1.849363800000000113e-01,5.723829099999999670e-01
1.307257099999999994e+01,-2.913826400000000039e+00,-2.260374500000000009e-01,5.820891700000000446e-01
1.309215799999999952e+01,-2.928453999999999890e+00,-1.861852999999999980e-01,5.979627400000000481e-01
1.336039199999999916e+01,-2.963369999999999838e+00,-3.890862199999999826e-01,6.790874000000000077e-01
1.316798600000000086e+01,-2.933518600000000198e+00,-1.953961700000000079e-01,6.278869900000000337e-01
1.343728100000000047e+01,-2.992749700000000068e+00,-4.349996999999999892e-01,7.074578599999999939e-01
1.342555499999999924e+01,-2.994737699999999947e+00,-4.403558799999999773e-01,6.902776800000000046e-01
1.359578600000000037e+01,-3.092473899999999887e+00,-4.702093500000000259e-01,8.355826400000000431e-01
1.331914300000000040e+01,-2.939036699999999946e+00,-3.686137600000000125e-01,6.570299499999999737e-01
1.314802599999999977e+01,-2.958342700000000214e+00,-1.274393100000000001e-01,6.295953800000000378e-01
1.304747500000000038e+01,-2.939076500000000092e+00,-1.122618600000000050e-01,6.009596999999999856e-01
1.303328699999999962e+01,-2.948399000000000214e+00,-1.462046700000000088e-01,5.839783100000000005e-01
1.321002700000000019e+01,-2.922529799999999955e+00,-2.522591699999999770e-01,6.338033499999999876e-01
1.343506000000000000e+01,-2.999900999999999929e+00,-4.372928999999999844e-01,7.223201599999999889e-01
1.345752300000000012e+01,-3.037611899999999920e+00,-4.033273199999999892e-01,7.384608799999999862e-01
1.349068100000000037e+01,-3.027223100000000056e+00,-3.626539200000000185e-01,7.541842300000000110e-01
1.348903299999999916e+01,-3.029310600000000075e+00,-3.671789799999999881e-01,7.518319999999999448e-01
1.327657899999999991e+01,-2.955009099999999833e+00,-2.925588100000000025e-01,6.694635199999999786e-01
1.356909300000000052e+01,-3.086757200000000090e+00,-4.741242299999999799e-01,7.971915099999999921e-01
1.334025800000000039e+01,-2.967012400000000216e+00,-3.899984000000000228e-01,6.642196900000000293e-01
1.336448999999999998e+01,-2.972105200000000114e+00,-3.466048099999999854e-01,6.972268900000000436e-01
1.332802799999999976e+01,-2.973396199999999823e+00,-2.915042899999999992e-01,6.695324200000000170e-01
1.335975299999999955e+01,-2.947205299999999806e+00,-4.113942300000000274e-01,6.508039599999999592e-01
1.336381599999999992e+01,-2.943939600000000212e+00,-4.072303500000000187e-01,6.496125499999999553e-01
1.333029900000000012e+01,-2.939207600000000031e+00,-4.312571000000000043e-01,6.603754499999999750e-01
1.336565300000000001e+01,-2.991836600000000068e+00,-4.073495100000000257e-01,6.684577800000000014e-01
1.332554499999999997e+01,-2.962823999999999902e+00,-3.606896700000000178e-01,6.783142300000000180e-01
1.333840000000000003e+01,-2.963877399999999884e+00,-3.544974699999999812e-01,6.790928099999999912e-01
1.314573599999999942e+01,-2.904651499999999942e+00,-2.772653999999999952e-01,5.947259099999999687e-01
1.318172599999999939e+01,-2.893024000000000040e+00,-2.696519900000000081e-01,6.196209700000000486e-01
1.308450900000000061e+01,-2.910200099999999956e+00,-2.694080200000000258e-01,5.739746999999999488e-01
1.319363399999999942e+01,-2.907875000000000210e+00,-3.003036800000000173e-01,6.134196899999999619e-01
1.313965600000000045e+01,-2.914174299999999995e+00,-2.935655999999999821e-01,5.943534099999999709e-01
1.302143599999999957e+01,-2.909326500000000149e+00,-2.251052500000000067e-01,5.654471500000000095e-01
1.296465899999999927e+01,-2.958046099999999790e+00,-7.917721899999999313e-02,5.594930900000000262e-01
1.294392099999999957e+01,-2.925298900000000035e+00,-1.396293100000000065e-01,5.570718199999999953e-01
1.323512200000000050e+01,-2.931467200000000162e+00,-2.695834699999999917e-01,6.353552399999999878e-01
1.322352599999999967e+01,-2.934137999999999913e+00,-2.727386199999999872e-01,6.408826300000000087e-01
1.317274300000000054e+01,-2.906506799999999835e+00,-3.231494699999999942e-01,5.913831800000000083e-01
1.319116600000000084e+01,-2.909367599999999943e+00,-3.093457399999999802e-01,6.094450300000000542e-01
1.360308000000000028e+01,-3.095441999999999805e+00,-5.275492000000000514e-01,7.773146300000000064e-01
1.360155400000000014e+01,-3.107478899999999822e+00,-5.151676499999999770e-01,7.654858300000000337e-01
1.359997399999999956e+01,-3.110250100000000018e+00,-5.172401899999999886e-01,7.715898100000000426e-01
1.359933499999999995e+01,-3.093905200000000022e+00,-6.043083999999999678e-01,7.733625200000000532e-01
1.370033600000000007e+01,-3.166831000000000174e+00,-5.303570899999999755e-01,8.692521600000000515e-01
1.368141299999999916e+01,-3.162216900000000219e+00,-5.552350600000000025e-01,8.647605699999999507e-01
1.342292499999999933e+01,-2.991982699999999884e+00,-4.291589699999999730e-01,7.025336599999999487e-01
1.342762699999999931e+01,-3.010662099999999786e+00,-3.856320899999999829e-01,7.089290999999999787e-01
1.341931399999999996e+01,-2.997924699999999998e+00,-3.557737499999999997e-01,7.231473999999999958e-01
1.326056400000000046e+01,-2.959251300000000029e+00,-2.781109500000000234e-01,6.451070800000000549e-01
1.324928500000000042e+01,-2.954918099999999992e+00,-2.407541900000000068e-01,6.523163100000000103e-01
1.335788400000000031e+01,-2.961491099999999932e+00,-3.958611699999999844e-01,6.702408800000000388e-01
1.331854799999999983e+01,-2.956131399999999854e+00,-4.387845400000000007e-01,6.335842699999999494e-01
1.341711199999999948e+01,-2.988957800000000109e+00,-3.425584600000000091e-01,7.217352500000000504e-01
1.337380500000000083e+01,-2.991648999999999781e+00,-3.137499899999999786e-01,6.923327799999999810e-01
1.333173900000000067e+01,-2.965837500000000126e+00,-2.987800700000000087e-01,6.779550600000000538e-01
1.330362000000000045e+01,-2.951825700000000108e+00,-3.236677900000000108e-01,6.547078499999999801e-01
1.328927700000000023e+01,-2.936469300000000171e+00,-3.408994000000000191e-01,6.452603799999999667e-01
1.329617999999999967e+01,-2.959551199999999938e+00,-2.975236199999999887e-01,6.470317799999999453e-01
1.342501000000000033e+01,-3.018229900000000132e+00,-4.112990100000000204e-01,7.052184200000000125e-01
1.345430200000000021e+01,-3.005143200000000014e+00,-4.287770300000000034e-01,7.348645799999999895e-01
1.343933000000000000e+01,-2.989306200000000135e+00,-4.064307500000000073e-01,7.301763000000000003e-01
1.345612000000000030e+01,-3.023580500000000004e+00,-4.268824399999999741e-01,7.142925199999999863e-01
1.345432399999999973e+01,-3.026149699999999942e+00,-4.562862699999999938e-01,6.941724200000000122e-01
1.336463600000000085e+01,-3.009674400000000194e+00,-3.092291999999999819e-01,7.036862699999999471e-01
1.338549500000000059e+01,-2.989930900000000058e+00,-2.861817899999999915e-01,7.037367599999999612e-01
1.336393600000000070e+01,-2.964388299999999976e+00,-2.968378600000000089e-01,7.195614900000000258e-01
1.336837899999999912e+01,-2.967612499999999986e+00,-3.088741799999999982e-01,7.270378699999999750e-01
1.337522099999999980e+01,-2.956292700000000107e+00,-2.896668499999999757e-01,7.146318000000000392e-01
1.339816599999999980e+01,-2.972070500000000060e+00,-4.733925600000000178e-01,6.735004999999999464e-01
1.296524999999999928e+01,-2.901028699999999905e+00,-2.050420199999999915e-01,5.483341400000000254e-01
1.300512100000000082e+01,-2.917820700000000045e+00,-1.877503600000000050e-01,5.611540600000000101e-01
1.298881500000000067e+01,-2.907329999999999970e+00,-1.892460800000000110e-01,5.574830299999999905e-01
1.299708000000000041e+01,-2.907738000000000156e+00,-1.827701300000000029e-01,5.538696300000000017e-01
1.329337899999999983e+01,-2.926422000000000079e+00,-3.568536600000000170e-01,6.484241200000000482e-01
1.345737899999999954e+01,-3.017278099999999963e+00,-3.558863299999999730e-01,7.328144599999999453e-01
1.344492600000000060e+01,-3.010975300000000132e+00,-3.653991600000000006e-01,7.414837600000000473e-01
1.324858900000000084e+01,-2.937743600000000121e+00,-3.373026199999999974e-01,6.269846500000000322e-01
1.364614699999999914e+01,-3.121412100000000134e+00,-5.719583900000000387e-01,8.223412599999999628e-01
1.366397599999999990e+01,-3.141423899999999936e+00,-5.513229600000000286e-01,8.339015800000000311e-01
1.362718600000000002e+01,-3.132083199999999845e+00,-4.910496599999999989e-01,8.497177099999999594e-01
1.366618199999999916e+01,-3.131215300000000035e+00,-5.565426399999999774e-01,8.255411999999999750e-01
1.350962700000000005e+01,-3.048413200000000156e+00,-4.617460800000000032e-01,7.627701099999999457e-01
1.347442999999999991e+01,-3.024280300000000032e+00,-3.687766900000000181e-01,7.737500800000000067e-01
1.348091699999999982e+01,-3.048791000000000029e+00,-3.905235100000000181e-01,7.485220599999999891e-01
1.350172000000000061e+01,-3.036277399999999904e+00,-4.474771499999999902e-01,7.592636200000000279e-01
1.348432200000000059e+01,-3.044556200000000157e+00,-3.870024599999999926e-01,7.601293399999999867e-01
1.348194600000000065e+01,-3.040573199999999865e+00,-3.930614299999999894e-01,7.622692899999999883e-01
1.331257899999999950e+01,-2.956010000000000026e+00,-3.808232999999999757e-01,6.596764000000000516e-01
1.333679000000000059e+01,-2.965742999999999796e+00,-3.321933599999999931e-01,6.636865899999999652e-01
1.330936900000000023e+01,-2.969711699999999954e+00,-3.332489699999999777e-01,6.614301999999999682e-01
1.331217799999999940e+01,-2.975929199999999941e+00,-3.069586100000000206e-01,6.704313800000000212e-01
1.307147999999999932e+01,-2.908125000000000071e+00,-2.237645299999999893e-01,5.842631600000000036e-01
1.316186899999999937e+01,-2.943961299999999781e+00,-2.215567900000000034e-01,6.157314099999999790e-01
1.318981199999999987e+01,-2.929472000000000076e+00,-2.840035000000000198e-01,6.189449900000000282e-01
1.296617799999999932e+01,-2.930778099999999942e+00,-1.539504399999999940e-01,5.552691100000000102e-01
1.296199400000000068e+01,-2.932365900000000192e+00,-1.641072600000000048e-01,5.482784400000000335e-01
1.296904900000000005e+01,-2.947510299999999805e+00,-1.612011899999999942e-01,5.442176600000000475e-01
1.309587699999999977e+01,-2.912296899999999855e+00,-2.407232599999999945e-01,5.808332600000000179e-01
1.309304099999999949e+01,-2.913742399999999844e+00,-2.471150099999999961e-01,5.901104200000000244e-01
1.331339099999999931e+01,-2.961593900000000001e+00,-4.032432799999999817e-01,6.530659300000000167e-01
1.334250699999999945e+01,-2.992486899999999839e+00,-4.025584899999999910e-01,6.334935900000000508e-01
1.336098999999999926e+01,-2.944956100000000188e+00,-3.426831100000000130e-01,7.064825799999999711e-01
1.331324700000000050e+01,-2.960248399999999780e+00,-3.312979899999999867e-01,6.680369699999999522e-01
1.346565200000000040e+01,-3.019736599999999882e+00,-3.816662399999999900e-01,7.408222599999999547e-01
1.344701899999999917e+01,-3.005167600000000050e+00,-3.826667500000000000e-01,7.546123000000000136e-01
1.348337700000000083e+01,-3.010984600000000011e+00,-3.839877899999999955e-01,7.452888500000000027e-01
1.345589200000000041e+01,-3.016432899999999862e+00,-3.815443900000000110e-01,7.503005000000000368e-01
1.345983099999999943e+01,-3.011160900000000140e+00,-4.107867000000000046e-01,7.287575899999999551e-01
1.355443200000000026e+01,-3.071376100000000164e+00,-4.155012399999999939e-01,7.987409600000000554e-01
1.351975799999999950e+01,-3.061083800000000021e+00,-4.248100300000000051e-01,7.630668200000000345e-01
1.353894099999999945e+01,-3.055429399999999962e+00,-4.598429900000000070e-01,7.741848900000000144e-01
1.318603000000000058e+01,-2.928460900000000144e+00,-2.254260399999999942e-01,6.283555100000000060e-01
1.321158199999999994e+01,-2.915767699999999962e+00,-3.606635200000000152e-01,6.029410699999999679e-01
1.283864999999999945e+01,-2.953831600000000002e+00,-8.693015900000000684e-02,5.248757899999999532e-01
1.345540800000000026e+01,-3.001588899999999782e+00,-4.726501200000000069e-01,7.062248899999999940e-01
1.346455100000000016e+01,-3.019761400000000151e+00,-4.044300000000000117e-01,7.232604200000000150e-01
1.326922800000000002e+01,-2.965677700000000083e+00,-2.909295800000000209e-01,6.379188399999999870e-01
1.320911399999999958e+01,-2.940647400000000022e+00,-2.513203099999999912e-01,6.329991499999999549e-01
1.322860799999999948e+01,-2.940838199999999958e+00,-2.515681300000000009e-01,6.311938900000000352e-01
1.332076900000000030e+01,-2.950023100000000120e+00,-3.636770100000000228e-01,6.470622000000000318e-01
1.332577900000000071e+01,-2.972785899999999870e+00,-3.530741499999999755e-01,6.767604999999999871e-01
1.333182799999999979e+01,-2.972401500000000141e+00,-3.602156899999999773e-01,6.786922499999999969e-01
1.333488200000000035e+01,-2.958773299999999828e+00,-3.050008900000000245e-01,6.725087800000000282e-01
1.332878200000000035e+01,-2.954607999999999901e+00,-3.056027399999999838e-01,6.745516700000000476e-01
1.326428499999999921e+01,-2.938502100000000006e+00,-2.972584600000000021e-01,6.460982899999999640e-01
1.332022500000000065e+01,-2.970994999999999830e+00,-3.317429399999999862e-01,6.690740800000000155e-01
1.332486199999999954e+01,-2.974111499999999797e+00,-3.247860399999999981e-01,6.678195300000000501e-01
1.332258500000000012e+01,-2.972447999999999979e+00,-3.488035899999999967e-01,6.469760399999999745e-01
1.331009000000000064e+01,-2.948890399999999801e+00,-3.591901900000000203e-01,6.658496499999999596e-01
1.332559999999999967e+01,-2.947118699999999869e+00,-3.725070799999999904e-01,6.540641000000000371e-01
1.340446700000000035e+01,-2.986152500000000209e+00,-3.332756199999999946e-01,7.115116900000000300e-01
1.342388099999999973e+01,-3.013010400000000200e+00,-3.782072699999999843e-01,7.131103300000000145e-01
1.341226299999999938e+01,-2.996965799999999902e+00,-3.367179699999999776e-01,7.337074599999999780e-01
1.348333200000000076e+01,-3.020882600000000195e+00,-4.931376000000000093e-01,7.108970900000000093e-01
1.351688399999999923e+01,-3.036122300000000163e+00,-4.670199099999999826e-01,7.490119600000000322e-01
1.344127499999999920e+01,-3.027519600000000199e+00,-4.592557500000000181e-01,6.878168799999999639e-01
1.348642000000000074e+01,-3.017803900000000095e+00,-3.913765100000000108e-01,7.670486300000000091e-01
1.347994399999999970e+01,-3.039088000000000012e+00,-4.594053699999999796e-01,7.105312000000000294e-01
1.343440299999999965e+01,-3.012371299999999863e+00,-4.530893100000000229e-01,7.065443300000000537e-01
1.346114500000000014e+01,-3.010944400000000076e+00,-4.471045200000000053e-01,7.008915399999999796e-01
1.344870899999999914e+01,-3.015010000000000190e+00,-4.294770700000000163e-01,7.305944800000000461e-01
1.345777299999999954e+01,-3.019582000000000210e+00,-4.197392200000000240e-01,7.106208899999999495e-01
1.344298200000000065e+01,-2.999360199999999921e+00,-4.034270699999999987e-01,7.258864900000000508e-01
1.344861000000000040e+01,-2.997977899999999973e+00,-4.017747099999999794e-01,7.309192799999999490e-01
1.335995899999999992e+01,-2.992761400000000016e+00,-2.806904900000000147e-01,7.049312500000000092e-01
1.330950099999999914e+01,-2.956180999999999948e+00,-3.027411799999999986e-01,6.801474100000000078e-01
1.329963799999999985e+01,-2.981358600000000081e+00,-3.061164599999999791e-01,6.676685999999999455e-01
1.333221999999999952e+01,-2.976367699999999950e+00,-2.926063899999999940e-01,6.679773700000000147e-01
1.329625700000000066e+01,-2.973814200000000074e+00,-2.878809199999999846e-01,6.738283600000000151e-01
1.319863199999999992e+01,-2.938303200000000004e+00,-2.708375700000000275e-01,6.303186800000000201e-01
1.316867200000000082e+01,-2.921216999999999953e+00,-2.376250099999999976e-01,6.309244099999999911e-01
1.318191400000000080e+01,-2.923540299999999981e+00,-2.363227499999999981e-01,6.247192200000000195e-01
1.318178600000000067e+01,-2.949246899999999894e+00,-2.888057299999999827e-01,6.056353199999999770e-01
1.319675900000000013e+01,-2.944992699999999797e+00,-2.927026799999999929e-01,6.007661100000000198e-01
1.317686999999999919e+01,-2.941515599999999786e+00,-2.890213400000000155e-01,6.071529599999999638e-01
1.323774099999999976e+01,-2.950673699999999844e+00,-2.161748199999999898e-01,6.605309999999999793e-01
1.335863499999999959e+01,-2.977119200000000188e+00,-3.521967899999999818e-01,6.836883999999999739e-01
1.351080900000000007e+01,-3.041140299999999907e+00,-4.584793300000000182e-01,7.520606600000000475e-01
1.349158300000000033e+01,-3.038197400000000048e+00,-4.445723500000000050e-01,7.398987200000000097e-01
1.347623500000000085e+01,-3.019205499999999986e+00,-4.228297100000000253e-01,7.309270500000000226e-01
1.349241100000000060e+01,-3.024755400000000094e+00,-4.267989999999999839e-01,7.381198300000000323e-01
1.345367899999999928e+01,-3.012109900000000007e+00,-3.906906399999999779e-01,7.304108999999999741e-01
1.339079899999999945e+01,-2.977642100000000180e+00,-4.163231099999999962e-01,6.827942099999999570e-01
1.338420799999999922e+01,-2.981586399999999859e+00,-4.214903099999999792e-01,6.772472999999999965e-01
1.316238500000000045e+01,-2.946369699999999980e+00,-1.988311500000000120e-01,6.178550499999999612e-01
1.332011999999999929e+01,-2.948915899999999812e+00,-3.709865500000000260e-01,6.539034900000000317e-01
1.339869000000000021e+01,-2.988148600000000155e+00,-3.662143900000000007e-01,7.057708900000000396e-01
1.338463999999999920e+01,-2.991845800000000111e+00,-3.702976399999999835e-01,7.067555699999999996e-01
1.340564700000000009e+01,-2.992533799999999911e+00,-3.674277599999999921e-01,7.059541299999999575e-01
1.335910699999999984e+01,-2.977747499999999992e+00,-3.721360599999999907e-01,6.749330399999999841e-01
1.342209500000000055e+01,-3.004717700000000047e+00,-3.877675400000000216e-01,7.075845800000000185e-01
1.340554099999999949e+01,-2.997313099999999952e+00,-3.988819800000000249e-01,6.945725799999999950e-01
1.340378399999999992e+01,-3.007456100000000188e+00,-3.528461700000000145e-01,6.941813100000000514e-01
1.340941800000000050e+01,-2.999126899999999818e+00,-3.563064000000000231e-01,6.990252099999999524e-01
1.328572999999999915e+01,-2.953301199999999849e+00,-2.270094699999999910e-01,6.755110899999999807e-01
1.337529699999999977e+01,-2.978270000000000195e+00,-4.314511400000000108e-01,6.606214200000000147e-01
1.318444299999999991e+01,-2.923146099999999858e+00,-3.183928799999999892e-01,6.005892000000000452e-01
1.306148300000000084e+01,-2.914574800000000021e+00,-1.723551899999999915e-01,5.870655399999999968e-01
1.305798200000000087e+01,-2.918439699999999970e+00,-1.786909600000000098e-01,5.887281100000000267e-01
1.345704300000000053e+01,-3.012669900000000123e+00,-4.231759999999999966e-01,7.282526599999999961e-01
1.346330000000000027e+01,-3.011023300000000180e+00,-4.208116499999999816e-01,7.367725800000000103e-01
1.340069000000000088e+01,-2.981960700000000131e+00,-3.822056899999999868e-01,7.069010100000000518e-01
1.338670100000000041e+01,-2.991692200000000135e+00,-3.932397100000000201e-01,6.802527600000000119e-01
1.338861799999999924e+01,-2.985098300000000204e+00,-3.946973200000000181e-01,6.887026600000000220e-01
1.338399199999999922e+01,-2.985433399999999793e+00,-4.012542900000000134e-01,6.904420900000000083e-01
1.333477599999999974e+01,-2.968180799999999842e+00,-3.028608999999999885e-01,6.803276700000000510e-01
1.333835799999999949e+01,-2.977450099999999988e+00,-2.875720399999999732e-01,6.870802599999999982e-01
1.331747299999999967e+01,-2.969729000000000063e+00,-2.994949000000000083e-01,6.937408699999999540e-01
1.332854400000000084e+01,-2.966821599999999837e+00,-2.929655500000000190e-01,6.954272200000000126e-01
1.345784399999999970e+01,-3.021147299999999980e+00,-4.551851900000000173e-01,7.061285499999999660e-01
1.347885499999999936e+01,-3.014565399999999951e+00,-4.340913000000000133e-01,7.500772900000000076e-01
1.348378499999999924e+01,-3.006439400000000095e+00,-4.427676600000000073e-01,7.452005699999999511e-01
1.342906100000000080e+01,-3.019953199999999782e+00,-4.149149599999999993e-01,7.003184099999999468e-01
1.343297800000000031e+01,-3.016084499999999835e+00,-3.971551799999999965e-01,6.996810100000000476e-01
1.348406100000000052e+01,-3.006892300000000073e+00,-3.950044300000000175e-01,7.614295899999999895e-01
1.347062200000000054e+01,-3.009277099999999816e+00,-4.022555400000000225e-01,7.644573700000000249e-01
1.348982999999999954e+01,-3.022963499999999915e+00,-3.983101000000000003e-01,7.476576200000000227e-01
1.353665100000000088e+01,-3.055621799999999944e+00,-4.067545200000000083e-01,8.002949299999999599e-01
1.352690100000000051e+01,-3.052659699999999976e+00,-4.517690899999999843e-01,7.676596300000000372e-01
1.339050699999999949e+01,-2.983539599999999847e+00,-3.599576700000000073e-01,6.921775900000000092e-01
1.338537900000000036e+01,-3.002760400000000107e+00,-3.617714200000000102e-01,6.895739699999999806e-01
1.340410900000000005e+01,-3.013341699999999790e+00,-3.947893299999999939e-01,6.892784400000000478e-01
1.345554100000000020e+01,-3.012771600000000216e+00,-3.742092300000000038e-01,7.289846500000000118e-01
1.333086800000000061e+01,-2.959466299999999883e+00,-3.860190700000000197e-01,6.578287299999999727e-01
1.332056399999999918e+01,-2.946565999999999796e+00,-3.718403900000000206e-01,6.620935999999999488e-01
1.331822999999999979e+01,-2.945868299999999884e+00,-3.741646699999999770e-01,6.636168999999999540e-01
1.328866200000000042e+01,-2.974223400000000073e+00,-3.390614900000000209e-01,6.347495800000000354e-01
1.330899999999999928e+01,-2.968611600000000017e+00,-3.312646000000000202e-01,6.552720399999999445e-01
1.330799000000000021e+01,-2.954587399999999864e+00,-3.049605000000000232e-01,6.707600500000000521e-01
1.330774199999999929e+01,-2.953310500000000172e+00,-3.084037900000000110e-01,6.765122300000000477e-01
1.333456400000000031e+01,-2.969142800000000193e+00,-3.547265600000000241e-01,6.727649300000000387e-01
1.318100500000000075e+01,-2.920434900000000056e+00,-2.218156500000000031e-01,6.283106299999999811e-01
1.321469300000000047e+01,-2.946476600000000001e+00,-2.848474400000000073e-01,6.105085900000000176e-01
1.333086800000000061e+01,-2.984628100000000117e+00,-3.041615100000000238e-01,6.624130200000000190e-01
1.332218499999999928e+01,-2.983011499999999927e+00,-3.035115299999999738e-01,6.640592800000000295e-01
1.331102699999999928e+01,-2.978999200000000069e+00,-3.009643000000000179e-01,6.700440899999999811e-01
1.332103299999999990e+01,-2.973364199999999791e+00,-2.938761400000000079e-01,6.739572999999999814e-01
1.339702300000000079e+01,-2.990321300000000182e+00,-4.053585299999999947e-01,6.912224500000000438e-01
1.339228600000000036e+01,-2.996678999999999871e+00,-3.396106799999999981e-01,7.059871199999999680e-01
1.327785500000000063e+01,-2.939998899999999971e+00,-3.211021299999999856e-01,6.474422499999999969e-01
1.336313600000000079e+01,-2.975677899999999987e+00,-3.330290100000000142e-01,7.039364200000000071e-01
1.309300799999999931e+01,-2.908000900000000222e+00,-2.883684300000000089e-01,5.760374000000000327e-01
1.311088299999999940e+01,-2.901128799999999952e+00,-2.643335199999999885e-01,5.899720299999999806e-01
1.298477100000000029e+01,-2.963160999999999934e+00,-1.000581799999999966e-01,5.743435399999999857e-01
1.297166700000000006e+01,-2.956411099999999958e+00,-7.963913400000000031e-02,5.686128200000000188e-01
1.301439300000000010e+01,-2.941644099999999984e+00,-1.227381800000000023e-01,5.796293999999999613e-01
1.304599200000000003e+01,-2.936691999999999858e+00,-1.337845000000000006e-01,5.843477099999999647e-01
1.319452700000000078e+01,-2.943244500000000041e+00,-2.014967300000000128e-01,6.437556899999999915e-01
1.320516100000000037e+01,-2.936573899999999959e+00,-1.892163799999999896e-01,6.477391900000000202e-01
1.319605299999999914e+01,-2.938810099999999981e+00,-1.947035599999999977e-01,6.492723400000000034e-01
1.327134200000000064e+01,-2.939713999999999938e+00,-3.529510200000000042e-01,6.402744700000000400e-01
1.325941500000000062e+01,-2.941336600000000079e+00,-2.940557899999999836e-01,6.474572899999999631e-01
1.326624499999999962e+01,-2.958880300000000130e+00,-3.091071799999999814e-01,6.466863400000000262e-01
1.323976299999999995e+01,-2.935759399999999797e+00,-2.534141899999999836e-01,6.432428300000000432e-01
1.330395500000000020e+01,-2.960015700000000027e+00,-3.538208700000000095e-01,6.573016200000000309e-01
1.338820600000000027e+01,-2.983412200000000070e+00,-3.149172499999999819e-01,7.098726100000000150e-01
1.348051199999999916e+01,-3.020224900000000101e+00,-4.342664600000000208e-01,7.221623900000000429e-01
1.345105099999999965e+01,-2.994062800000000024e+00,-4.545852400000000015e-01,7.014972299999999716e-01
1.335173299999999941e+01,-2.982165900000000036e+00,-2.634288499999999922e-01,7.116995200000000299e-01
1.335129000000000055e+01,-2.971047599999999900e+00,-2.986482699999999935e-01,6.967303200000000141e-01
1.334817299999999918e+01,-2.983087600000000172e+00,-3.448021000000000003e-01,6.766629899999999642e-01
1.335852900000000076e+01,-2.978632499999999794e+00,-3.367208500000000160e-01,6.821892600000000195e-01
1.335327700000000029e+01,-2.970501899999999917e+00,-3.412990499999999927e-01,6.890929199999999977e-01
1.347685899999999926e+01,-3.026286999999999949e+00,-4.367971800000000071e-01,7.197520499999999766e-01
1.345519600000000082e+01,-3.022302100000000102e+00,-4.121752799999999772e-01,7.194348200000000304e-01
1.347773800000000044e+01,-3.019052499999999917e+00,-4.090859399999999813e-01,7.270541400000000154e-01
1.345599200000000017e+01,-3.026562600000000103e+00,-4.294375599999999960e-01,7.281689799999999657e-01
1.327801299999999962e+01,-2.949527999999999928e+00,-3.455154300000000123e-01,6.487761399999999457e-01
1.327520699999999998e+01,-2.948145600000000144e+00,-3.526224800000000159e-01,6.469196099999999783e-01
1.329958300000000015e+01,-2.953899600000000181e+00,-3.419221100000000013e-01,6.448342599999999925e-01
1.332552399999999970e+01,-2.974634899999999860e+00,-3.536418299999999904e-01,6.677648000000000472e-01
1.334848200000000062e+01,-2.963248200000000221e+00,-3.378953199999999990e-01,6.691322699999999735e-01
1.335346499999999992e+01,-2.964778700000000100e+00,-3.430159600000000086e-01,6.701333099999999821e-01
1.333331699999999920e+01,-2.972453100000000070e+00,-3.454007299999999892e-01,6.845130000000000381e-01
1.359627500000000033e+01,-3.103667699999999918e+00,-5.122184800000000315e-01,7.957870500000000513e-01
1.347978200000000015e+01,-3.022944299999999807e+00,-4.698449699999999729e-01,7.179483700000000024e-01
1.349646000000000079e+01,-3.018211099999999814e+00,-4.915300000000000225e-01,7.303160199999999547e-01
1.350531100000000073e+01,-3.018739599999999967e+00,-4.963783199999999840e-01,7.338467400000000529e-01
1.339312900000000006e+01,-2.987899699999999825e+00,-3.450790400000000036e-01,6.981302499999999522e-01
1.337143099999999940e+01,-2.974198799999999920e+00,-3.931805299999999725e-01,6.671240099999999895e-01
1.336582699999999946e+01,-2.952297300000000124e+00,-4.097193900000000166e-01,6.854476999999999931e-01
1.327470800000000040e+01,-2.963238200000000155e+00,-3.178599799999999864e-01,6.350999400000000294e-01
1.324215000000000053e+01,-2.924218699999999949e+00,-2.879167000000000254e-01,6.445286900000000152e-01
1.324680700000000044e+01,-2.938370200000000043e+00,-3.341419700000000104e-01,6.249723799999999940e-01
1.318745200000000040e+01,-2.937558699999999856e+00,-2.654206399999999855e-01,6.080635599999999474e-01
1.318563699999999983e+01,-2.940627200000000219e+00,-2.657353900000000158e-01,6.053178099999999562e-01
1.318184100000000036e+01,-2.920728200000000108e+00,-2.602584600000000248e-01,6.103944900000000118e-01
1.336840100000000042e+01,-2.974749800000000111e+00,-3.612018399999999962e-01,6.718205400000000216e-01
1.329985899999999965e+01,-2.978258400000000083e+00,-3.486663300000000243e-01,6.531128600000000173e-01
1.342486099999999993e+01,-2.968326900000000101e+00,-4.142664899999999872e-01,7.027451399999999904e-01
1.338377299999999970e+01,-3.003169999999999895e+00,-3.941049600000000042e-01,6.886346700000000043e-01
1.343539099999999920e+01,-2.990326200000000156e+00,-4.078417799999999871e-01,7.286877000000000493e-01
1.336701900000000087e+01,-2.965976200000000063e+00,-2.950195600000000140e-01,7.064307600000000464e-01
1.321226399999999934e+01,-2.930425000000000058e+00,-3.370250000000000190e-01,6.155738299999999885e-01
1.339810800000000057e+01,-2.977291300000000085e+00,-3.107941200000000070e-01,7.223948700000000223e-01
1.351997800000000005e+01,-3.037099500000000063e+00,-5.320378300000000449e-01,7.414241799999999882e-01
1.349886099999999978e+01,-3.035243700000000100e+00,-4.499363299999999954e-01,7.289040900000000045e-01
1.348417800000000000e+01,-3.044233199999999862e+00,-4.570572399999999758e-01,7.236850000000000227e-01
1.327537200000000084e+01,-2.944702700000000117e+00,-2.824656099999999781e-01,6.689036800000000005e-01
1.328370499999999943e+01,-2.936760399999999827e+00,-2.815169800000000278e-01,6.607356599999999469e-01
1.328735700000000008e+01,-2.942972000000000143e+00,-3.951041399999999926e-01,6.323840600000000256e-01
1.332145599999999952e+01,-2.958357299999999857e+00,-3.205130999999999952e-01,6.667872799999999822e-01
1.330880200000000002e+01,-2.962008500000000044e+00,-3.221183400000000030e-01,6.625674200000000180e-01
1.352259300000000053e+01,-3.053436800000000062e+00,-4.612792900000000085e-01,7.482218600000000164e-01
1.355651699999999948e+01,-3.056466499999999975e+00,-5.295674999999999688e-01,7.485368700000000208e-01
1.354413800000000023e+01,-3.067168199999999789e+00,-5.030973199999999590e-01,7.609405299999999484e-01
1.354637100000000061e+01,-3.067190899999999942e+00,-4.815530900000000170e-01,7.633206599999999842e-01
1.354686500000000038e+01,-3.054436700000000116e+00,-4.964183899999999872e-01,7.616556799999999461e-01
1.355550400000000089e+01,-3.056217399999999973e+00,-4.866892400000000229e-01,7.537158999999999942e-01
1.354068600000000089e+01,-3.058218399999999892e+00,-4.890688899999999784e-01,7.620366800000000218e-01
1.355846200000000046e+01,-3.059877600000000086e+00,-4.892448400000000142e-01,7.577593599999999929e-01
1.317165299999999917e+01,-2.928849299999999989e+00,-2.298132300000000072e-01,6.097537800000000230e-01
1.332131900000000080e+01,-2.955138900000000124e+00,-2.929800699999999813e-01,6.822080700000000553e-01
1.330677200000000049e+01,-2.969973700000000161e+00,-3.542065400000000142e-01,6.438786800000000365e-01
1.331231099999999934e+01,-2.968754699999999858e+00,-2.650439199999999884e-01,6.839945499999999790e-01
1.331941999999999915e+01,-2.962566400000000044e+00,-3.303545900000000035e-01,6.672329399999999966e-01
1.329652199999999951e+01,-2.940564499999999803e+00,-3.696260000000000101e-01,6.594698199999999844e-01
1.342687899999999956e+01,-2.989153400000000183e+00,-3.755086899999999783e-01,7.169886899999999841e-01
1.336719399999999958e+01,-2.983990200000000037e+00,-3.657151900000000233e-01,6.886432399999999898e-01
1.343397599999999947e+01,-3.010381399999999985e+00,-3.283964999999999801e-01,7.327939900000000062e-01
1.342288899999999963e+01,-3.026146400000000014e+00,-3.349624399999999724e-01,7.179857200000000494e-01
1.342813300000000076e+01,-3.025264500000000023e+00,-3.370646500000000212e-01,7.176843499999999709e-01
1.342929999999999957e+01,-3.006782600000000194e+00,-3.420239500000000210e-01,7.096983199999999936e-01
1.341408999999999985e+01,-3.005405500000000174e+00,-3.613392799999999849e-01,7.288762500000000033e-01
1.343758599999999959e+01,-3.002314199999999822e+00,-4.031211100000000047e-01,7.118404600000000082e-01
1.344443099999999980e+01,-3.007223399999999991e+00,-4.019480899999999801e-01,7.121511400000000158e-01
1.318677600000000005e+01,-2.939925699999999864e+00,-2.287308500000000133e-01,6.245328199999999885e-01
1.331118700000000032e+01,-2.959282400000000202e+00,-3.343695099999999809e-01,6.666950600000000060e-01
1.329981500000000061e+01,-2.955159500000000161e+00,-3.579162399999999966e-01,6.554939199999999522e-01
1.350926699999999947e+01,-3.050262399999999818e+00,-4.401332399999999812e-01,7.510448899999999650e-01
1.349483200000000060e+01,-3.032973699999999884e+00,-4.793259999999999743e-01,7.299454800000000354e-01
1.350379099999999966e+01,-3.045291699999999935e+00,-4.195284400000000025e-01,7.651806100000000388e-01
1.353688700000000011e+01,-3.050136600000000087e+00,-4.464874699999999974e-01,7.589257000000000364e-01
1.352985699999999980e+01,-3.050834599999999952e+00,-5.076781200000000105e-01,7.525010199999999649e-01
1.349696600000000046e+01,-3.026318700000000028e+00,-4.205580700000000061e-01,7.498715700000000428e-01
1.344147000000000070e+01,-3.003608799999999857e+00,-4.803725300000000198e-01,6.920541500000000346e-01
1.336810499999999990e+01,-2.974816300000000080e+00,-3.430868000000000251e-01,6.903157399999999555e-01
1.336252900000000032e+01,-2.975759399999999832e+00,-3.436335899999999888e-01,6.957185399999999964e-01
1.338164300000000040e+01,-2.975803299999999929e+00,-3.356837500000000030e-01,6.941985999999999990e-01
1.341142100000000070e+01,-2.993279999999999941e+00,-4.349295899999999770e-01,7.026852700000000285e-01
1.340024900000000052e+01,-2.988860799999999873e+00,-4.276780900000000107e-01,6.835606300000000024e-01
1.327197299999999913e+01,-2.970630199999999999e+00,-2.459128299999999989e-01,6.583760199999999507e-01
1.338059699999999985e+01,-2.978049799999999969e+00,-4.311689799999999795e-01,6.629472600000000382e-01
1.339241400000000048e+01,-2.985561000000000131e+00,-3.468147799999999892e-01,7.107702799999999765e-01
1.341037000000000035e+01,-3.000245399999999840e+00,-3.455726599999999760e-01,7.174671500000000535e-01
1.342591400000000057e+01,-3.003428400000000220e+00,-3.530074100000000215e-01,7.241155299999999517e-01
1.336757500000000043e+01,-2.971477600000000052e+00,-3.919709299999999952e-01,6.800476500000000035e-01
1.335456100000000035e+01,-2.970036900000000202e+00,-3.154297899999999877e-01,6.985694399999999860e-01
1.334554699999999983e+01,-2.975754499999999858e+00,-3.478842699999999954e-01,6.791528599999999694e-01
1.334574300000000058e+01,-2.971378099999999911e+00,-3.467302099999999832e-01,6.852412500000000239e-01
1.336751300000000064e+01,-2.986883999999999872e+00,-3.426199699999999959e-01,6.651429700000000000e-01
1.337438500000000019e+01,-2.994227700000000159e+00,-3.399521699999999980e-01,6.618126300000000128e-01
1.337377200000000066e+01,-2.974531600000000164e+00,-3.886503000000000041e-01,6.719804499999999514e-01
1.345447500000000041e+01,-3.003540999999999794e+00,-3.974888899999999836e-01,7.251899000000000539e-01
1.344599999999999973e+01,-2.997744200000000081e+00,-4.329400199999999810e-01,7.086011100000000340e-01
1.343555399999999977e+01,-3.005493700000000157e+00,-4.304487900000000256e-01,7.096228700000000167e-01
1.344613700000000023e+01,-3.002813000000000176e+00,-4.241867899999999802e-01,7.089213199999999659e-01
1.335352899999999998e+01,-2.976753599999999889e+00,-3.095104699999999820e-01,6.999115700000000384e-01
1.344768200000000036e+01,-3.010997199999999818e+00,-4.509724399999999744e-01,7.071972600000000497e-01
1.346791600000000066e+01,-3.013338300000000025e+00,-4.580781700000000067e-01,7.220016999999999685e-01
1.335879699999999914e+01,-2.979598900000000050e+00,-3.544468299999999905e-01,6.924742000000000397e-01
1.340527600000000064e+01,-2.993897399999999820e+00,-3.495357299999999889e-01,7.270244099999999543e-01
1.335834599999999917e+01,-2.992356800000000039e+00,-3.132223000000000090e-01,7.004305299999999956e-01
1.337642899999999990e+01,-3.005317100000000075e+00,-2.668491199999999952e-01,7.154478499999999963e-01
1.337012600000000084e+01,-2.978903999999999996e+00,-3.133254200000000211e-01,7.343540100000000015e-01
1.339010299999999987e+01,-2.969955199999999795e+00,-3.516815699999999989e-01,7.055885499999999810e-01
1.336829200000000029e+01,-2.976785399999999804e+00,-3.445800900000000055e-01,7.131350499999999926e-01
1.336781500000000023e+01,-2.986354299999999906e+00,-3.325140999999999791e-01,6.996677199999999930e-01
1.335334199999999960e+01,-2.969213100000000161e+00,-3.775277100000000163e-01,6.937793799999999456e-01
1.335003000000000029e+01,-2.973836499999999994e+00,-3.822426400000000224e-01,6.911134899999999970e-01
1.337532500000000013e+01,-2.974177899999999930e+00,-3.702438699999999749e-01,6.860824199999999706e-01
1.338164800000000021e+01,-2.987345799999999940e+00,-3.818838099999999902e-01,6.842122200000000376e-01
1.338438499999999998e+01,-2.981390600000000113e+00,-4.051197799999999849e-01,6.766329300000000213e-01
1.336074200000000012e+01,-2.980219500000000021e+00,-3.341745500000000146e-01,6.933307899999999746e-01
1.328517599999999987e+01,-2.970980899999999814e+00,-2.040751600000000054e-01,6.861018399999999628e-01
1.330492100000000022e+01,-2.971585600000000049e+00,-2.233416599999999974e-01,6.851127399999999978e-01
1.341975799999999985e+01,-2.989774000000000154e+00,-4.977089000000000096e-01,6.750973900000000194e-01
1.341594899999999946e+01,-2.983817000000000164e+00,-4.730809100000000211e-01,6.713889800000000241e-01
1.340575499999999920e+01,-2.976524799999999971e+00,-4.797154000000000140e-01,6.770373499999999822e-01
1.339598699999999987e+01,-2.966222699999999879e+00,-4.762891000000000208e-01,6.726244200000000006e-01
1.341250900000000001e+01,-2.993547700000000145e+00,-3.794832699999999837e-01,7.112795800000000224e-01
1.342965200000000081e+01,-3.004066499999999973e+00,-4.296794999999999920e-01,7.027339599999999908e-01
1.322367900000000063e+01,-2.936602499999999782e+00,-2.942971699999999968e-01,6.287190299999999565e-01
1.329168800000000061e+01,-2.956960099999999869e+00,-3.019677100000000003e-01,6.524111599999999900e-01
1.321509299999999953e+01,-2.947974599999999779e+00,-2.660671199999999903e-01,6.301799200000000045e-01
1.339087499999999942e+01,-2.971325799999999795e+00,-3.890604899999999811e-01,6.897924800000000412e-01
1.333445900000000073e+01,-2.971173499999999912e+00,-2.768098500000000239e-01,6.840586499999999903e-01
1.334742699999999971e+01,-2.964813200000000037e+00,-3.263351600000000130e-01,6.816580700000000048e-01
1.329955400000000054e+01,-2.961653399999999881e+00,-3.611229400000000034e-01,6.486912299999999520e-01
1.350738800000000062e+01,-3.030834599999999934e+00,-4.045537699999999792e-01,7.615439699999999590e-01
1.331220500000000051e+01,-2.952053600000000166e+00,-3.673244099999999901e-01,6.612249700000000230e-01
1.330185499999999976e+01,-2.959025500000000086e+00,-3.319336399999999743e-01,6.690384600000000015e-01
1.329707499999999953e+01,-2.959911299999999912e+00,-3.258831600000000051e-01,6.693262399999999612e-01
1.323615599999999937e+01,-2.935026000000000135e+00,-3.460251200000000193e-01,6.239320099999999814e-01
1.324674500000000066e+01,-2.928145100000000056e+00,-3.458822100000000233e-01,6.345334400000000041e-01
1.314316200000000023e+01,-2.934849100000000099e+00,-2.818826300000000229e-01,5.950312599999999508e-01
1.321372200000000063e+01,-2.909797300000000142e+00,-2.974929099999999993e-01,6.270681900000000253e-01
1.353645900000000069e+01,-3.073658399999999791e+00,-4.128996500000000069e-01,7.798510300000000006e-01
1.322795600000000071e+01,-2.946887799999999835e+00,-2.302312099999999917e-01,6.410608899999999943e-01
1.328867299999999929e+01,-2.966878599999999810e+00,-2.528682700000000061e-01,6.742053700000000260e-01
1.332090400000000052e+01,-2.969367599999999996e+00,-2.617946500000000176e-01,6.863761800000000024e-01
1.330523499999999970e+01,-2.961325500000000055e+00,-2.854782299999999995e-01,6.737512100000000448e-01
1.330131800000000020e+01,-2.948755999999999933e+00,-3.733054199999999989e-01,6.464373399999999714e-01
1.330505800000000072e+01,-2.945305900000000143e+00,-3.736624800000000191e-01,6.466973099999999697e-01
1.329352599999999995e+01,-2.952237699999999965e+00,-3.696017200000000225e-01,6.387710300000000174e-01
1.312216300000000047e+01,-2.918112100000000098e+00,-2.212268199999999907e-01,6.057932299999999604e-01
1.321680899999999959e+01,-2.929514100000000010e+00,-2.605742899999999862e-01,6.383358700000000274e-01
1.337586800000000054e+01,-3.001324299999999834e+00,-3.758302800000000166e-01,6.756230899999999817e-01
1.337559000000000076e+01,-2.981853399999999876e+00,-3.716968600000000178e-01,6.836043800000000115e-01
1.329231099999999977e+01,-2.961439400000000166e+00,-2.832867900000000105e-01,6.660928600000000088e-01
1.321497800000000034e+01,-2.924199199999999887e+00,-2.918191199999999874e-01,6.166244899999999696e-01
1.317602300000000071e+01,-2.919078799999999863e+00,-2.712429299999999932e-01,6.295197700000000340e-01
1.322890499999999925e+01,-2.926177500000000098e+00,-2.610917300000000218e-01,6.292931999999999970e-01
1.341029699999999991e+01,-3.003953500000000165e+00,-3.539039399999999724e-01,7.112710599999999550e-01
1.339172499999999921e+01,-2.980452500000000171e+00,-3.830649400000000204e-01,7.064010499999999748e-01
1.341709200000000024e+01,-2.984136599999999806e+00,-3.582293500000000019e-01,7.056718699999999789e-01
1.340429800000000071e+01,-2.998453700000000222e+00,-3.812054200000000170e-01,7.148356999999999628e-01
1.341621199999999980e+01,-2.985528099999999796e+00,-3.795809099999999936e-01,7.180260299999999818e-01
1.339119999999999955e+01,-3.013927499999999871e+00,-3.426738699999999915e-01,6.946358200000000149e-01
1.344570900000000080e+01,-2.985893200000000025e+00,-4.023395599999999850e-01,7.333770200000000461e-01
1.342333999999999961e+01,-2.989833799999999986e+00,-3.888114300000000134e-01,7.250128000000000128e-01
1.343300600000000067e+01,-2.986223799999999873e+00,-4.003127499999999950e-01,7.327806300000000439e-01
1.337521899999999953e+01,-2.992993499999999862e+00,-4.373280700000000132e-01,6.538895000000000124e-01
1.337554199999999938e+01,-2.994399299999999986e+00,-4.370574600000000087e-01,6.526975600000000099e-01
1.337765800000000027e+01,-2.950576100000000146e+00,-4.316378799999999738e-01,6.865654300000000321e-01
1.337374699999999983e+01,-2.951442099999999957e+00,-4.239632400000000190e-01,6.833316799999999969e-01
1.318424500000000066e+01,-2.941082499999999822e+00,-2.041410499999999906e-01,6.368354899999999486e-01
1.321141599999999983e+01,-2.918343199999999804e+00,-3.321717900000000223e-01,6.142321099999999978e-01
1.344619699999999973e+01,-3.009785700000000119e+00,-3.506180400000000197e-01,7.407314499999999580e-01
1.348051599999999972e+01,-3.030974300000000010e+00,-3.765533699999999984e-01,7.516484100000000446e-01
1.345683700000000016e+01,-3.008756700000000173e+00,-4.445537500000000253e-01,7.166170600000000279e-01
1.328292199999999923e+01,-2.958842800000000217e+00,-2.835090499999999847e-01,6.544586300000000412e-01
1.326586700000000008e+01,-2.958839499999999845e+00,-2.781610299999999758e-01,6.619711700000000532e-01
1.343940699999999921e+01,-3.003487100000000076e+00,-4.130128499999999869e-01,6.893788199999999478e-01
1.326953999999999922e+01,-2.958861699999999928e+00,-2.754694300000000151e-01,6.373798699999999595e-01
1.326253900000000030e+01,-2.957024500000000167e+00,-2.787625499999999978e-01,6.432036800000000554e-01
1.321673200000000037e+01,-2.927444400000000169e+00,-2.512909099999999785e-01,6.324648099999999884e-01
1.318957200000000007e+01,-2.937134700000000098e+00,-2.487859500000000057e-01,6.284615399999999852e-01
1.326265000000000072e+01,-2.949848799999999827e+00,-3.081732400000000149e-01,6.389465800000000417e-01
1.327611500000000078e+01,-2.938464600000000093e+00,-3.309500799999999798e-01,6.484277400000000302e-01
1.314358099999999929e+01,-2.935394300000000012e+00,-2.384564899999999932e-01,6.022954400000000152e-01
1.312186499999999967e+01,-2.912821899999999964e+00,-2.546009900000000270e-01,5.937417600000000073e-01
1.317523899999999948e+01,-2.939045500000000199e+00,-2.491533900000000024e-01,6.224165400000000181e-01
1.316198200000000007e+01,-2.927443900000000099e+00,-2.648683000000000010e-01,6.135654299999999672e-01
1.318634400000000007e+01,-2.930740399999999912e+00,-2.592047699999999733e-01,6.121421500000000515e-01
1.324892400000000059e+01,-2.937346900000000094e+00,-3.005682599999999760e-01,6.454994499999999746e-01
1.320566299999999949e+01,-2.944907800000000186e+00,-2.484334900000000068e-01,6.252315800000000090e-01
1.317286099999999927e+01,-2.938963199999999887e+00,-2.104372800000000043e-01,6.289391500000000024e-01
1.333059100000000008e+01,-2.976804200000000122e+00,-3.493186400000000136e-01,6.741795299999999713e-01
1.335174400000000006e+01,-2.974210199999999915e+00,-3.625641600000000242e-01,6.716104800000000097e-01
1.334879399999999983e+01,-2.977357000000000031e+00,-3.508214000000000055e-01,6.793247000000000035e-01
1.334917800000000021e+01,-2.959448000000000079e+00,-3.863554699999999786e-01,6.608406700000000189e-01
1.319418300000000066e+01,-2.916336300000000215e+00,-2.707230999999999943e-01,6.314355200000000279e-01
1.350700400000000023e+01,-3.045871700000000182e+00,-4.634176700000000038e-01,7.568893899999999952e-01
1.356751799999999974e+01,-3.075840700000000094e+00,-4.825576400000000099e-01,7.803998899999999850e-01
1.363372299999999981e+01,-3.113986699999999885e+00,-5.307819599999999971e-01,8.274942699999999762e-01
1.363287200000000077e+01,-3.114449200000000140e+00,-5.331949900000000353e-01,8.297554099999999710e-01
1.344016300000000008e+01,-2.998073300000000163e+00,-4.519875500000000157e-01,7.154323500000000502e-01
1.329678999999999967e+01,-2.974843299999999857e+00,-2.954046799999999751e-01,6.684129899999999846e-01
1.350271099999999969e+01,-3.028242200000000217e+00,-4.634459799999999796e-01,7.244777100000000525e-01
1.349005999999999972e+01,-3.029181100000000182e+00,-4.622630300000000192e-01,7.245009700000000219e-01
1.348775000000000013e+01,-3.034339699999999862e+00,-4.612609699999999924e-01,7.305821300000000518e-01
1.340868900000000075e+01,-2.981256099999999964e+00,-4.176653799999999750e-01,6.959653799999999668e-01
1.354094599999999993e+01,-3.066376700000000177e+00,-4.311669000000000196e-01,7.804107099999999519e-01
1.341151499999999963e+01,-2.999672700000000081e+00,-4.213070700000000057e-01,7.022559200000000335e-01
1.342304999999999993e+01,-2.998219300000000143e+00,-4.153891800000000245e-01,7.030540800000000257e-01
1.354369999999999941e+01,-3.057894300000000065e+00,-4.253947399999999934e-01,7.856273799999999863e-01
1.355322100000000063e+01,-3.062628800000000151e+00,-4.466347099999999903e-01,7.799748600000000476e-01
1.354335900000000059e+01,-3.063141900000000195e+00,-4.448322499999999846e-01,7.830434299999999848e-01
1.341591999999999985e+01,-2.992040199999999928e+00,-4.253273900000000274e-01,7.005908199999999475e-01
1.346339799999999975e+01,-3.011058300000000187e+00,-4.521454599999999990e-01,7.151449699999999909e-01
1.345156199999999913e+01,-3.009845900000000185e+00,-3.335730199999999979e-01,7.428311699999999851e-01
1.346175799999999967e+01,-3.009330799999999861e+00,-3.278082600000000180e-01,7.377743599999999624e-01
1.331537299999999924e+01,-2.973394100000000151e+00,-3.323586499999999777e-01,6.744014999999999871e-01
1.336780700000000088e+01,-2.963153800000000171e+00,-3.166220000000000145e-01,7.024130100000000043e-01
1.331497700000000073e+01,-2.962511999999999812e+00,-3.841008699999999831e-01,6.394733700000000409e-01
1.331920200000000065e+01,-2.936385800000000046e+00,-3.585631300000000077e-01,6.645782500000000370e-01
1.334122699999999995e+01,-2.999793100000000212e+00,-2.754048499999999788e-01,6.930510100000000229e-01
1.332877200000000073e+01,-2.960625900000000144e+00,-3.182471399999999839e-01,6.886787599999999454e-01
1.336508500000000055e+01,-2.988230199999999837e+00,-3.152838199999999924e-01,6.890774299999999908e-01
1.338293099999999924e+01,-2.977481500000000114e+00,-3.609678700000000240e-01,6.962286100000000255e-01
1.344092299999999973e+01,-3.003403099999999881e+00,-3.941979800000000034e-01,7.170286399999999949e-01
1.343826100000000068e+01,-3.005048100000000222e+00,-4.278152299999999908e-01,7.075519099999999506e-01
1.336303299999999972e+01,-2.974031399999999881e+00,-3.929710000000000147e-01,6.861673499999999537e-01
1.337578700000000076e+01,-2.985598299999999927e+00,-3.790310100000000015e-01,6.727585299999999657e-01
1.341014599999999923e+01,-2.987293600000000104e+00,-3.816318200000000105e-01,7.075091100000000521e-01
1.340730800000000045e+01,-3.001938099999999832e+00,-3.361757100000000165e-01,7.240149399999999957e-01
1.342240600000000050e+01,-2.987593899999999802e+00,-4.045807200000000048e-01,7.007510500000000420e-01
1.341699999999999982e+01,-2.991461900000000007e+00,-3.927311099999999944e-01,7.278130400000000222e-01
1.327985199999999999e+01,-2.926565999999999779e+00,-3.042913899999999949e-01,6.553592099999999698e-01
1.313601899999999922e+01,-2.932115500000000097e+00,-2.660721099999999728e-01,5.907331200000000004e-01
1.314390900000000073e+01,-2.920297600000000049e+00,-2.381330100000000061e-01,6.084410799999999675e-01
1.315814999999999912e+01,-2.913675800000000038e+00,-2.345871900000000010e-01,6.197253099999999737e-01
1.321845800000000004e+01,-2.958138700000000121e+00,-2.596055800000000024e-01,6.294323699999999633e-01
1.325639400000000023e+01,-2.948946600000000196e+00,-2.073873099999999914e-01,6.775610399999999478e-01
1.322294699999999956e+01,-2.976171900000000203e+00,-2.464802799999999960e-01,6.289509699999999981e-01
1.322007900000000014e+01,-2.980037100000000105e+00,-2.480867999999999962e-01,6.304380600000000223e-01
1.321270299999999942e+01,-2.902169900000000080e+00,-2.702670300000000192e-01,6.371159800000000262e-01
1.345342199999999977e+01,-3.002041800000000205e+00,-4.075117100000000270e-01,7.469397399999999632e-01
1.346759199999999979e+01,-2.998777399999999815e+00,-4.000914500000000151e-01,7.479533900000000513e-01
1.344537000000000049e+01,-3.003429399999999916e+00,-4.005348799999999820e-01,7.546899700000000433e-01
1.348384599999999978e+01,-3.003360300000000205e+00,-3.863586199999999860e-01,7.479798500000000017e-01
1.344627000000000017e+01,-3.022261900000000168e+00,-4.045859099999999930e-01,7.430823500000000026e-01
1.346646600000000049e+01,-3.028788599999999942e+00,-3.968328500000000147e-01,7.273579599999999701e-01
1.351805799999999991e+01,-3.034766199999999969e+00,-4.200498300000000129e-01,7.753117400000000270e-01
1.351964300000000030e+01,-3.038620700000000063e+00,-4.196827399999999986e-01,7.749650999999999623e-01
1.351259100000000046e+01,-3.036741199999999807e+00,-4.288344000000000045e-01,7.720340399999999770e-01
1.338589499999999965e+01,-2.970313599999999887e+00,-4.029045900000000069e-01,6.902517599999999920e-01
1.339909399999999984e+01,-3.008730200000000021e+00,-3.225736100000000106e-01,7.104188099999999562e-01
1.341670799999999986e+01,-2.999505599999999994e+00,-3.332615299999999725e-01,7.180419999999999581e-01
1.340762800000000077e+01,-2.991064900000000026e+00,-3.478424099999999908e-01,7.173079799999999562e-01
1.349568900000000049e+01,-3.019901400000000180e+00,-4.753175399999999828e-01,7.207547399999999493e-01
1.350170999999999921e+01,-3.020421799999999823e+00,-4.695817199999999803e-01,7.220090500000000411e-01
1.350382600000000011e+01,-3.022078299999999995e+00,-4.652504900000000165e-01,7.221615500000000409e-01
1.339843800000000051e+01,-3.000705899999999815e+00,-3.331131299999999795e-01,7.190122899999999984e-01
1.339658499999999997e+01,-2.990956600000000076e+00,-2.967658599999999924e-01,7.199624100000000526e-01
1.338922699999999999e+01,-2.987101700000000193e+00,-3.553612700000000069e-01,6.937588199999999983e-01
1.331499999999999950e+01,-2.970367700000000166e+00,-2.762365299999999801e-01,6.908647799999999561e-01
1.331847100000000061e+01,-2.965100899999999928e+00,-2.653718700000000097e-01,6.752671599999999774e-01
1.330352000000000068e+01,-2.969587199999999871e+00,-2.714763900000000119e-01,6.743877900000000425e-01
1.331051899999999932e+01,-2.952978799999999904e+00,-2.926164099999999935e-01,6.763354400000000100e-01
1.331711800000000068e+01,-2.948333600000000221e+00,-3.201749999999999874e-01,6.784648599999999474e-01
1.340640199999999993e+01,-2.977834000000000092e+00,-3.928161499999999751e-01,7.101807799999999560e-01
1.332517299999999949e+01,-2.970315799999999840e+00,-3.483583000000000096e-01,6.604399800000000376e-01
1.317660099999999979e+01,-2.947591800000000095e+00,-2.462434000000000012e-01,6.104928699999999653e-01
1.318204799999999999e+01,-2.922101000000000059e+00,-2.602390500000000273e-01,6.194882600000000128e-01
1.319042699999999968e+01,-2.897601499999999941e+00,-2.819233099999999825e-01,6.278430999999999873e-01
1.318392899999999912e+01,-2.941723200000000205e+00,-3.109766199999999814e-01,6.000620100000000345e-01
1.317974800000000002e+01,-2.928941899999999876e+00,-2.997518200000000022e-01,6.004039700000000090e-01
1.332558700000000051e+01,-2.978761299999999945e+00,-3.070884400000000181e-01,6.755769400000000147e-01
1.334098400000000062e+01,-2.953400699999999990e+00,-3.701110899999999759e-01,6.633616799999999536e-01
1.342331599999999980e+01,-3.004124899999999876e+00,-3.578850100000000034e-01,7.173358499999999971e-01
1.351584700000000083e+01,-3.058467799999999848e+00,-4.665840900000000069e-01,7.417464599999999963e-01
1.322363799999999934e+01,-2.922210499999999822e+00,-3.171195299999999828e-01,6.247014300000000020e-01
1.359842300000000037e+01,-3.090176200000000151e+00,-5.348131999999999886e-01,7.899602700000000199e-01
1.364292599999999922e+01,-3.127009600000000056e+00,-5.550939299999999577e-01,8.140153100000000475e-01
1.323307100000000069e+01,-2.931501700000000099e+00,-3.063603799999999877e-01,6.307211999999999819e-01
1.322064400000000006e+01,-2.926494499999999999e+00,-3.079585100000000186e-01,6.392787500000000067e-01
1.324440899999999921e+01,-2.930002700000000182e+00,-2.557037300000000180e-01,6.412209700000000012e-01
1.317692500000000067e+01,-2.945736600000000038e+00,-2.474146600000000085e-01,6.249066599999999472e-01
1.317680599999999913e+01,-2.941889300000000151e+00,-2.394154400000000071e-01,6.230743600000000493e-01
1.327670499999999976e+01,-2.949474599999999835e+00,-3.225802400000000181e-01,6.383200500000000277e-01
1.342775199999999991e+01,-3.010556300000000185e+00,-3.500491499999999756e-01,7.434562399999999904e-01
1.343282499999999935e+01,-3.000461000000000045e+00,-3.771692200000000272e-01,7.107961699999999494e-01
1.363031100000000073e+01,-3.109361999999999959e+00,-5.417270800000000275e-01,8.055788200000000288e-01
1.359426099999999948e+01,-3.089856099999999994e+00,-5.171135100000000540e-01,7.856073700000000271e-01
1.344537500000000030e+01,-3.013478999999999797e+00,-3.807598700000000003e-01,7.279480200000000290e-01
1.347604600000000019e+01,-3.039088299999999965e+00,-3.815710099999999882e-01,7.233764099999999697e-01
1.345691099999999985e+01,-3.027597000000000094e+00,-3.999872400000000217e-01,7.289310399999999746e-01
1.325109800000000071e+01,-2.941918300000000208e+00,-3.305806399999999812e-01,6.240592299999999648e-01
1.325554999999999950e+01,-2.931042800000000170e+00,-3.311674600000000246e-01,6.424841300000000421e-01
1.334751100000000079e+01,-2.966815200000000097e+00,-3.577628900000000001e-01,6.895063000000000164e-01
1.338277700000000081e+01,-2.998167399999999816e+00,-3.176250400000000251e-01,7.090403400000000467e-01
1.339177500000000087e+01,-2.991232300000000066e+00,-3.366072900000000034e-01,7.139771599999999996e-01
1.340308699999999931e+01,-2.983296499999999796e+00,-3.395364100000000107e-01,7.271433600000000164e-01
1.337195299999999953e+01,-3.006575799999999798e+00,-3.198063800000000012e-01,7.131756700000000393e-01
1.338744100000000081e+01,-3.003399899999999789e+00,-3.126712400000000169e-01,7.102858699999999859e-01
1.339985800000000005e+01,-3.011751900000000148e+00,-3.094407599999999814e-01,7.027837200000000006e-01
1.340054600000000029e+01,-2.996909500000000115e+00,-2.934052100000000274e-01,7.376184000000000074e-01
1.344472799999999957e+01,-3.009014099999999914e+00,-3.601250899999999810e-01,7.416886700000000499e-01
1.337414700000000067e+01,-3.000281399999999987e+00,-3.459939699999999840e-01,6.859058099999999492e-01
1.337466599999999950e+01,-2.983833600000000086e+00,-3.544093400000000171e-01,6.882410599999999601e-01
1.330062299999999986e+01,-2.950044800000000134e+00,-3.526011099999999954e-01,6.518761699999999770e-01
1.330276100000000028e+01,-2.953694200000000158e+00,-3.448362200000000266e-01,6.484872900000000495e-01
1.312954500000000024e+01,-2.930355399999999833e+00,-2.352716900000000055e-01,6.005207399999999973e-01
1.314742799999999967e+01,-2.922430400000000095e+00,-2.327803499999999970e-01,6.052276500000000059e-01
1.336658399999999958e+01,-2.983496999999999844e+00,-2.886380000000000057e-01,7.023739500000000247e-01
1.341508999999999929e+01,-2.982839199999999913e+00,-3.906008599999999942e-01,7.150956800000000113e-01
1.340877300000000005e+01,-2.990442900000000126e+00,-3.963809200000000255e-01,7.009799599999999575e-01
1.338267699999999927e+01,-2.979714899999999833e+00,-3.924973999999999963e-01,6.762440800000000252e-01
1.339293499999999959e+01,-2.974661100000000058e+00,-4.238859600000000061e-01,6.753364099999999981e-01
1.337426699999999968e+01,-2.961311999999999944e+00,-4.554753400000000063e-01,6.817233000000000320e-01
1.341066099999999928e+01,-2.978059599999999918e+00,-4.362468500000000193e-01,6.686833199999999700e-01
1.352625300000000053e+01,-3.058769100000000130e+00,-3.994623400000000268e-01,7.907042499999999974e-01
1.354359900000000039e+01,-3.054306400000000199e+00,-3.970473299999999761e-01,7.954851899999999532e-01
1.323505399999999987e+01,-2.945905000000000218e+00,-2.543998299999999935e-01,6.411845800000000040e-01
1.321889700000000012e+01,-2.953940799999999811e+00,-2.553453299999999815e-01,6.396772400000000358e-01
1.323644200000000026e+01,-2.965206999999999926e+00,-2.834447600000000178e-01,6.211900500000000491e-01
1.322881100000000032e+01,-2.958037000000000027e+00,-2.522299599999999753e-01,6.375691799999999576e-01
1.327702099999999952e+01,-2.938381099999999968e+00,-3.324223000000000039e-01,6.522721900000000295e-01
1.326910999999999952e+01,-2.941318700000000064e+00,-3.368451800000000218e-01,6.528188200000000219e-01
1.327330500000000058e+01,-2.947908899999999832e+00,-3.324350600000000044e-01,6.486307399999999834e-01
1.329290800000000061e+01,-2.946268499999999957e+00,-3.114807399999999782e-01,6.493811499999999626e-01
1.338791600000000059e+01,-3.009368799999999844e+00,-2.686457199999999768e-01,7.110821499999999684e-01
1.337418000000000085e+01,-3.005949000000000204e+00,-2.842358700000000016e-01,7.151133499999999810e-01
1.340221400000000074e+01,-3.006956000000000184e+00,-2.754834400000000239e-01,7.430431299999999961e-01
1.339359999999999928e+01,-3.000758900000000118e+00,-2.803266600000000053e-01,7.345638799999999469e-01
1.326665500000000009e+01,-2.933226299999999842e+00,-3.271093199999999812e-01,6.392729600000000012e-01
1.342983800000000016e+01,-2.996578700000000151e+00,-3.530306999999999751e-01,7.274459500000000078e-01
1.322377299999999956e+01,-2.936130400000000140e+00,-3.227914499999999798e-01,6.146222799999999653e-01
1.324389700000000047e+01,-2.920505299999999860e+00,-3.588649700000000053e-01,6.260705899999999824e-01
1.326170199999999966e+01,-2.961729800000000079e+00,-2.725896199999999769e-01,6.489295699999999556e-01
1.315989700000000084e+01,-2.933862099999999806e+00,-2.707312800000000186e-01,6.001911100000000276e-01
1.317010499999999951e+01,-2.937166799999999967e+00,-2.941152100000000158e-01,5.999063399999999824e-01
1.338403199999999948e+01,-2.962722700000000042e+00,-3.667614799999999731e-01,6.987806800000000429e-01
1.340295000000000059e+01,-2.975608799999999832e+00,-3.722382000000000191e-01,7.073096399999999617e-01
1.319306399999999968e+01,-2.940682999999999936e+00,-2.349876200000000082e-01,6.326932600000000351e-01
1.321292399999999922e+01,-2.926944799999999791e+00,-2.424003499999999867e-01,6.355370000000000186e-01
1.320213999999999999e+01,-2.916576399999999847e+00,-2.998766099999999879e-01,6.241957999999999673e-01
1.314855599999999924e+01,-2.933837299999999981e+00,-2.489061999999999941e-01,5.975538500000000530e-01
1.329263500000000064e+01,-2.939089899999999922e+00,-3.324586800000000064e-01,6.621055099999999527e-01
1.345094399999999979e+01,-2.997051900000000213e+00,-4.086445499999999953e-01,7.323335499999999998e-01
1.345985899999999980e+01,-2.998612500000000125e+00,-4.227827299999999955e-01,7.269803500000000529e-01
1.346231299999999997e+01,-3.011119299999999832e+00,-3.986787900000000051e-01,7.288407799999999659e-01
1.339989399999999975e+01,-2.986697599999999841e+00,-3.269817400000000207e-01,7.118394000000000110e-01
1.346134299999999939e+01,-3.017423400000000200e+00,-4.121521699999999844e-01,7.399271899999999569e-01
1.337852799999999931e+01,-2.979837299999999800e+00,-3.792300200000000010e-01,6.945703800000000427e-01
1.340856100000000062e+01,-2.985221500000000194e+00,-4.606914400000000076e-01,6.723104100000000249e-01
1.341084999999999994e+01,-2.981929200000000169e+00,-4.875645399999999907e-01,6.710269599999999501e-01
1.343683099999999975e+01,-3.002415599999999962e+00,-4.849610899999999836e-01,6.880693900000000029e-01
1.344269099999999995e+01,-3.002493499999999926e+00,-4.440626999999999769e-01,6.984899900000000050e-01
1.341777199999999937e+01,-2.983365800000000068e+00,-4.455678599999999823e-01,7.079394399999999754e-01
1.349374399999999952e+01,-3.015508599999999984e+00,-4.109149000000000274e-01,7.600121600000000477e-01
1.347808000000000028e+01,-3.028706699999999863e+00,-3.968563700000000138e-01,7.526776800000000156e-01
1.356929500000000033e+01,-3.075948799999999927e+00,-5.238127299999999487e-01,7.732563000000000075e-01
1.358250499999999938e+01,-3.082891300000000001e+00,-4.756477299999999908e-01,8.094935899999999851e-01
1.328190400000000082e+01,-2.954722999999999988e+00,-3.392456899999999886e-01,6.313252299999999595e-01
1.326162799999999997e+01,-2.928678500000000184e+00,-3.482054700000000169e-01,6.421488100000000143e-01
1.330227900000000041e+01,-2.979548900000000167e+00,-3.078907000000000171e-01,6.662274799999999830e-01
1.318112099999999920e+01,-2.923297199999999929e+00,-3.510796199999999812e-01,5.962137899999999657e-01
1.325610999999999962e+01,-2.961919400000000202e+00,-1.993716700000000008e-01,6.838826500000000363e-01
1.330780500000000011e+01,-2.957515499999999964e+00,-2.940912099999999918e-01,6.765059100000000436e-01
1.328534600000000054e+01,-2.957674200000000031e+00,-2.594721799999999967e-01,6.592494199999999749e-01
1.328834299999999935e+01,-2.958245400000000025e+00,-2.595671800000000085e-01,6.681338199999999894e-01
1.343688900000000075e+01,-3.002404600000000201e+00,-4.090124700000000169e-01,7.149507200000000395e-01
1.342138500000000079e+01,-2.986220799999999898e+00,-4.363955999999999946e-01,6.948848600000000486e-01
1.338510699999999964e+01,-2.980512800000000073e+00,-4.121622500000000078e-01,6.712128099999999931e-01
1.361580599999999919e+01,-3.104209599999999902e+00,-4.632208199999999776e-01,8.227181000000000077e-01
1.360223200000000077e+01,-3.110879000000000172e+00,-4.571019100000000002e-01,8.410836900000000504e-01
1.358829599999999971e+01,-3.093494800000000211e+00,-4.393553000000000042e-01,8.306407799999999675e-01
1.352100399999999958e+01,-3.055695000000000050e+00,-4.267446200000000189e-01,7.810754800000000442e-01
1.352574800000000010e+01,-3.063288399999999800e+00,-4.096176300000000103e-01,7.726703000000000321e-01
1.354605600000000010e+01,-3.062510200000000182e+00,-4.704432900000000140e-01,7.741714200000000545e-01
1.335424800000000012e+01,-2.975380499999999984e+00,-3.456326599999999805e-01,6.849405800000000211e-01
1.337220300000000073e+01,-2.977365999999999957e+00,-3.777512499999999829e-01,6.870635899999999463e-01
1.345184300000000022e+01,-3.011600699999999797e+00,-3.832703299999999924e-01,7.422334000000000431e-01
1.334682500000000083e+01,-2.969008899999999951e+00,-3.962011100000000230e-01,6.647653900000000116e-01
1.349565600000000032e+01,-3.032488900000000154e+00,-3.883715999999999835e-01,7.650054699999999652e-01
1.341009599999999935e+01,-2.991586799999999879e+00,-3.924408300000000183e-01,7.162902199999999775e-01
1.339080700000000057e+01,-2.993895000000000195e+00,-3.689441399999999760e-01,6.911821200000000109e-01
1.338207399999999936e+01,-2.983747500000000219e+00,-3.403277699999999739e-01,6.982351999999999448e-01
1.335541599999999995e+01,-2.979947399999999913e+00,-2.842622300000000046e-01,6.893696400000000057e-01
1.332101800000000047e+01,-2.985056399999999943e+00,-2.647891600000000234e-01,6.946734700000000151e-01
1.328920500000000082e+01,-2.944191000000000003e+00,-3.440178400000000192e-01,6.624286999999999814e-01
1.329825100000000049e+01,-2.942997300000000038e+00,-3.361396899999999910e-01,6.617482000000000086e-01
1.322391499999999986e+01,-2.952202100000000051e+00,-2.728241299999999980e-01,6.453759999999999497e-01
1.357840599999999931e+01,-3.078492600000000134e+00,-4.699540799999999963e-01,7.797720700000000393e-01
1.343691500000000083e+01,-2.999205299999999852e+00,-3.611188799999999754e-01,7.160601199999999666e-01
1.344194599999999973e+01,-2.998540300000000158e+00,-3.638878099999999782e-01,7.166890599999999889e-01
1.339550700000000028e+01,-3.003300700000000045e+00,-3.706098099999999840e-01,7.113677800000000051e-01
1.345549699999999937e+01,-3.006688399999999817e+00,-4.552486499999999769e-01,7.138800199999999485e-01
1.315806899999999935e+01,-2.921924100000000024e+00,-2.614997700000000203e-01,6.083345399999999792e-01
1.335598099999999988e+01,-2.970697299999999874e+00,-3.331509000000000276e-01,6.900109599999999510e-01
1.351097999999999999e+01,-3.032694900000000082e+00,-4.841382900000000267e-01,7.357067499999999649e-01
1.351041099999999950e+01,-3.045151800000000186e+00,-4.226757600000000115e-01,7.638863299999999468e-01
1.314992900000000020e+01,-2.920885199999999848e+00,-2.430376800000000059e-01,6.114967199999999936e-01
1.322725200000000001e+01,-2.948627399999999898e+00,-2.551819900000000252e-01,6.323611999999999567e-01
1.344980900000000013e+01,-2.992938800000000121e+00,-3.650748300000000168e-01,7.371929799999999977e-01
1.346451300000000018e+01,-2.991330099999999881e+00,-3.676569900000000168e-01,7.386891300000000271e-01
1.347307499999999969e+01,-3.015239999999999920e+00,-4.348985400000000001e-01,7.005511199999999716e-01
1.344813399999999959e+01,-3.016840800000000211e+00,-4.470302600000000126e-01,7.053947200000000306e-01
1.318610400000000027e+01,-2.949145199999999800e+00,-2.071156899999999912e-01,6.268002099999999688e-01
1.316825399999999924e+01,-2.946675299999999886e+00,-2.052791099999999869e-01,6.372706599999999888e-01
1.319542000000000037e+01,-2.917056500000000163e+00,-2.073572399999999982e-01,6.480646300000000304e-01
1.319433199999999928e+01,-2.911930900000000211e+00,-2.205179300000000009e-01,6.545718499999999551e-01
1.316612800000000050e+01,-2.916221800000000197e+00,-2.106908500000000128e-01,6.361589199999999611e-01
1.342517199999999988e+01,-2.982047999999999810e+00,-3.417427699999999735e-01,7.429379799999999978e-01
1.340225599999999950e+01,-2.999296800000000207e+00,-3.384542400000000173e-01,7.184507999999999450e-01
1.332428299999999943e+01,-2.962317099999999925e+00,-3.329447899999999905e-01,6.635110800000000308e-01
1.333615900000000032e+01,-2.963414499999999840e+00,-3.222080399999999734e-01,6.633021799999999635e-01
1.333727400000000074e+01,-2.975434799999999935e+00,-3.269802299999999828e-01,6.703549399999999547e-01
1.341990000000000016e+01,-3.012757699999999872e+00,-3.892411499999999802e-01,7.075130299999999872e-01
1.335317700000000052e+01,-2.972713900000000020e+00,-3.647541300000000097e-01,6.649796999999999514e-01
1.329439499999999974e+01,-2.969166700000000159e+00,-3.121025399999999839e-01,6.603269899999999470e-01
1.331625900000000051e+01,-2.956964500000000218e+00,-2.892795899999999754e-01,6.830535300000000198e-01
1.331225799999999992e+01,-2.967805600000000155e+00,-3.264240400000000264e-01,6.598529300000000042e-01
1.335022599999999926e+01,-2.963084799999999852e+00,-3.223005999999999927e-01,6.957188600000000500e-01
1.332909100000000002e+01,-2.950673300000000054e+00,-3.166779599999999806e-01,6.873430499999999554e-01
1.329959799999999959e+01,-2.957349499999999853e+00,-3.532410000000000272e-01,6.482881200000000232e-01
1.331188099999999963e+01,-2.955958600000000214e+00,-3.206776100000000018e-01,6.630397399999999886e-01
1.342058800000000041e+01,-2.990695399999999893e+00,-3.670894900000000183e-01,7.140795199999999676e-01
1.342502900000000032e+01,-2.990165199999999857e+00,-3.587831799999999793e-01,7.178868499999999653e-01
1.341225400000000079e+01,-2.978765500000000177e+00,-4.095724600000000271e-01,7.171994499999999606e-01
1.341097399999999951e+01,-3.013292400000000093e+00,-3.623401500000000275e-01,7.091902599999999612e-01
1.344413600000000031e+01,-2.995788999999999813e+00,-3.973162700000000269e-01,7.346366800000000419e-01
1.331272500000000036e+01,-2.948111400000000160e+00,-3.511661899999999892e-01,6.796104099999999981e-01
1.333492099999999958e+01,-2.952715200000000095e+00,-3.489613400000000087e-01,6.683270399999999833e-01
1.339203999999999972e+01,-2.977422400000000025e+00,-3.233814300000000252e-01,7.086734700000000275e-01
1.336680699999999966e+01,-2.985259000000000107e+00,-3.619815299999999958e-01,6.814184500000000089e-01
1.336716799999999949e+01,-2.982548200000000094e+00,-3.767500300000000135e-01,6.777831600000000511e-01
1.341594199999999937e+01,-2.990692800000000151e+00,-3.669654600000000211e-01,7.197686699999999993e-01
1.339444800000000058e+01,-2.986361200000000160e+00,-3.307165200000000138e-01,7.154629599999999812e-01
1.350405699999999953e+01,-3.038934100000000083e+00,-4.681057699999999766e-01,7.336804799999999682e-01
1.350688300000000019e+01,-3.030566799999999894e+00,-4.737065899999999830e-01,7.433625699999999448e-01
1.339282099999999964e+01,-2.988553700000000202e+00,-3.376809399999999850e-01,7.100060799999999839e-01
1.339968299999999957e+01,-2.985419100000000103e+00,-3.374314999999999953e-01,7.058284500000000516e-01
1.333377899999999983e+01,-2.968086299999999955e+00,-2.980835199999999907e-01,6.896625699999999748e-01
1.334941300000000020e+01,-2.956466300000000214e+00,-2.785309999999999730e-01,7.138402200000000253e-01
1.334540400000000027e+01,-2.945953400000000055e+00,-2.697026399999999935e-01,7.236140699999999981e-01
1.335426999999999964e+01,-2.956106999999999818e+00,-2.901478499999999849e-01,7.113909899999999453e-01
1.335269699999999915e+01,-2.998258600000000218e+00,-3.459495399999999998e-01,6.704975100000000188e-01
1.335395300000000063e+01,-2.989059300000000086e+00,-3.446500699999999751e-01,6.707803300000000357e-01
1.335797699999999999e+01,-2.986698699999999818e+00,-3.548518900000000031e-01,6.786170000000000258e-01
1.344553800000000088e+01,-3.016729300000000169e+00,-3.890745899999999979e-01,7.139145500000000366e-01
1.330440300000000065e+01,-2.948319300000000087e+00,-3.073590199999999828e-01,6.660065600000000252e-01
1.356341699999999939e+01,-3.079144499999999951e+00,-5.006718999999999475e-01,7.788334799999999669e-01
1.351408699999999996e+01,-3.047484299999999813e+00,-5.103511099999999967e-01,7.481887299999999685e-01
1.325297800000000059e+01,-2.935047500000000031e+00,-3.529861000000000248e-01,6.303519600000000445e-01
1.326821699999999993e+01,-2.950284400000000140e+00,-3.260448300000000077e-01,6.343433200000000438e-01
1.329205600000000054e+01,-2.950293900000000136e+00,-3.209423000000000137e-01,6.311539299999999741e-01
1.331721199999999961e+01,-2.949223499999999998e+00,-2.645939400000000274e-01,6.760350000000000525e-01
1.327988999999999997e+01,-2.947027600000000191e+00,-2.869320499999999940e-01,6.739719800000000260e-01
1.339821899999999921e+01,-3.000757800000000142e+00,-3.474214199999999808e-01,7.160846299999999998e-01
1.343116000000000021e+01,-2.984862999999999822e+00,-4.480858799999999920e-01,6.937610499999999902e-01
1.353020899999999926e+01,-3.037139100000000091e+00,-4.217828800000000267e-01,7.838712100000000405e-01
1.351389999999999958e+01,-3.053093099999999893e+00,-4.227939000000000003e-01,7.715434100000000406e-01
1.331290199999999935e+01,-2.952898699999999987e+00,-3.897572999999999732e-01,6.493203600000000408e-01
1.335355299999999978e+01,-2.985782799999999959e+00,-3.791143599999999836e-01,6.742076200000000075e-01
1.353304100000000076e+01,-3.060790200000000016e+00,-4.582210700000000081e-01,7.750810299999999486e-01
1.362013199999999991e+01,-3.103781899999999982e+00,-5.435380899999999738e-01,7.848022300000000451e-01
1.360518899999999931e+01,-3.088747399999999921e+00,-5.540045999999999582e-01,7.828199399999999919e-01
1.360992500000000049e+01,-3.091015800000000091e+00,-5.544083499999999942e-01,7.770713799999999782e-01
1.332613699999999923e+01,-2.958136999999999794e+00,-3.375060100000000229e-01,6.658266000000000462e-01
1.332140399999999936e+01,-2.954399399999999787e+00,-3.505072699999999819e-01,6.693865399999999743e-01
1.331798399999999916e+01,-2.945665299999999931e+00,-3.739480199999999921e-01,6.616396199999999839e-01
1.333878200000000014e+01,-2.948802699999999888e+00,-3.584868800000000078e-01,6.733130999999999977e-01
1.330635000000000012e+01,-2.973023799999999994e+00,-2.803472100000000133e-01,6.778169000000000555e-01
1.358392199999999939e+01,-3.074520500000000212e+00,-5.091493099999999661e-01,7.877107800000000548e-01
1.357828899999999983e+01,-3.069719500000000156e+00,-5.105032499999999640e-01,7.906161900000000520e-01
1.351279800000000009e+01,-3.055277499999999868e+00,-4.364166400000000223e-01,7.648335899999999521e-01
1.351889599999999980e+01,-3.050727199999999861e+00,-4.337756500000000126e-01,7.625026700000000490e-01
1.350646099999999983e+01,-3.042546100000000031e+00,-4.525744899999999959e-01,7.511162599999999800e-01
1.330371300000000012e+01,-2.949308600000000169e+00,-3.337719699999999734e-01,6.485224200000000438e-01
1.344572299999999920e+01,-3.011172000000000182e+00,-4.063193999999999972e-01,7.276916199999999835e-01
1.344972899999999960e+01,-3.012446100000000015e+00,-3.839583699999999933e-01,7.232417399999999663e-01
1.346648399999999945e+01,-3.017286299999999866e+00,-4.244320799999999894e-01,7.303008800000000411e-01
1.346210800000000063e+01,-3.019604399999999966e+00,-4.338672100000000031e-01,7.267789500000000347e-01
1.350173799999999957e+01,-3.030111499999999847e+00,-4.364896500000000068e-01,7.465259699999999832e-01
1.349598100000000045e+01,-3.029716300000000029e+00,-4.162982299999999913e-01,7.503501099999999591e-01
1.356767800000000079e+01,-3.063303700000000074e+00,-4.932698400000000150e-01,7.767231500000000288e-01
1.358432400000000051e+01,-3.060400500000000079e+00,-4.971896199999999988e-01,7.793322599999999989e-01
1.356792599999999993e+01,-3.067698000000000036e+00,-4.333666700000000094e-01,7.760129300000000452e-01
1.352124500000000040e+01,-3.057230000000000114e+00,-4.180965500000000112e-01,7.792046500000000542e-01
1.344268899999999967e+01,-3.002534600000000164e+00,-5.076127700000000464e-01,7.017736700000000161e-01
1.330117599999999989e+01,-2.975405499999999925e+00,-2.377906499999999923e-01,6.926329100000000460e-01
1.336766399999999955e+01,-2.980679600000000207e+00,-2.868803400000000114e-01,6.954465300000000072e-01
1.335625600000000013e+01,-2.983910400000000074e+00,-2.894307999999999881e-01,6.970880200000000304e-01
1.329694100000000034e+01,-2.978475299999999937e+00,-1.872885099999999914e-01,6.912433799999999628e-01
1.328605800000000059e+01,-2.964284099999999977e+00,-2.820013699999999734e-01,6.611623199999999700e-01
1.328599600000000081e+01,-2.943136700000000161e+00,-3.417512400000000117e-01,6.482968500000000356e-01
1.331673600000000057e+01,-2.965360099999999832e+00,-3.191164799999999802e-01,6.648986700000000249e-01
1.349698399999999943e+01,-3.031990299999999916e+00,-4.436177700000000224e-01,7.522875199999999873e-01
1.330920700000000068e+01,-2.960047599999999779e+00,-3.083768700000000251e-01,6.618422900000000553e-01
1.331732300000000002e+01,-2.953456699999999824e+00,-3.107609900000000147e-01,6.654071599999999975e-01
1.331912699999999994e+01,-2.967140600000000017e+00,-3.551818999999999948e-01,6.660158299999999754e-01
1.334614599999999918e+01,-2.991526200000000024e+00,-3.447587599999999974e-01,6.782273500000000066e-01
1.339974400000000010e+01,-2.978360799999999919e+00,-2.883603800000000272e-01,7.292296999999999807e-01
1.339477100000000043e+01,-3.011769399999999930e+00,-2.784039700000000006e-01,7.274267300000000214e-01
1.339091400000000043e+01,-2.976206100000000188e+00,-2.821789699999999734e-01,7.202442399999999800e-01
1.334721099999999971e+01,-2.973301499999999820e+00,-3.384643800000000091e-01,6.686287300000000045e-01
1.345244699999999938e+01,-2.999580299999999866e+00,-4.139814199999999889e-01,7.232435200000000286e-01
1.347220800000000018e+01,-3.021950299999999867e+00,-4.274267400000000272e-01,7.296763899999999525e-01
1.347077200000000019e+01,-3.022861400000000032e+00,-4.385874599999999846e-01,7.171212399999999931e-01
1.345379499999999950e+01,-3.007432800000000128e+00,-4.366689200000000159e-01,7.199846500000000038e-01
1.330365199999999959e+01,-2.956924900000000189e+00,-3.132051200000000035e-01,6.677161099999999738e-01
1.330098199999999942e+01,-2.957763899999999779e+00,-3.646931900000000004e-01,6.580500599999999922e-01
1.329989499999999936e+01,-2.982189899999999838e+00,-2.503291599999999950e-01,6.874860900000000496e-01
1.330284799999999912e+01,-2.955230100000000082e+00,-2.991588900000000106e-01,6.611504099999999662e-01
1.345146599999999992e+01,-3.004652000000000100e+00,-4.337715400000000110e-01,7.308144500000000043e-01
1.342559400000000025e+01,-3.001883299999999810e+00,-4.277842399999999823e-01,6.984723900000000540e-01
1.340989399999999954e+01,-3.002839300000000211e+00,-4.377300700000000266e-01,6.969724400000000264e-01
1.338728700000000060e+01,-2.989215300000000131e+00,-4.384892400000000023e-01,6.804782299999999617e-01
1.335723899999999986e+01,-2.965107199999999832e+00,-3.677956700000000190e-01,6.822943399999999992e-01
1.345683200000000035e+01,-3.021580800000000178e+00,-3.539975499999999942e-01,7.488446600000000508e-01
1.345359599999999922e+01,-3.019228800000000046e+00,-3.610599099999999839e-01,7.520227400000000229e-01
1.345306000000000068e+01,-3.025304300000000168e+00,-3.555631100000000155e-01,7.504173600000000333e-01
1.337721999999999944e+01,-2.978454000000000157e+00,-3.880339500000000164e-01,6.730575600000000547e-01
1.364662099999999967e+01,-3.126344599999999918e+00,-5.206544199999999512e-01,8.297945700000000091e-01
1.343335000000000079e+01,-3.010635399999999962e+00,-4.180482600000000049e-01,7.092643100000000089e-01
1.332115699999999947e+01,-2.973729599999999973e+00,-3.311821999999999822e-01,6.669549900000000253e-01
1.331120400000000004e+01,-2.954057699999999897e+00,-2.968987200000000048e-01,6.722476800000000141e-01
1.329570400000000063e+01,-2.951936599999999800e+00,-2.975067900000000209e-01,6.770157300000000378e-01
1.330665499999999923e+01,-2.951091299999999862e+00,-2.957453800000000022e-01,6.728870099999999521e-01
1.329060300000000083e+01,-2.952198800000000123e+00,-2.660333100000000228e-01,6.706984400000000068e-01
1.341635999999999918e+01,-2.979969999999999786e+00,-4.320788899999999932e-01,6.982226400000000055e-01
1.328023199999999981e+01,-2.962269500000000111e+00,-2.739592900000000220e-01,6.543680699999999684e-01
1.333576099999999975e+01,-2.955475600000000203e+00,-3.397562000000000082e-01,6.801463100000000317e-01
1.333557200000000087e+01,-2.970656200000000080e+00,-3.222319799999999734e-01,6.779547299999999499e-01
1.333298300000000047e+01,-2.965398500000000048e+00,-2.918422800000000095e-01,6.898374400000000239e-01
1.347734799999999922e+01,-3.007740800000000103e+00,-4.671699999999999742e-01,7.322908099999999587e-01
1.343209599999999959e+01,-3.017876900000000084e+00,-4.184630100000000241e-01,6.973847499999999977e-01
1.334260599999999997e+01,-2.953413900000000147e+00,-4.160956000000000099e-01,6.539329799999999970e-01
1.335052100000000053e+01,-2.971046700000000040e+00,-3.901307999999999998e-01,6.563887400000000261e-01
1.322710000000000008e+01,-2.958912399999999998e+00,-2.071769199999999866e-01,6.507431000000000187e-01
1.314527999999999963e+01,-2.921335000000000015e+00,-2.103395899999999930e-01,6.086165700000000234e-01
1.314337599999999995e+01,-2.926405799999999946e+00,-2.221156300000000083e-01,6.100771900000000469e-01
1.319188499999999920e+01,-2.916161600000000131e+00,-2.815868899999999786e-01,6.176654999999999784e-01
1.314947000000000088e+01,-2.937036700000000167e+00,-2.447808200000000101e-01,6.054397099999999643e-01
1.313714000000000048e+01,-2.939898200000000017e+00,-2.575419299999999745e-01,5.970148299999999963e-01
1.317358499999999921e+01,-2.971374500000000030e+00,-2.524842900000000001e-01,6.061131400000000502e-01
1.317889800000000022e+01,-2.947560900000000039e+00,-1.910432999999999992e-01,6.363180200000000397e-01
1.300792099999999962e+01,-2.892983599999999988e+00,-1.666466100000000006e-01,5.653238099999999822e-01
1.350736599999999932e+01,-3.032520400000000116e+00,-5.310030100000000530e-01,7.527615399999999513e-01
1.334094400000000036e+01,-2.968266499999999919e+00,-2.396127100000000065e-01,7.159413000000000027e-01
1.338276600000000016e+01,-2.971257399999999826e+00,-4.341632200000000164e-01,6.906328200000000361e-01
1.348545200000000044e+01,-3.029445599999999850e+00,-3.827880699999999803e-01,7.647237399999999852e-01
1.332370700000000063e+01,-2.961685399999999913e+00,-3.798766199999999982e-01,6.607478399999999752e-01
1.340353600000000078e+01,-2.986819000000000113e+00,-3.927881799999999868e-01,7.078083299999999856e-01
1.340918399999999977e+01,-3.005706399999999778e+00,-3.272587800000000269e-01,7.116449299999999534e-01
1.339164700000000074e+01,-3.013222299999999798e+00,-3.486771499999999913e-01,6.956980600000000070e-01
1.345535600000000009e+01,-3.019392700000000040e+00,-4.271774400000000194e-01,7.217624200000000156e-01
1.347335700000000003e+01,-3.020813899999999830e+00,-4.185177700000000112e-01,7.604853400000000097e-01
1.339565200000000011e+01,-2.972044900000000212e+00,-4.400312699999999744e-01,6.899435699999999505e-01
1.345126199999999983e+01,-3.012976399999999888e+00,-4.199849099999999891e-01,7.241608499999999671e-01
1.346156200000000069e+01,-2.997162599999999788e+00,-3.863910400000000189e-01,7.509188999999999448e-01
1.325746200000000030e+01,-2.919791599999999931e+00,-3.100040499999999755e-01,6.504176600000000086e-01
1.327655799999999964e+01,-2.958221200000000106e+00,-2.906021799999999877e-01,6.599555900000000364e-01
1.328327299999999944e+01,-2.962792100000000151e+00,-2.816715000000000191e-01,6.545632500000000409e-01
1.326819599999999966e+01,-2.949919799999999981e+00,-3.141363500000000086e-01,6.358140599999999587e-01
1.325824099999999994e+01,-2.960083500000000090e+00,-3.010802399999999990e-01,6.449629000000000056e-01
1.331613800000000047e+01,-2.957256199999999779e+00,-2.978981199999999885e-01,6.896262600000000464e-01
1.324593600000000038e+01,-2.929890200000000000e+00,-3.478180599999999845e-01,6.141489799999999555e-01
1.320409300000000030e+01,-2.929072199999999793e+00,-2.895812700000000017e-01,6.298526300000000244e-01
1.321687400000000068e+01,-2.933175499999999936e+00,-2.930579200000000273e-01,6.279080299999999504e-01
1.331326499999999946e+01,-2.963734099999999927e+00,-3.100519400000000259e-01,6.697016900000000161e-01
1.322100700000000018e+01,-2.951459499999999903e+00,-2.479686999999999863e-01,6.347061600000000192e-01
1.335480599999999995e+01,-2.960971900000000101e+00,-3.624251900000000082e-01,6.730597699999999461e-01
1.332446500000000000e+01,-2.974051499999999848e+00,-3.734362999999999988e-01,6.583906699999999557e-01
1.334884199999999943e+01,-2.967791699999999810e+00,-3.778732799999999781e-01,6.575016599999999878e-01
1.315038000000000018e+01,-2.952908199999999983e+00,-2.263900699999999988e-01,6.163533399999999718e-01
1.316236899999999999e+01,-2.956243499999999802e+00,-2.225767399999999951e-01,6.109357499999999996e-01
1.314583299999999966e+01,-2.937570500000000084e+00,-1.526047000000000098e-01,6.289964799999999689e-01
1.350785300000000078e+01,-3.033967500000000150e+00,-4.321043800000000101e-01,7.681894299999999509e-01
1.320487100000000069e+01,-2.909982799999999870e+00,-2.929774299999999831e-01,6.279720399999999536e-01
1.347324099999999980e+01,-3.008954399999999918e+00,-4.218440700000000154e-01,7.521338600000000429e-01
1.355091099999999926e+01,-3.083700599999999792e+00,-3.892615300000000222e-01,7.916150699999999762e-01
1.356509400000000021e+01,-3.080454299999999979e+00,-4.536312599999999806e-01,7.939658699999999625e-01
1.344549199999999978e+01,-3.004530299999999876e+00,-4.283378099999999855e-01,7.165146500000000307e-01
1.348272300000000001e+01,-3.029445099999999780e+00,-4.412428500000000198e-01,7.354465300000000427e-01
1.351796000000000042e+01,-3.046417400000000164e+00,-4.125891500000000156e-01,7.729458700000000348e-01
1.354152200000000050e+01,-3.062589700000000192e+00,-4.217449099999999729e-01,7.953233299999999950e-01
1.352895999999999965e+01,-3.054761399999999849e+00,-4.246550000000000047e-01,7.854240900000000192e-01
1.352165699999999937e+01,-3.056630699999999923e+00,-4.237684500000000187e-01,7.865040800000000498e-01
1.323461099999999924e+01,-2.949485800000000157e+00,-2.914418999999999760e-01,6.322486099999999887e-01
1.341058800000000062e+01,-2.989223099999999800e+00,-3.940991200000000250e-01,6.960477000000000469e-01
1.340980399999999939e+01,-2.989267400000000130e+00,-3.900160300000000135e-01,6.997452400000000461e-01
1.340178300000000000e+01,-2.982988100000000031e+00,-4.141129700000000247e-01,6.923103800000000030e-01
1.338956600000000030e+01,-2.995571800000000007e+00,-4.131552299999999844e-01,6.809257100000000174e-01
1.336502800000000057e+01,-2.968808999999999809e+00,-3.434085100000000002e-01,6.967207699999999893e-01
1.336961299999999930e+01,-2.976362700000000139e+00,-4.473969199999999757e-01,6.495535099999999451e-01
1.336321700000000057e+01,-2.966721199999999836e+00,-3.583332699999999815e-01,6.969095199999999490e-01
1.307722300000000004e+01,-2.929338500000000067e+00,-2.018502100000000021e-01,5.823449600000000226e-01
1.354649599999999943e+01,-3.063085699999999800e+00,-4.743770400000000276e-01,7.537339400000000467e-01
1.350913199999999925e+01,-3.057121899999999837e+00,-3.760055199999999820e-01,7.691793000000000102e-01
1.352782599999999924e+01,-3.060292700000000199e+00,-3.685673500000000158e-01,7.926391299999999696e-01
1.352820700000000009e+01,-3.058489699999999978e+00,-3.787440300000000093e-01,7.961289099999999674e-01
1.343927099999999975e+01,-3.001027099999999947e+00,-4.568312500000000220e-01,6.928649000000000058e-01
1.327218899999999913e+01,-2.960064299999999982e+00,-2.577016400000000096e-01,6.577645500000000034e-01
1.330490299999999948e+01,-2.964250900000000133e+00,-3.199417700000000142e-01,6.559539100000000289e-01
1.331806300000000043e+01,-2.960093399999999875e+00,-3.120187200000000272e-01,6.781925600000000554e-01
1.336793199999999970e+01,-2.959872700000000023e+00,-4.127760200000000212e-01,6.707471200000000300e-01
1.333448100000000025e+01,-2.972725500000000132e+00,-3.297682200000000008e-01,6.694408200000000475e-01
1.334656900000000057e+01,-2.948232500000000034e+00,-3.742788400000000015e-01,6.894656300000000515e-01
1.336644800000000011e+01,-2.973478500000000135e+00,-3.595338399999999934e-01,6.723504500000000439e-01
1.329637100000000061e+01,-2.965630400000000222e+00,-2.908267199999999830e-01,6.490577699999999783e-01
1.329632400000000025e+01,-2.969400900000000121e+00,-3.121158499999999725e-01,6.540279700000000140e-01
1.330555400000000077e+01,-2.972548600000000096e+00,-2.824826699999999913e-01,6.667561800000000316e-01
1.329904299999999928e+01,-2.947745499999999907e+00,-2.977000399999999991e-01,6.772193800000000374e-01
1.330315000000000047e+01,-2.956185699999999805e+00,-3.763082700000000003e-01,6.577772600000000303e-01
1.330326099999999911e+01,-2.957123499999999794e+00,-3.768401200000000006e-01,6.558587200000000061e-01
1.352937599999999918e+01,-3.063575999999999855e+00,-4.496538700000000111e-01,7.823170200000000296e-01
1.358130799999999994e+01,-3.066519700000000181e+00,-4.521566499999999933e-01,7.724864900000000256e-01
1.356888799999999939e+01,-3.064612400000000125e+00,-4.545461700000000271e-01,7.760046299999999730e-01
1.358693700000000071e+01,-3.088684799999999786e+00,-4.558444799999999963e-01,8.057102400000000220e-01
1.345662399999999970e+01,-3.012146200000000107e+00,-4.505437800000000048e-01,7.133374099999999496e-01
1.355729299999999959e+01,-3.067367500000000025e+00,-4.268916099999999769e-01,8.013869399999999921e-01
1.359080200000000005e+01,-3.084719699999999953e+00,-4.781179199999999740e-01,8.097185599999999761e-01
1.356771099999999919e+01,-3.073170100000000016e+00,-5.425930199999999815e-01,7.671603299999999459e-01
1.357076700000000002e+01,-3.070329000000000086e+00,-5.371096300000000046e-01,7.515822199999999675e-01
1.355843400000000010e+01,-3.070797699999999963e+00,-4.551388699999999732e-01,7.985819899999999638e-01
1.356909399999999977e+01,-3.073992599999999964e+00,-4.924849199999999927e-01,7.863520499999999691e-01
1.353242799999999946e+01,-3.060235399999999828e+00,-4.638560800000000039e-01,7.772911500000000418e-01
1.354143900000000045e+01,-3.047661999999999871e+00,-4.969988200000000078e-01,7.427843499999999821e-01
1.350618000000000052e+01,-3.056230499999999850e+00,-4.809380699999999953e-01,7.372775099999999693e-01
1.351322599999999952e+01,-3.022952099999999920e+00,-4.715733599999999970e-01,7.448041699999999876e-01
1.340987299999999927e+01,-2.989001700000000206e+00,-3.832547900000000118e-01,6.964947999999999695e-01
1.341704200000000036e+01,-2.989175599999999822e+00,-3.830969499999999917e-01,6.965737699999999810e-01
1.340578000000000003e+01,-3.001488099999999992e+00,-3.910877500000000118e-01,6.961536400000000180e-01
1.341776800000000058e+01,-3.002362000000000197e+00,-3.994671300000000036e-01,6.935983000000000009e-01
1.342582999999999949e+01,-3.000834400000000013e+00,-3.942084100000000091e-01,6.934332300000000116e-01
1.352504000000000062e+01,-3.041548699999999883e+00,-4.462210799999999922e-01,7.651331799999999683e-01
1.353637299999999932e+01,-3.059689999999999799e+00,-4.328139899999999818e-01,7.671240799999999860e-01
1.354428799999999988e+01,-3.060710999999999959e+00,-4.280495799999999851e-01,7.649845299999999959e-01
1.352917700000000067e+01,-3.056490399999999941e+00,-4.388525799999999921e-01,7.884812700000000119e-01
1.355820199999999964e+01,-3.061037100000000066e+00,-4.270955000000000168e-01,7.908724799999999888e-01
1.351651299999999978e+01,-3.048860200000000020e+00,-3.652285599999999799e-01,7.849744100000000113e-01
1.343484600000000029e+01,-3.001400999999999986e+00,-4.693209099999999800e-01,6.980728600000000172e-01
1.345279299999999978e+01,-3.011426999999999854e+00,-3.771847300000000236e-01,7.282351299999999528e-01
1.332131399999999921e+01,-2.961318200000000012e+00,-3.683916899999999939e-01,6.569334000000000007e-01
1.332737299999999969e+01,-2.962096900000000144e+00,-3.050216900000000120e-01,6.748150899999999508e-01
1.320642199999999988e+01,-2.941838000000000175e+00,-1.844001399999999902e-01,6.455157400000000045e-01
1.338260400000000061e+01,-2.967291299999999854e+00,-3.756666499999999909e-01,6.913295400000000202e-01
1.336705000000000076e+01,-2.982912400000000019e+00,-3.824030700000000116e-01,6.792515399999999870e-01
1.338347599999999993e+01,-2.989959400000000045e+00,-3.568622599999999867e-01,6.923244400000000409e-01
1.323519499999999915e+01,-2.946196399999999826e+00,-2.844190999999999803e-01,6.321209599999999540e-01
1.328036299999999947e+01,-2.942274600000000184e+00,-2.418468300000000126e-01,6.754644300000000046e-01
1.317781500000000072e+01,-2.927826200000000156e+00,-3.064497600000000155e-01,5.997074399999999805e-01
1.315154199999999918e+01,-2.904423599999999883e+00,-2.970328199999999752e-01,5.994572599999999918e-01
1.314529600000000009e+01,-2.900040000000000173e+00,-2.977732499999999893e-01,6.032828700000000266e-01
1.324422200000000061e+01,-2.955278700000000036e+00,-2.310773100000000080e-01,6.467935999999999686e-01
1.321368900000000046e+01,-2.954951299999999836e+00,-2.417923899999999959e-01,6.327729199999999610e-01
1.321992799999999946e+01,-2.959168899999999880e+00,-2.515070999999999835e-01,6.266147399999999479e-01
1.324217600000000061e+01,-2.938918600000000048e+00,-2.975743200000000033e-01,6.439601299999999640e-01
1.321631999999999962e+01,-2.936371199999999959e+00,-3.215211700000000228e-01,6.133500899999999589e-01
1.320053500000000035e+01,-2.936573500000000170e+00,-2.163777000000000061e-01,6.385170999999999486e-01
1.320532500000000020e+01,-2.935022399999999809e+00,-2.662371099999999990e-01,6.301217900000000149e-01
1.327235100000000045e+01,-2.946965899999999916e+00,-3.153621999999999814e-01,6.483776100000000486e-01
1.332241100000000067e+01,-2.951775200000000154e+00,-3.721172200000000263e-01,6.486793600000000382e-01
1.312100200000000072e+01,-2.922796799999999973e+00,-2.242951900000000054e-01,5.972598599999999758e-01
1.317007500000000064e+01,-2.906478400000000129e+00,-2.852509400000000084e-01,6.091124999999999456e-01
1.310167200000000065e+01,-2.918604100000000034e+00,-2.904125799999999757e-01,5.747563700000000164e-01
1.312778800000000068e+01,-2.884295400000000065e+00,-3.109959700000000105e-01,5.846544999999999659e-01
1.316005499999999984e+01,-2.924837699999999874e+00,-3.242521400000000220e-01,5.910696699999999915e-01
1.347077600000000075e+01,-3.012299099999999896e+00,-3.709349100000000066e-01,7.608742600000000245e-01
1.349339699999999986e+01,-3.045281500000000197e+00,-4.163763600000000009e-01,7.438061900000000337e-01
1.335464299999999938e+01,-2.957531900000000213e+00,-3.531301000000000023e-01,6.771582600000000118e-01
1.334602399999999989e+01,-2.964953700000000136e+00,-3.687567400000000273e-01,6.886889099999999875e-01
1.336743099999999984e+01,-2.981180199999999836e+00,-3.560915000000000052e-01,6.728329400000000460e-01
1.336070899999999995e+01,-2.978911300000000040e+00,-3.831641399999999864e-01,6.773899599999999577e-01
1.356729999999999947e+01,-3.068158200000000058e+00,-4.621567400000000103e-01,7.872392999999999752e-01
1.353159800000000068e+01,-3.066991199999999917e+00,-4.899062800000000273e-01,7.527612500000000484e-01
1.364182300000000048e+01,-3.125572399999999806e+00,-4.829351399999999850e-01,8.279050300000000417e-01
1.370059799999999939e+01,-3.165033399999999997e+00,-5.365178200000000341e-01,8.640976099999999605e-01
1.330781600000000076e+01,-2.961171400000000009e+00,-3.135675800000000124e-01,6.503449300000000433e-01
1.334633000000000003e+01,-2.949138500000000107e+00,-3.530822900000000208e-01,6.717228499999999825e-01
1.343652299999999933e+01,-2.985367600000000010e+00,-4.342709499999999889e-01,6.986699200000000554e-01
1.342260500000000079e+01,-3.004237999999999964e+00,-4.235360899999999762e-01,7.096632400000000285e-01
1.342069099999999970e+01,-2.982168999999999848e+00,-4.192794899999999769e-01,7.028446200000000310e-01
1.342272600000000082e+01,-2.983080499999999802e+00,-4.205947400000000225e-01,7.011965799999999582e-01
1.328022999999999954e+01,-2.929426100000000144e+00,-3.112681700000000107e-01,6.665733000000000352e-01
1.323704200000000064e+01,-2.941060499999999855e+00,-2.773463500000000193e-01,6.321722400000000519e-01
1.323226299999999966e+01,-2.954487900000000167e+00,-2.799708200000000091e-01,6.376526099999999531e-01
1.333928200000000075e+01,-2.959293199999999846e+00,-3.462841199999999731e-01,6.760665900000000228e-01
1.331287700000000029e+01,-2.959340800000000105e+00,-3.422808900000000043e-01,6.654258400000000462e-01
1.331996799999999936e+01,-2.956440100000000015e+00,-3.583849599999999747e-01,6.562542700000000284e-01
1.350217100000000059e+01,-3.031196899999999861e+00,-4.259826099999999838e-01,7.411611900000000253e-01
1.353753500000000010e+01,-3.048027499999999890e+00,-4.521779000000000215e-01,7.600783700000000032e-01
1.353393799999999914e+01,-3.056036699999999939e+00,-4.650497399999999892e-01,7.594053299999999895e-01
1.361071500000000079e+01,-3.106721900000000147e+00,-4.874958500000000083e-01,8.111440599999999446e-01
1.353145899999999990e+01,-3.046415899999999954e+00,-4.429076000000000124e-01,7.806160300000000163e-01
1.346072999999999986e+01,-3.033292400000000111e+00,-3.812403400000000109e-01,7.349702299999999466e-01
1.325451499999999960e+01,-2.935943700000000156e+00,-3.328146300000000002e-01,6.331569900000000306e-01
1.333056000000000019e+01,-2.971470099999999892e+00,-2.981261099999999997e-01,6.847808399999999462e-01
1.322157600000000066e+01,-2.926093199999999950e+00,-3.107158999999999893e-01,6.100020400000000231e-01
1.321235599999999977e+01,-2.926038899999999998e+00,-3.112513100000000033e-01,6.182355200000000384e-01
1.321974799999999917e+01,-2.922371599999999958e+00,-3.055365999999999915e-01,6.163801500000000155e-01
1.343758099999999978e+01,-3.010687400000000125e+00,-4.719404400000000166e-01,6.962361200000000139e-01
1.343685299999999927e+01,-2.994760400000000100e+00,-4.651822400000000246e-01,7.001880999999999799e-01
1.330265699999999995e+01,-2.950033100000000186e+00,-2.805151300000000014e-01,6.866672299999999618e-01
1.342809600000000003e+01,-2.991617000000000193e+00,-3.093624200000000268e-01,7.255547500000000261e-01
1.338472299999999926e+01,-2.975293900000000047e+00,-4.132380900000000024e-01,6.542817199999999556e-01
1.340483200000000075e+01,-3.008659800000000217e+00,-3.642835600000000063e-01,7.001865499999999631e-01
1.348125899999999966e+01,-3.014639199999999963e+00,-3.948992700000000244e-01,7.466320499999999916e-01
1.356200100000000042e+01,-3.059804100000000027e+00,-5.135932100000000222e-01,7.571094200000000329e-01
1.356158399999999986e+01,-3.049058500000000116e+00,-5.292599300000000451e-01,7.781744099999999831e-01
1.357439399999999985e+01,-3.080060700000000207e+00,-5.093379000000000101e-01,7.472089499999999829e-01
1.345472400000000057e+01,-3.038586800000000032e+00,-4.165596500000000035e-01,7.305872700000000108e-01
1.347150099999999995e+01,-3.038465099999999808e+00,-4.122433099999999739e-01,7.242796000000000234e-01
1.316874800000000079e+01,-2.902159099999999992e+00,-3.189202899999999952e-01,6.086222500000000313e-01
1.322533999999999921e+01,-2.954515999999999920e+00,-2.620616100000000004e-01,6.277966999999999853e-01
1.320772999999999975e+01,-2.947374299999999891e+00,-2.688915100000000002e-01,6.289153200000000554e-01
1.321341999999999928e+01,-2.935628499999999974e+00,-2.665053600000000245e-01,6.294425599999999843e-01
1.308294199999999918e+01,-2.924167399999999972e+00,-2.529035000000000033e-01,5.789735700000000485e-01
1.311144400000000054e+01,-2.928530400000000089e+00,-2.451171799999999901e-01,5.799326999999999677e-01
1.324983199999999961e+01,-2.962208400000000186e+00,-2.993468499999999977e-01,6.396602000000000121e-01
1.341066099999999928e+01,-2.987796599999999803e+00,-4.064069499999999890e-01,7.058379900000000262e-01
1.342523699999999920e+01,-3.016513300000000175e+00,-3.913677500000000142e-01,7.026038999999999479e-01
1.340965399999999974e+01,-2.982649499999999954e+00,-3.832477200000000139e-01,7.217390399999999984e-01
1.347792500000000082e+01,-3.018294000000000032e+00,-4.243725799999999992e-01,7.548464799999999864e-01
1.347754399999999997e+01,-3.019649900000000109e+00,-4.474680699999999955e-01,7.393298900000000451e-01
1.355544000000000082e+01,-3.080841799999999964e+00,-4.903131600000000256e-01,7.777486599999999806e-01
1.358140000000000036e+01,-3.078961399999999848e+00,-5.157992300000000530e-01,7.800447999999999826e-01
1.348372799999999927e+01,-3.027262499999999967e+00,-3.296306999999999987e-01,7.657228000000000367e-01
1.347720299999999938e+01,-3.025080800000000014e+00,-3.683213799999999760e-01,7.764570800000000217e-01
1.347080200000000083e+01,-3.029934700000000092e+00,-3.720709600000000061e-01,7.715750599999999793e-01
1.349115199999999959e+01,-3.030319800000000008e+00,-3.937351900000000127e-01,7.489782600000000068e-01
1.346739700000000006e+01,-3.022693499999999922e+00,-4.998689599999999733e-01,7.102426099999999964e-01
1.344287500000000080e+01,-3.008259699999999981e+00,-4.174878200000000095e-01,7.168284799999999901e-01
1.345054299999999969e+01,-3.013183600000000073e+00,-4.113775700000000257e-01,7.074307499999999971e-01
1.347129800000000088e+01,-3.015739599999999854e+00,-4.403989300000000218e-01,7.379033799999999976e-01
1.347129100000000079e+01,-3.021766500000000022e+00,-4.579568700000000159e-01,7.268678100000000031e-01
1.348583499999999979e+01,-3.032597700000000174e+00,-4.785133799999999882e-01,7.163741300000000534e-01
1.327941000000000038e+01,-2.958152800000000138e+00,-2.626036600000000165e-01,6.656560200000000149e-01
1.332113000000000014e+01,-2.961562300000000203e+00,-3.467754699999999746e-01,6.606010900000000019e-01
1.339303800000000066e+01,-2.977552199999999871e+00,-3.412723599999999968e-01,7.106292600000000403e-01
1.338904600000000045e+01,-2.977167500000000189e+00,-3.434183800000000231e-01,7.111352800000000363e-01
1.339473199999999942e+01,-3.006501099999999926e+00,-3.488632799999999978e-01,6.998394199999999898e-01
1.339473199999999942e+01,-3.006501099999999926e+00,-3.488632799999999978e-01,6.998394199999999898e-01
1.337985499999999917e+01,-2.974073600000000095e+00,-3.126759399999999856e-01,7.122742300000000082e-01
1.334394799999999925e+01,-2.988179999999999836e+00,-3.286656900000000103e-01,6.845051199999999669e-01
1.343714600000000026e+01,-3.013831900000000008e+00,-4.734220800000000229e-01,7.011825900000000500e-01
1.345722199999999980e+01,-3.012342499999999923e+00,-4.754559700000000055e-01,6.980643100000000212e-01
1.345332299999999925e+01,-2.998063800000000168e+00,-4.637282999999999822e-01,7.111346600000000295e-01
1.344523200000000074e+01,-3.012653600000000154e+00,-4.184296499999999863e-01,7.200279400000000329e-01
1.320251299999999972e+01,-2.928260799999999886e+00,-2.866969699999999954e-01,6.218680500000000055e-01
1.319946900000000056e+01,-2.910478299999999852e+00,-2.976217800000000024e-01,6.192439199999999477e-01
1.319466300000000025e+01,-2.913774699999999829e+00,-2.948952799999999819e-01,6.159995600000000016e-01
1.317634800000000084e+01,-2.916379599999999961e+00,-3.115133400000000274e-01,5.995572999999999597e-01
1.313834100000000049e+01,-2.922535499999999953e+00,-1.774413800000000097e-01,6.215862500000000068e-01
1.317800199999999933e+01,-2.972925399999999829e+00,-1.598403499999999922e-01,6.320878500000000066e-01
1.330972900000000081e+01,-2.941139699999999912e+00,-3.437746899999999939e-01,6.657770400000000421e-01
1.330821100000000001e+01,-2.940985599999999867e+00,-3.334176899999999888e-01,6.659768499999999536e-01
1.331460299999999997e+01,-2.941056699999999857e+00,-3.338696500000000178e-01,6.627729199999999876e-01
1.329387700000000017e+01,-2.942965000000000053e+00,-3.378335499999999825e-01,6.612884399999999774e-01
1.329363700000000037e+01,-2.944728099999999849e+00,-3.407109600000000071e-01,6.502580700000000213e-01
1.351793699999999987e+01,-3.050005800000000100e+00,-4.141016100000000089e-01,7.499213799999999708e-01
1.332527400000000029e+01,-2.954842800000000214e+00,-3.275982700000000247e-01,6.743467399999999445e-01
1.328329699999999924e+01,-2.957882000000000122e+00,-3.384061700000000061e-01,6.386875899999999717e-01
1.327485500000000052e+01,-2.936402100000000015e+00,-3.449619700000000067e-01,6.490427800000000413e-01
1.329417300000000068e+01,-2.933769999999999989e+00,-3.421100599999999936e-01,6.445257800000000481e-01
1.330030700000000010e+01,-2.949707699999999821e+00,-3.010602000000000000e-01,6.558335800000000271e-01
1.332554599999999922e+01,-2.956287899999999969e+00,-3.721551200000000059e-01,6.440627100000000382e-01
1.330866600000000055e+01,-2.943139700000000136e+00,-3.393976799999999794e-01,6.513653099999999752e-01
1.332088000000000072e+01,-2.966390300000000035e+00,-3.399198199999999837e-01,6.547516799999999471e-01
1.334820500000000010e+01,-2.978783799999999982e+00,-2.493214699999999895e-01,7.130341900000000122e-01
1.322414200000000051e+01,-2.915359200000000151e+00,-3.470015699999999814e-01,6.204811599999999761e-01
1.323576599999999992e+01,-2.932293899999999898e+00,-3.021317900000000112e-01,6.262826599999999910e-01
1.294247900000000051e+01,-2.942300299999999869e+00,-9.269347699999999635e-02,5.578291899999999748e-01
1.351413900000000012e+01,-3.053468699999999814e+00,-4.061973400000000178e-01,7.667899099999999635e-01
1.350846199999999975e+01,-3.051052900000000179e+00,-4.117530099999999749e-01,7.705888899999999708e-01
1.354888900000000085e+01,-3.068201800000000201e+00,-4.774276599999999759e-01,7.789182799999999629e-01
1.345323400000000014e+01,-3.019592499999999902e+00,-3.564738299999999915e-01,7.574732899999999658e-01
1.346229699999999951e+01,-3.018440000000000012e+00,-4.215452299999999930e-01,7.124573800000000290e-01
1.346510299999999916e+01,-3.009672300000000078e+00,-3.568153199999999914e-01,7.489787500000000264e-01
1.350433300000000081e+01,-3.053453900000000054e+00,-4.459786099999999975e-01,7.550069700000000550e-01
1.351097399999999915e+01,-3.052289399999999819e+00,-4.422088699999999761e-01,7.553451199999999810e-01
1.349353999999999942e+01,-3.049920900000000046e+00,-4.447022299999999762e-01,7.181761300000000237e-01
1.348500600000000027e+01,-3.007032099999999986e+00,-4.965708600000000028e-01,7.165366699999999867e-01
1.346382000000000012e+01,-3.022343300000000177e+00,-3.974133100000000196e-01,7.251516300000000470e-01
1.326907699999999934e+01,-2.949115700000000118e+00,-3.321230299999999858e-01,6.338437199999999994e-01
1.355218299999999942e+01,-3.076787400000000172e+00,-4.634676300000000193e-01,7.796133800000000225e-01
1.334848999999999997e+01,-2.959584800000000016e+00,-3.595532200000000067e-01,6.828853499999999466e-01
1.335047899999999998e+01,-2.959487000000000201e+00,-3.607764500000000263e-01,6.781638300000000230e-01
1.333054899999999954e+01,-2.943765099999999801e+00,-4.071629999999999971e-01,6.613650399999999596e-01
1.334664300000000026e+01,-2.953355100000000011e+00,-3.939435900000000101e-01,6.602919999999999900e-01
1.312132000000000076e+01,-2.951128199999999868e+00,-1.929992000000000096e-01,6.118169199999999863e-01
1.313270799999999916e+01,-2.952706000000000053e+00,-1.834988200000000069e-01,6.068936999999999804e-01
1.327493899999999982e+01,-2.952784299999999806e+00,-2.331207700000000049e-01,6.776565799999999529e-01
1.330898700000000012e+01,-2.973898999999999848e+00,-3.132911700000000077e-01,6.579649100000000139e-01
1.332439899999999966e+01,-2.969115599999999855e+00,-3.189317899999999928e-01,6.596391099999999730e-01
1.333027000000000051e+01,-2.969960599999999840e+00,-3.199312100000000214e-01,6.550881400000000410e-01
1.328604900000000022e+01,-2.947528300000000101e+00,-3.213798199999999827e-01,6.493474999999999664e-01
1.328884900000000080e+01,-2.966294400000000220e+00,-3.169854200000000177e-01,6.552672699999999573e-01
1.331842699999999979e+01,-2.963702300000000012e+00,-2.155884999999999885e-01,7.045531699999999509e-01
1.329495099999999930e+01,-2.975422800000000034e+00,-2.432979999999999865e-01,6.798761700000000019e-01
1.331545599999999929e+01,-2.977823100000000167e+00,-2.828272199999999903e-01,6.807812600000000547e-01
1.340776800000000080e+01,-3.000811699999999860e+00,-4.442422899999999841e-01,6.808434700000000062e-01
1.351062199999999969e+01,-3.022589599999999876e+00,-4.352444599999999997e-01,7.537987099999999829e-01
1.350746299999999955e+01,-3.020958100000000091e+00,-4.411668999999999730e-01,7.529492300000000249e-01
1.355260099999999923e+01,-3.062822800000000178e+00,-4.833498199999999856e-01,7.603397899999999598e-01
1.329539800000000049e+01,-2.947068600000000149e+00,-3.313927300000000242e-01,6.609154299999999704e-01
1.336459600000000059e+01,-2.986350499999999908e+00,-3.083734100000000145e-01,7.004812099999999653e-01
1.338037899999999958e+01,-3.002175799999999839e+00,-2.843314000000000119e-01,7.045130299999999846e-01
1.341209100000000021e+01,-2.987169199999999858e+00,-3.592391999999999808e-01,7.267633000000000010e-01
1.342060999999999993e+01,-2.989673699999999990e+00,-3.623684899999999875e-01,7.229181099999999471e-01
1.343257400000000068e+01,-2.983457800000000049e+00,-3.703253499999999976e-01,7.259874499999999786e-01
1.341004299999999994e+01,-2.984599999999999920e+00,-3.684754100000000032e-01,7.279672400000000154e-01
1.344148400000000088e+01,-2.988027100000000047e+00,-3.433148400000000100e-01,7.498683499999999613e-01
1.334078500000000034e+01,-2.940944700000000189e+00,-3.942027200000000065e-01,6.821666299999999961e-01
1.330598400000000048e+01,-2.993695100000000053e+00,-2.951736099999999752e-01,6.642195199999999522e-01
1.331473399999999963e+01,-2.980892900000000179e+00,-2.936001999999999779e-01,6.587898300000000207e-01
1.329834999999999923e+01,-2.989552799999999788e+00,-2.917632199999999898e-01,6.648186400000000162e-01
1.332186100000000017e+01,-2.985839799999999933e+00,-2.692827600000000099e-01,6.688623500000000499e-01
1.324044499999999935e+01,-2.964630200000000215e+00,-2.163408699999999907e-01,6.579945099999999769e-01
1.315086999999999939e+01,-2.939250299999999871e+00,-2.037346899999999961e-01,6.106221299999999852e-01
1.336664099999999955e+01,-2.964223599999999958e+00,-4.090478200000000064e-01,6.820370900000000125e-01
1.337389499999999920e+01,-2.969537600000000221e+00,-4.392607199999999934e-01,6.736809099999999662e-01
1.336150199999999977e+01,-2.962109799999999904e+00,-4.434664400000000173e-01,6.463277800000000184e-01
1.336499500000000040e+01,-2.960805899999999991e+00,-4.527732199999999763e-01,6.634438799999999858e-01
1.339444800000000058e+01,-2.982739000000000029e+00,-4.240482999999999891e-01,6.830572700000000497e-01
1.339715299999999942e+01,-2.961440099999999909e+00,-4.195671899999999788e-01,6.940593600000000141e-01
1.344734399999999930e+01,-3.021133400000000080e+00,-4.423268000000000200e-01,7.033387199999999728e-01
1.346182800000000057e+01,-3.013752399999999998e+00,-4.489820700000000109e-01,7.077713700000000108e-01
1.344100199999999923e+01,-3.015726599999999813e+00,-4.277641300000000202e-01,7.025050299999999748e-01
1.344004800000000088e+01,-3.014779299999999829e+00,-4.283936400000000200e-01,7.024271199999999604e-01
1.345166700000000048e+01,-3.006664100000000062e+00,-4.366304300000000138e-01,7.267303999999999986e-01
1.318546100000000010e+01,-2.924629599999999829e+00,-2.335619200000000062e-01,6.294499900000000148e-01
1.317722200000000043e+01,-2.932015300000000213e+00,-3.092429500000000164e-01,5.956703599999999543e-01
1.308982899999999994e+01,-2.942745400000000178e+00,-1.692100800000000127e-01,5.928559199999999807e-01
1.309385600000000061e+01,-2.923617099999999969e+00,-1.912228300000000103e-01,5.966458700000000226e-01
1.316381400000000035e+01,-2.905729000000000006e+00,-3.375582599999999989e-01,5.915420599999999807e-01
1.313833999999999946e+01,-2.952256199999999886e+00,-1.721900199999999992e-01,6.078244000000000424e-01
1.315746200000000066e+01,-2.900664100000000190e+00,-3.098924299999999965e-01,6.075445200000000323e-01
1.322058200000000028e+01,-2.923659900000000089e+00,-3.385564600000000035e-01,6.155330100000000471e-01
1.335328900000000019e+01,-2.976892700000000058e+00,-3.639796800000000276e-01,6.682174100000000116e-01
1.326382399999999961e+01,-2.948519600000000018e+00,-2.998622000000000232e-01,6.505275799999999942e-01
1.326035899999999934e+01,-2.973364899999999977e+00,-2.703993699999999722e-01,6.325854800000000333e-01
1.327529799999999938e+01,-2.937209699999999923e+00,-3.122215700000000038e-01,6.563377099999999631e-01
1.343004499999999979e+01,-3.003238500000000144e+00,-3.934772899999999796e-01,7.109901600000000377e-01
1.343839000000000006e+01,-3.001959499999999892e+00,-3.560761000000000065e-01,7.202568200000000198e-01
1.348301400000000072e+01,-3.044225299999999912e+00,-4.387372700000000125e-01,7.533148299999999908e-01
1.349289199999999944e+01,-3.048878600000000105e+00,-4.315736099999999964e-01,7.471380499999999980e-01
1.346251900000000035e+01,-3.021362299999999834e+00,-3.668748000000000009e-01,7.541815899999999573e-01
1.342992399999999975e+01,-3.011276000000000064e+00,-3.833941499999999891e-01,7.209989900000000063e-01
1.332264900000000019e+01,-2.957986800000000027e+00,-3.060873800000000200e-01,6.779967399999999866e-01
1.331042599999999965e+01,-2.954685899999999865e+00,-3.048707900000000026e-01,6.743811299999999953e-01
1.331385000000000041e+01,-2.945908900000000052e+00,-2.853370599999999757e-01,6.744180699999999806e-01
1.330703100000000028e+01,-2.957556999999999992e+00,-2.852011500000000144e-01,6.855843400000000143e-01
1.331612100000000076e+01,-2.970395299999999850e+00,-3.331104999999999761e-01,6.680371299999999790e-01
1.331653999999999982e+01,-2.959585699999999875e+00,-3.611282199999999998e-01,6.517689199999999738e-01
1.332293800000000061e+01,-2.959725800000000184e+00,-3.625615200000000260e-01,6.508521400000000234e-01
1.328395300000000034e+01,-2.962181600000000081e+00,-2.784667599999999799e-01,6.562456700000000032e-01
1.344110099999999974e+01,-2.995208199999999987e+00,-3.973255500000000273e-01,7.032682900000000181e-01
1.341646500000000053e+01,-3.000107199999999974e+00,-3.969504300000000208e-01,7.217772900000000158e-01
1.342896600000000085e+01,-3.016113600000000172e+00,-3.883510900000000099e-01,7.059737999999999847e-01
1.347862100000000041e+01,-3.009344599999999925e+00,-4.094168300000000094e-01,7.483466399999999519e-01
1.349870400000000004e+01,-3.019561899999999799e+00,-3.674958099999999783e-01,7.670373299999999617e-01
1.321722100000000033e+01,-2.901528700000000072e+00,-3.270027500000000087e-01,6.159859500000000043e-01
1.318246000000000073e+01,-2.895714599999999805e+00,-3.678243900000000011e-01,6.072220900000000476e-01
1.325712399999999924e+01,-2.927745999999999960e+00,-4.047881500000000132e-01,6.127498399999999901e-01
1.354089100000000023e+01,-3.068828499999999959e+00,-4.438980200000000043e-01,7.821670400000000356e-01
1.343771399999999971e+01,-2.999071400000000054e+00,-4.257010800000000095e-01,7.025572900000000010e-01
1.350857899999999923e+01,-3.041407700000000158e+00,-4.391795700000000191e-01,7.499041100000000126e-01
1.351145299999999949e+01,-3.058476300000000148e+00,-3.876488000000000156e-01,7.746671299999999816e-01
1.355219999999999914e+01,-3.066237899999999961e+00,-4.962888599999999983e-01,7.497082900000000549e-01
1.352019800000000060e+01,-3.060884499999999786e+00,-5.005948999999999538e-01,7.401160900000000042e-01
1.329102100000000064e+01,-2.948194800000000004e+00,-2.984458500000000125e-01,6.701848500000000541e-01
1.330284900000000015e+01,-2.955669499999999950e+00,-3.126738700000000204e-01,6.563486600000000282e-01
1.329698699999999967e+01,-2.948189000000000171e+00,-3.263794099999999809e-01,6.687987300000000079e-01
1.334080299999999930e+01,-2.975848000000000049e+00,-3.225985199999999997e-01,6.915498399999999712e-01
1.345607399999999920e+01,-3.019556099999999965e+00,-4.381107100000000143e-01,7.256599400000000033e-01
1.345498899999999942e+01,-3.019627999999999979e+00,-4.019133799999999868e-01,7.370956400000000519e-01
1.344903300000000002e+01,-3.017593300000000145e+00,-4.141158099999999731e-01,7.254952099999999460e-01
1.345339000000000063e+01,-3.024254800000000021e+00,-4.306930099999999872e-01,7.099112699999999831e-01
1.339083199999999962e+01,-2.999120700000000195e+00,-4.359746600000000138e-01,6.920226999999999906e-01
1.340902799999999928e+01,-2.998346699999999920e+00,-4.302512199999999898e-01,6.867596599999999940e-01
1.338836799999999982e+01,-2.980368400000000140e+00,-3.328448999999999991e-01,6.996172899999999473e-01
1.347438999999999965e+01,-3.010210799999999853e+00,-4.247750299999999979e-01,7.206557199999999996e-01
1.315795600000000043e+01,-2.926995100000000072e+00,-2.905535300000000043e-01,5.975885100000000172e-01
1.319524000000000008e+01,-2.924001099999999909e+00,-2.751311200000000068e-01,6.195488700000000293e-01
1.360847300000000004e+01,-3.090971399999999925e+00,-5.487746300000000410e-01,8.115843600000000047e-01
1.361385499999999915e+01,-3.091892099999999921e+00,-5.474674200000000379e-01,8.097788700000000395e-01
1.320178699999999949e+01,-2.932125000000000092e+00,-2.876026400000000205e-01,6.201322200000000118e-01
1.320195200000000035e+01,-2.920904600000000073e+00,-2.792174900000000126e-01,6.327152400000000121e-01
1.314810600000000029e+01,-2.910293499999999867e+00,-3.494350199999999851e-01,5.702721499999999777e-01
1.316652700000000031e+01,-2.905245600000000206e+00,-3.618038900000000169e-01,5.799542800000000442e-01
1.318528000000000056e+01,-2.897204299999999844e+00,-3.452500199999999908e-01,6.069937600000000488e-01
1.319998400000000061e+01,-2.938666000000000000e+00,-3.292910600000000243e-01,5.958786099999999752e-01
1.319071199999999955e+01,-2.928212799999999838e+00,-2.855174799999999902e-01,6.161024899999999471e-01
1.317814300000000038e+01,-2.919539700000000071e+00,-2.853528399999999965e-01,6.207756800000000519e-01
1.323620700000000028e+01,-2.960728899999999886e+00,-2.052231399999999983e-01,6.622436699999999510e-01
1.321024700000000074e+01,-2.946227200000000046e+00,-2.022473899999999991e-01,6.446156699999999740e-01
1.333972699999999989e+01,-2.956545999999999896e+00,-4.110674400000000062e-01,6.651309499999999986e-01
1.338115699999999997e+01,-2.992813599999999852e+00,-3.189754200000000095e-01,7.016198999999999630e-01
1.332509499999999925e+01,-2.974896199999999880e+00,-2.320923699999999923e-01,6.986124099999999615e-01
1.329339500000000029e+01,-2.965869000000000089e+00,-2.382917099999999899e-01,6.750336599999999798e-01
1.329113199999999928e+01,-2.970856799999999964e+00,-2.473407599999999928e-01,6.830578499999999664e-01
1.329027299999999912e+01,-2.956754600000000011e+00,-2.748285400000000100e-01,6.782788800000000284e-01
1.324655899999999953e+01,-2.959405499999999911e+00,-2.571448800000000201e-01,6.550123799999999497e-01
1.328670499999999954e+01,-2.958801499999999862e+00,-2.705520499999999884e-01,6.795887499999999637e-01
1.333630100000000063e+01,-2.944363800000000086e+00,-2.951316500000000231e-01,6.906307600000000102e-01
1.335973399999999955e+01,-2.989406900000000089e+00,-3.136524700000000165e-01,6.765827100000000316e-01
1.334476100000000010e+01,-2.998818800000000007e+00,-3.181259399999999959e-01,6.684750900000000495e-01
1.335139900000000068e+01,-3.001384700000000016e+00,-3.085664000000000184e-01,6.654924700000000026e-01
1.336891100000000066e+01,-2.947999999999999954e+00,-3.474325100000000277e-01,6.965116000000000085e-01
1.336090500000000070e+01,-2.952824699999999858e+00,-3.509331500000000270e-01,6.984294199999999675e-01
1.335018099999999919e+01,-2.956202900000000078e+00,-3.515422999999999742e-01,6.984527900000000455e-01
1.316500899999999952e+01,-2.908212799999999820e+00,-2.465573299999999912e-01,6.140268700000000024e-01
1.311503000000000085e+01,-2.951682499999999987e+00,-1.812555700000000047e-01,5.955432400000000293e-01
1.310660900000000062e+01,-2.948031299999999799e+00,-1.879083000000000003e-01,5.996889399999999481e-01
1.303268100000000018e+01,-2.899104900000000207e+00,-1.674286299999999950e-01,5.843239399999999861e-01
1.308183999999999969e+01,-2.954814600000000180e+00,-1.698595599999999928e-01,5.883223600000000442e-01
1.346914600000000029e+01,-2.993108499999999950e+00,-4.908139599999999936e-01,7.146670999999999996e-01
1.345171900000000065e+01,-3.020239600000000024e+00,-4.846277399999999735e-01,6.833357100000000406e-01
1.344577400000000011e+01,-2.993559299999999812e+00,-5.099220199999999759e-01,6.818588300000000268e-01
1.340659800000000068e+01,-3.005450600000000083e+00,-4.624130399999999974e-01,6.807848699999999864e-01
1.344154299999999935e+01,-2.986416699999999924e+00,-4.459565300000000176e-01,7.025773600000000396e-01
1.342993399999999937e+01,-2.981635999999999953e+00,-4.321625599999999734e-01,7.126028100000000309e-01
1.340998599999999996e+01,-2.978412599999999966e+00,-4.373242700000000149e-01,7.077949900000000127e-01
1.341684399999999933e+01,-2.979850599999999794e+00,-4.275862899999999800e-01,6.987614100000000272e-01
1.338688299999999920e+01,-2.987199899999999797e+00,-4.344822500000000143e-01,6.987880100000000150e-01
1.339635200000000026e+01,-2.982730999999999799e+00,-4.319759699999999869e-01,6.964279399999999676e-01
1.342938599999999916e+01,-2.989544400000000213e+00,-4.343197500000000044e-01,6.867855600000000171e-01
1.342439899999999930e+01,-2.988765599999999800e+00,-4.371599199999999796e-01,6.889247099999999957e-01
1.341521799999999942e+01,-2.996138399999999979e+00,-4.180931800000000087e-01,7.072325799999999996e-01
1.324005000000000010e+01,-2.942172699999999974e+00,-2.685419499999999737e-01,6.361991500000000466e-01
1.323601299999999981e+01,-2.940926699999999894e+00,-2.655429999999999735e-01,6.337804200000000110e-01
1.321991399999999928e+01,-2.936728399999999795e+00,-3.245584200000000141e-01,6.261687200000000120e-01
1.325148300000000035e+01,-2.930459499999999995e+00,-3.057010900000000087e-01,6.351183799999999824e-01
1.326604400000000084e+01,-2.935296699999999870e+00,-3.449010299999999973e-01,6.413149500000000502e-01
1.321614300000000064e+01,-2.931828799999999902e+00,-3.239476199999999917e-01,6.115398199999999562e-01
1.322993499999999933e+01,-2.936467299999999891e+00,-3.224869100000000155e-01,6.051668000000000047e-01
1.320019899999999957e+01,-2.954322700000000079e+00,-3.153358800000000128e-01,6.003267100000000411e-01
1.319708800000000082e+01,-2.935259299999999794e+00,-2.890531299999999915e-01,6.135644599999999782e-01
1.322558800000000012e+01,-2.934512300000000184e+00,-2.811864099999999977e-01,6.347696699999999526e-01
1.315858899999999920e+01,-2.957796899999999951e+00,-1.808968300000000085e-01,6.204734800000000217e-01
1.316397300000000037e+01,-2.943770600000000126e+00,-1.777343399999999907e-01,6.332000599999999535e-01
1.337041499999999949e+01,-2.965553700000000070e+00,-3.968639600000000156e-01,6.742735300000000098e-01
1.342803199999999997e+01,-2.983525799999999784e+00,-4.091330000000000244e-01,7.047946099999999880e-01
1.341231499999999954e+01,-2.993239500000000053e+00,-3.754244899999999996e-01,6.986304700000000034e-01
1.340241900000000008e+01,-2.992948900000000023e+00,-4.316684000000000077e-01,6.969849900000000265e-01
1.343552599999999941e+01,-2.985773299999999963e+00,-4.053988800000000170e-01,7.085618900000000275e-01
1.335664000000000051e+01,-2.975731699999999869e+00,-3.019856100000000154e-01,7.154491699999999677e-01
1.337458799999999925e+01,-3.007819000000000020e+00,-2.785479699999999781e-01,7.109360200000000019e-01
1.330137700000000045e+01,-2.968275300000000172e+00,-3.313304300000000091e-01,6.474694199999999622e-01
1.326980299999999957e+01,-2.949135599999999968e+00,-3.072889300000000157e-01,6.690712199999999665e-01
1.328697599999999923e+01,-2.943867000000000012e+00,-3.076668000000000180e-01,6.624619299999999766e-01
1.348494400000000049e+01,-3.020194699999999788e+00,-4.238018199999999958e-01,7.259512700000000374e-01
1.341995000000000005e+01,-3.007792799999999822e+00,-3.490757999999999917e-01,7.378728199999999848e-01
1.344240399999999980e+01,-3.009804899999999783e+00,-3.449681299999999839e-01,7.293787400000000254e-01
1.344436900000000001e+01,-3.010566100000000134e+00,-3.445884499999999906e-01,7.265691699999999864e-01
1.343027200000000043e+01,-3.010105999999999948e+00,-3.478005200000000019e-01,7.348862499999999631e-01
1.333440000000000047e+01,-2.979653599999999791e+00,-4.187964200000000026e-01,6.536313099999999654e-01
1.340665500000000065e+01,-2.971898899999999788e+00,-3.380491700000000099e-01,7.120888199999999557e-01
1.341945899999999980e+01,-3.002082500000000209e+00,-2.997535900000000142e-01,7.064659500000000092e-01
1.343510000000000026e+01,-3.001644199999999874e+00,-4.220602700000000151e-01,6.987594599999999989e-01
1.339094799999999985e+01,-2.980788099999999829e+00,-4.302099300000000182e-01,6.900880099999999739e-01
1.340454500000000060e+01,-2.990606699999999840e+00,-4.178557399999999755e-01,6.818931000000000298e-01
1.338613900000000001e+01,-2.991508300000000009e+00,-3.395757300000000201e-01,6.983126899999999582e-01
1.348660199999999953e+01,-3.036271800000000187e+00,-4.580652900000000138e-01,7.290805200000000097e-01
1.345162799999999947e+01,-3.003729600000000222e+00,-3.958789200000000230e-01,7.291362200000000016e-01
1.342052499999999959e+01,-3.005402099999999965e+00,-3.826518400000000208e-01,7.097474900000000364e-01
1.334102000000000032e+01,-2.957494399999999857e+00,-4.330977699999999930e-01,6.550307399999999447e-01
1.338351300000000066e+01,-2.959773600000000116e+00,-4.457229100000000277e-01,6.443357899999999638e-01
1.335682000000000080e+01,-2.959095500000000101e+00,-4.545799099999999759e-01,6.768332299999999524e-01
1.343445600000000084e+01,-3.019283000000000161e+00,-3.400365399999999982e-01,7.329437100000000260e-01
1.337523299999999971e+01,-3.003931399999999918e+00,-2.840308200000000172e-01,7.090071999999999486e-01
1.340299699999999916e+01,-3.001378900000000183e+00,-3.474178099999999936e-01,7.007501200000000319e-01
1.316312100000000029e+01,-2.909976700000000083e+00,-2.702328600000000192e-01,6.098711300000000390e-01
1.320146100000000011e+01,-2.951137500000000191e+00,-2.363295800000000113e-01,6.275691899999999990e-01
1.319911500000000082e+01,-2.948268399999999900e+00,-2.155378599999999978e-01,6.253647799999999535e-01
1.320864599999999989e+01,-2.930001299999999809e+00,-2.788560099999999875e-01,6.290831399999999851e-01
1.334491700000000058e+01,-2.967457599999999918e+00,-2.925719600000000198e-01,6.860815399999999897e-01
1.332246899999999989e+01,-2.974837299999999907e+00,-3.032360399999999845e-01,6.778861299999999757e-01
1.332334499999999977e+01,-2.952778700000000089e+00,-3.006103399999999759e-01,6.806980000000000253e-01
1.349071700000000007e+01,-3.024087000000000192e+00,-4.706543300000000096e-01,7.396942300000000081e-01
1.331165599999999927e+01,-2.960256600000000127e+00,-3.649397200000000230e-01,6.559421399999999513e-01
1.339211399999999941e+01,-2.977331400000000183e+00,-4.295904799999999968e-01,6.779249699999999601e-01
1.336452500000000043e+01,-2.985794199999999954e+00,-3.699969399999999964e-01,6.802373400000000236e-01
1.348921299999999945e+01,-3.031937200000000221e+00,-3.985239099999999812e-01,7.329281399999999502e-01
1.356246299999999927e+01,-3.073389300000000102e+00,-5.028059999999999752e-01,7.923256400000000532e-01
1.353744000000000014e+01,-3.057564999999999866e+00,-4.724080999999999975e-01,7.649024199999999718e-01
1.349947799999999987e+01,-3.035515100000000022e+00,-4.253352100000000191e-01,7.533645900000000006e-01
1.348833800000000060e+01,-3.013859000000000066e+00,-3.819135499999999905e-01,7.723727900000000313e-01
1.347644200000000048e+01,-3.030537499999999884e+00,-3.989747900000000236e-01,7.551353800000000227e-01
1.334424500000000080e+01,-2.954524399999999940e+00,-3.837048000000000125e-01,6.575761300000000364e-01
1.333052299999999946e+01,-2.951144900000000071e+00,-3.376893599999999940e-01,6.582410199999999545e-01
1.331828199999999995e+01,-2.943472400000000100e+00,-3.513063100000000105e-01,6.554055899999999824e-01
1.330697100000000077e+01,-2.948028299999999824e+00,-3.539280699999999835e-01,6.529606999999999495e-01
1.335854600000000048e+01,-2.982621099999999803e+00,-3.373167200000000143e-01,6.872715499999999533e-01
1.336525800000000075e+01,-2.980394400000000221e+00,-3.404639799999999994e-01,6.829790300000000425e-01
1.341623099999999980e+01,-3.003391500000000214e+00,-3.606166199999999988e-01,7.079532800000000181e-01
1.328022700000000000e+01,-2.951445899999999956e+00,-3.354061199999999743e-01,6.380698200000000098e-01
1.325944999999999929e+01,-2.934473999999999805e+00,-3.177751899999999852e-01,6.439101499999999589e-01
1.332579400000000014e+01,-2.970713400000000171e+00,-2.903626400000000052e-01,6.805818900000000227e-01
1.326895599999999931e+01,-2.966669000000000000e+00,-2.481752600000000086e-01,6.593691699999999489e-01
1.327877299999999927e+01,-2.959010600000000046e+00,-2.556759200000000010e-01,6.584855299999999856e-01
1.346292200000000072e+01,-2.998705699999999919e+00,-4.475165300000000235e-01,7.174024900000000038e-01
1.344372800000000012e+01,-2.996699299999999955e+00,-4.433888899999999800e-01,7.214126899999999676e-01
1.342972400000000022e+01,-3.017295700000000025e+00,-4.257781900000000008e-01,6.888601500000000044e-01
1.341622199999999943e+01,-2.978055200000000013e+00,-4.453518000000000199e-01,6.906824499999999478e-01
1.334028799999999926e+01,-2.965619199999999900e+00,-2.744595899999999755e-01,7.067332100000000006e-01
1.337988799999999934e+01,-2.974106499999999986e+00,-3.835741599999999973e-01,6.947116300000000244e-01
1.329396599999999928e+01,-2.952854100000000148e+00,-2.864156500000000216e-01,6.711304000000000158e-01
1.330704599999999971e+01,-2.959304200000000051e+00,-2.636528799999999784e-01,6.808403299999999936e-01
1.324656599999999962e+01,-2.946365500000000193e+00,-3.325795999999999752e-01,6.229673399999999805e-01
1.322610300000000016e+01,-2.921445799999999871e+00,-2.592962500000000059e-01,6.451518499999999712e-01
1.322512200000000071e+01,-2.922663299999999964e+00,-2.586639499999999758e-01,6.449534000000000100e-01
1.323279499999999942e+01,-2.932663400000000031e+00,-2.752017999999999964e-01,6.355951399999999474e-01
1.319036799999999943e+01,-2.935807899999999915e+00,-2.443796699999999933e-01,6.270301099999999739e-01
1.324872399999999928e+01,-2.957553599999999783e+00,-2.781656599999999813e-01,6.447684799999999772e-01
1.316699099999999945e+01,-2.915503100000000014e+00,-2.599948000000000259e-01,6.130679599999999674e-01
1.325103200000000037e+01,-2.918711099999999892e+00,-3.509740399999999871e-01,6.344720299999999646e-01
1.322303100000000065e+01,-2.940922200000000153e+00,-3.615589000000000164e-01,6.024133200000000299e-01
1.325022599999999962e+01,-2.932635599999999787e+00,-3.558220200000000166e-01,6.250146899999999839e-01
1.322246499999999969e+01,-2.912258399999999803e+00,-3.719058900000000167e-01,6.181370400000000265e-01
1.327385600000000032e+01,-2.941279900000000058e+00,-3.664696700000000251e-01,6.236233500000000207e-01
1.329265799999999942e+01,-2.956432700000000136e+00,-3.260540299999999947e-01,6.362402299999999622e-01
1.327307899999999918e+01,-2.949529200000000184e+00,-3.637794699999999937e-01,6.388523900000000477e-01
1.329222000000000037e+01,-2.944993199999999867e+00,-3.580858100000000044e-01,6.416587099999999655e-01
1.346102999999999916e+01,-3.009121700000000121e+00,-3.649933599999999889e-01,7.403710599999999697e-01
1.349834300000000020e+01,-3.035677100000000017e+00,-4.129476599999999942e-01,7.527495600000000398e-01
1.348893400000000042e+01,-3.046371300000000115e+00,-4.665991500000000181e-01,7.359357499999999996e-01
1.342329299999999925e+01,-3.004902799999999985e+00,-3.448238900000000218e-01,7.107516799999999968e-01
1.360891900000000021e+01,-3.090054600000000207e+00,-5.363249799999999512e-01,7.959576499999999610e-01
1.353910800000000059e+01,-3.048932900000000057e+00,-4.635816400000000170e-01,7.726611500000000188e-01
1.351228300000000004e+01,-3.040690899999999974e+00,-5.063904399999999972e-01,7.128934799999999683e-01
1.351076899999999981e+01,-3.039772600000000047e+00,-5.068574700000000322e-01,7.129276599999999631e-01
1.304643300000000039e+01,-2.906643700000000052e+00,-2.167755799999999955e-01,5.660815500000000444e-01
1.310130099999999942e+01,-2.941401799999999955e+00,-1.472614800000000002e-01,6.013882000000000394e-01
1.316617399999999982e+01,-2.948170499999999805e+00,-1.693491900000000105e-01,6.236032000000000242e-01
1.315654999999999930e+01,-2.958206199999999786e+00,-1.520341699999999963e-01,6.350464900000000190e-01
1.340665399999999963e+01,-2.997892499999999849e+00,-3.934861900000000134e-01,7.065611200000000425e-01
1.336790700000000065e+01,-2.974616800000000172e+00,-3.388592100000000218e-01,6.837299999999999489e-01
1.336709100000000028e+01,-2.965546999999999933e+00,-3.475437299999999952e-01,6.877011499999999833e-01
1.341441099999999942e+01,-2.988543700000000136e+00,-4.014316199999999890e-01,7.131619300000000550e-01
1.337768600000000063e+01,-2.975493699999999908e+00,-3.300147600000000181e-01,7.016341099999999775e-01
1.332394399999999912e+01,-2.969217599999999901e+00,-3.620378899999999733e-01,6.643432599999999910e-01
1.331718500000000027e+01,-2.970436299999999807e+00,-3.650462899999999955e-01,6.697055100000000039e-01
1.333224300000000007e+01,-2.969470999999999972e+00,-3.663186199999999837e-01,6.635613000000000206e-01
1.335030700000000081e+01,-2.971483699999999839e+00,-3.589760599999999857e-01,6.785138600000000242e-01
1.336556399999999911e+01,-2.967593200000000042e+00,-3.475936700000000212e-01,7.005824600000000180e-01
1.333503499999999953e+01,-2.975741300000000145e+00,-3.521467099999999739e-01,6.686996800000000185e-01
1.333579800000000048e+01,-2.955951199999999890e+00,-3.401621899999999754e-01,6.724781399999999465e-01
1.331887000000000043e+01,-2.963511700000000193e+00,-2.950122199999999917e-01,6.771663799999999567e-01
1.330015599999999942e+01,-2.936587499999999906e+00,-3.591479699999999831e-01,6.536606700000000547e-01
1.328988200000000042e+01,-2.955011499999999902e+00,-2.985866099999999745e-01,6.588519699999999535e-01
1.321862299999999912e+01,-2.940287899999999954e+00,-2.556230099999999839e-01,6.346246100000000334e-01
1.304913900000000027e+01,-2.912665200000000176e+00,-2.218235100000000015e-01,5.724514299999999833e-01
1.330510100000000051e+01,-2.969955500000000193e+00,-3.021714699999999976e-01,6.682953000000000365e-01
1.329213900000000059e+01,-2.946307700000000196e+00,-3.261148799999999959e-01,6.519184199999999985e-01
1.317178200000000032e+01,-2.931812199999999979e+00,-1.963107299999999888e-01,6.272616800000000437e-01
1.315507299999999979e+01,-2.931446999999999914e+00,-1.989300699999999866e-01,6.310238799999999815e-01
1.316436900000000065e+01,-2.945198299999999936e+00,-1.553458199999999956e-01,6.413626700000000236e-01
1.318027999999999977e+01,-2.948075799999999802e+00,-1.592119200000000068e-01,6.414404500000000509e-01
1.336335900000000088e+01,-2.961559400000000064e+00,-4.258279700000000001e-01,6.660954000000000041e-01
1.346182199999999973e+01,-3.021860199999999885e+00,-3.390351300000000179e-01,7.408761200000000269e-01
1.350431799999999960e+01,-3.022730099999999975e+00,-4.083354100000000098e-01,7.664819000000000493e-01
1.350572099999999942e+01,-3.046645999999999965e+00,-4.768257799999999769e-01,7.245973199999999892e-01
1.351187999999999967e+01,-3.035590299999999964e+00,-4.880729799999999896e-01,7.399429800000000279e-01
1.347841400000000078e+01,-3.023279899999999909e+00,-4.479640999999999762e-01,7.268687299999999629e-01
1.339399000000000051e+01,-2.997669899999999998e+00,-3.423751500000000170e-01,7.144699700000000098e-01
1.345472299999999954e+01,-3.010840899999999820e+00,-3.639510599999999929e-01,7.307871400000000017e-01
1.340221499999999999e+01,-2.992964199999999853e+00,-3.308295399999999775e-01,7.065647900000000536e-01
1.340213100000000068e+01,-3.012171400000000165e+00,-3.021083299999999805e-01,7.337949799999999856e-01
1.344816900000000004e+01,-3.008369000000000071e+00,-3.249186900000000100e-01,7.487850900000000420e-01
1.343596900000000005e+01,-3.001755699999999916e+00,-3.677901900000000168e-01,7.333858699999999953e-01
1.345533400000000057e+01,-3.003729900000000175e+00,-3.483461299999999761e-01,7.338795099999999572e-01
1.343336900000000078e+01,-3.021651199999999982e+00,-3.472629300000000252e-01,7.343864100000000450e-01
1.347755300000000034e+01,-3.013935700000000217e+00,-3.958495599999999892e-01,7.382682000000000411e-01
1.349161999999999928e+01,-3.032391000000000059e+00,-5.184832600000000014e-01,7.238008099999999612e-01
1.355730800000000080e+01,-3.058959999999999901e+00,-4.766346399999999983e-01,7.599863700000000222e-01
1.336280000000000001e+01,-2.981722099999999820e+00,-3.261394200000000132e-01,6.729388499999999773e-01
1.338639299999999999e+01,-2.976545000000000218e+00,-3.777010700000000276e-01,6.842026900000000023e-01
1.338457900000000045e+01,-2.973899700000000035e+00,-3.525434299999999910e-01,6.907100600000000146e-01
1.337690199999999940e+01,-2.979318199999999806e+00,-4.085885400000000001e-01,6.841881499999999949e-01
1.337292799999999993e+01,-2.982203399999999949e+00,-4.131104800000000021e-01,6.812668400000000402e-01
1.331640900000000016e+01,-2.967839699999999858e+00,-2.781166999999999945e-01,6.751247900000000302e-01
1.333208600000000033e+01,-2.968099200000000160e+00,-3.681165399999999921e-01,6.705266899999999808e-01
1.345276400000000017e+01,-3.010685000000000056e+00,-3.275405800000000256e-01,7.429144199999999643e-01
1.346685800000000022e+01,-3.007882799999999968e+00,-3.749122100000000235e-01,7.388937700000000053e-01
1.343291800000000080e+01,-3.011798499999999823e+00,-3.982491100000000173e-01,7.258351899999999635e-01
1.344679299999999955e+01,-3.012670400000000193e+00,-4.032970399999999955e-01,7.146109899999999460e-01
1.342166500000000084e+01,-3.002976900000000171e+00,-3.770315799999999773e-01,7.105480699999999761e-01
1.341451900000000030e+01,-3.003479800000000033e+00,-3.245665799999999934e-01,7.145928099999999672e-01
1.354476599999999920e+01,-3.055004799999999854e+00,-5.051417099999999660e-01,7.547698099999999855e-01
1.355901199999999918e+01,-3.056623200000000207e+00,-5.053169699999999764e-01,7.479415000000000369e-01
1.355163899999999977e+01,-3.060294999999999987e+00,-5.072500500000000079e-01,7.476718199999999870e-01
1.352824200000000054e+01,-3.066883300000000201e+00,-4.968910100000000218e-01,7.528202400000000294e-01
1.326847399999999944e+01,-2.964367900000000056e+00,-2.641949900000000184e-01,6.390986899999999693e-01
1.328866299999999967e+01,-2.931187800000000010e+00,-3.479886899999999894e-01,6.479921199999999493e-01
1.329414099999999976e+01,-2.947714200000000062e+00,-3.312542499999999723e-01,6.605611700000000308e-01
1.349636399999999981e+01,-3.029112599999999933e+00,-4.279034999999999922e-01,7.572076699999999994e-01
1.351561000000000057e+01,-3.054188499999999973e+00,-4.115384300000000106e-01,7.693992100000000001e-01
1.352126200000000011e+01,-3.059680800000000200e+00,-3.928176999999999919e-01,7.689871799999999924e-01
1.352527899999999939e+01,-3.044364999999999988e+00,-4.028158399999999806e-01,8.031748399999999455e-01
1.351898199999999939e+01,-3.063421299999999903e+00,-3.982354599999999856e-01,7.767403699999999578e-01
1.352660000000000018e+01,-3.057068800000000142e+00,-3.950867599999999813e-01,7.916443399999999464e-01
1.356113399999999913e+01,-3.066754500000000050e+00,-4.440110899999999972e-01,7.914851000000000525e-01
1.350289700000000082e+01,-3.030607400000000062e+00,-4.858399099999999859e-01,7.268633500000000192e-01
1.334377399999999980e+01,-2.966422699999999857e+00,-3.641450600000000204e-01,6.706827499999999942e-01
1.344741199999999992e+01,-3.003781299999999987e+00,-3.720878100000000188e-01,7.210571000000000064e-01
1.335332299999999961e+01,-2.963985599999999998e+00,-4.003962799999999933e-01,6.567534200000000322e-01
1.351670200000000044e+01,-3.042656800000000050e+00,-4.310759499999999855e-01,7.716986000000000123e-01
1.353967399999999977e+01,-3.052363099999999996e+00,-5.041675199999999801e-01,7.465168699999999991e-01
1.344427699999999959e+01,-3.014328599999999803e+00,-3.921992699999999887e-01,7.255484700000000009e-01
1.341148199999999946e+01,-2.975744800000000190e+00,-4.231390700000000060e-01,6.824050799999999972e-01
1.331739400000000018e+01,-2.946668600000000193e+00,-3.646659199999999768e-01,6.499670600000000409e-01
1.331365899999999947e+01,-2.946943699999999833e+00,-3.651856099999999938e-01,6.512868400000000335e-01
1.325149900000000081e+01,-2.949653800000000103e+00,-2.883788899999999988e-01,6.491776000000000213e-01
1.328623400000000032e+01,-2.937833900000000220e+00,-3.154718599999999928e-01,6.493033799999999856e-01
1.332212700000000005e+01,-2.975701100000000210e+00,-2.611748199999999742e-01,6.840408100000000546e-01
1.338416499999999942e+01,-2.990524499999999808e+00,-3.362236800000000247e-01,7.037876600000000371e-01
1.332229099999999988e+01,-2.977748500000000131e+00,-3.100531300000000101e-01,6.793134199999999456e-01
1.337072900000000075e+01,-2.968327400000000171e+00,-3.665573500000000040e-01,6.817762299999999831e-01
1.343541100000000021e+01,-3.001653500000000196e+00,-3.775094399999999739e-01,7.150008799999999498e-01
1.334786899999999932e+01,-2.970027899999999832e+00,-3.115386499999999725e-01,6.838670399999999816e-01
1.337506199999999978e+01,-2.992549400000000137e+00,-2.702346099999999862e-01,7.200140800000000008e-01
1.312138799999999961e+01,-2.912755900000000064e+00,-2.129472400000000099e-01,6.117173099999999586e-01
1.315499299999999927e+01,-2.942235300000000109e+00,-2.440434300000000056e-01,6.083876599999999968e-01
1.317574100000000037e+01,-2.942764100000000216e+00,-2.598948500000000106e-01,6.046998000000000095e-01
1.317632099999999973e+01,-2.898661499999999780e+00,-3.067525799999999969e-01,6.177143000000000495e-01
1.328456300000000034e+01,-2.947778299999999962e+00,-3.671769300000000125e-01,6.316720999999999586e-01
1.333471199999999968e+01,-2.948684300000000036e+00,-3.820850399999999869e-01,6.655253599999999548e-01
1.336473999999999940e+01,-2.983696099999999962e+00,-3.120695800000000131e-01,7.017116799999999488e-01
1.342225600000000085e+01,-3.005905799999999850e+00,-4.185031399999999957e-01,6.984930299999999592e-01
1.344445699999999988e+01,-3.013233800000000073e+00,-4.586275799999999792e-01,6.950233700000000292e-01
1.337587800000000016e+01,-2.987757000000000218e+00,-3.675395300000000032e-01,6.941446999999999479e-01
1.338868899999999940e+01,-2.985684800000000028e+00,-3.665062199999999937e-01,6.863334300000000221e-01
1.339971899999999927e+01,-2.982442100000000096e+00,-3.681819199999999959e-01,6.971781000000000228e-01
1.332110100000000052e+01,-2.955937500000000107e+00,-3.172363300000000108e-01,6.679713499999999637e-01
1.331934200000000068e+01,-2.952717700000000001e+00,-3.130462099999999914e-01,6.794811299999999887e-01
1.321689800000000048e+01,-2.929842400000000069e+00,-3.054098599999999775e-01,6.182740399999999692e-01
1.338681399999999933e+01,-2.991113100000000191e+00,-3.195473500000000078e-01,7.080078499999999941e-01
1.338683200000000006e+01,-2.983225500000000086e+00,-3.048117399999999977e-01,7.117914400000000530e-01
1.333099900000000027e+01,-2.959440199999999965e+00,-3.328294600000000214e-01,6.671798700000000082e-01
1.331625200000000042e+01,-2.959290800000000221e+00,-3.824649399999999755e-01,6.478627500000000428e-01
1.332332700000000081e+01,-2.960445299999999946e+00,-3.098265900000000128e-01,6.834703600000000545e-01
1.321554199999999923e+01,-2.941882000000000108e+00,-2.473721500000000129e-01,6.315178599999999864e-01
1.329227700000000034e+01,-2.957704399999999900e+00,-2.582781399999999894e-01,6.775830900000000545e-01
1.336663000000000068e+01,-2.965673900000000085e+00,-4.059651499999999968e-01,6.807897299999999818e-01
1.340866100000000039e+01,-2.996622299999999850e+00,-4.606233000000000133e-01,6.904511800000000532e-01
1.342148899999999934e+01,-2.995228399999999791e+00,-4.600822399999999757e-01,6.868721300000000252e-01
1.346588700000000038e+01,-3.013598099999999835e+00,-4.037714399999999815e-01,7.398247300000000415e-01
1.346498199999999912e+01,-3.010587000000000124e+00,-4.112937300000000240e-01,7.379107999999999778e-01
1.345118000000000080e+01,-3.013841100000000051e+00,-3.602555499999999800e-01,7.501897100000000096e-01
1.346367300000000000e+01,-3.015935300000000208e+00,-3.501070700000000202e-01,7.417620499999999506e-01
1.345449699999999993e+01,-3.015377500000000044e+00,-3.520452000000000026e-01,7.438266500000000336e-01
1.346475099999999969e+01,-3.012524599999999886e+00,-3.580150200000000171e-01,7.403968300000000058e-01
1.342287299999999917e+01,-3.018267699999999998e+00,-3.491927200000000120e-01,7.438740900000000433e-01
1.339851299999999945e+01,-2.980573600000000045e+00,-3.590413399999999866e-01,7.057160300000000497e-01
1.339653900000000064e+01,-2.971006899999999895e+00,-3.507687099999999836e-01,7.129650899999999680e-01
1.328947900000000004e+01,-2.942521699999999907e+00,-3.297735299999999814e-01,6.614102299999999879e-01
1.324787700000000079e+01,-2.944447199999999931e+00,-3.004346700000000148e-01,6.375334099999999671e-01
1.323327100000000023e+01,-2.926990200000000097e+00,-3.067312500000000108e-01,6.349777599999999467e-01
1.322053599999999918e+01,-2.920530900000000152e+00,-3.158755899999999839e-01,6.298900600000000294e-01
1.331063100000000077e+01,-2.979900000000000215e+00,-2.942895899999999898e-01,6.701258599999999621e-01
1.334467599999999976e+01,-2.996673299999999873e+00,-2.488885700000000034e-01,7.025007899999999861e-01
1.334759200000000057e+01,-2.974734999999999907e+00,-2.514421099999999965e-01,7.040722499999999551e-01
1.347360300000000066e+01,-3.010523000000000060e+00,-5.054177699999999884e-01,7.029335799999999468e-01
1.346668400000000076e+01,-3.010850399999999816e+00,-4.548955000000000082e-01,7.164793499999999593e-01
1.345739200000000046e+01,-3.013777600000000056e+00,-4.464912999999999799e-01,7.095014299999999885e-01
1.342641799999999996e+01,-3.000898100000000124e+00,-3.898376700000000250e-01,7.132146499999999500e-01
1.330866400000000027e+01,-2.967627100000000073e+00,-3.278567600000000248e-01,6.541911999999999727e-01
1.332019099999999945e+01,-2.973285800000000201e+00,-2.970806500000000017e-01,6.616969999999999796e-01
1.335830999999999946e+01,-2.954597099999999976e+00,-3.760681799999999742e-01,6.697728299999999857e-01
1.333867900000000084e+01,-2.956218799999999813e+00,-3.742912500000000198e-01,6.784764100000000298e-01
1.336172600000000088e+01,-2.967726199999999981e+00,-3.931014400000000242e-01,6.691805100000000062e-01
1.330857699999999966e+01,-2.966055299999999839e+00,-2.898077399999999804e-01,6.790815599999999730e-01
1.336272600000000033e+01,-2.978924699999999870e+00,-3.492621599999999882e-01,6.682117499999999932e-01
1.334518300000000046e+01,-2.975518000000000107e+00,-3.633262700000000067e-01,6.769123299999999510e-01
1.335485199999999928e+01,-2.965800699999999956e+00,-3.592816899999999869e-01,6.778509900000000421e-01
1.323471900000000012e+01,-2.934792799999999868e+00,-2.604246700000000247e-01,6.480814299999999584e-01
1.340646599999999999e+01,-2.983434499999999989e+00,-3.905720699999999934e-01,6.920057600000000253e-01
1.336905800000000077e+01,-2.971372300000000077e+00,-3.930567300000000208e-01,6.690497399999999484e-01
1.336460199999999965e+01,-2.969896299999999822e+00,-3.946286900000000042e-01,6.821496200000000121e-01
1.335796099999999953e+01,-2.981190699999999971e+00,-3.845097199999999993e-01,6.714750600000000125e-01
1.334760299999999944e+01,-2.979644700000000146e+00,-3.971040800000000259e-01,6.655933400000000333e-01
1.345167299999999955e+01,-3.025281199999999782e+00,-3.785282999999999842e-01,7.409663300000000064e-01
1.344217500000000065e+01,-3.006431899999999935e+00,-3.439975599999999800e-01,7.425476800000000432e-01
1.343558799999999920e+01,-3.019378300000000070e+00,-3.409929199999999772e-01,7.308196599999999821e-01
1.343944600000000023e+01,-3.006589400000000190e+00,-3.508123400000000003e-01,7.315199000000000007e-01
1.335936200000000085e+01,-2.973699499999999940e+00,-3.492680499999999966e-01,6.788065599999999478e-01
1.328586300000000087e+01,-2.967647499999999994e+00,-2.520910800000000229e-01,6.829252700000000287e-01
1.349618899999999933e+01,-3.025843399999999850e+00,-3.759622300000000084e-01,7.522273699999999508e-01
1.343634600000000034e+01,-3.046382100000000204e+00,-3.256048899999999802e-01,7.422537099999999555e-01
1.343106000000000044e+01,-2.994994699999999899e+00,-3.289750599999999858e-01,7.558588099999999921e-01
1.341900599999999955e+01,-2.996752499999999930e+00,-3.358358200000000071e-01,7.469002599999999825e-01
1.340956500000000062e+01,-3.013793999999999862e+00,-3.812431499999999751e-01,7.014489600000000102e-01
1.345018100000000061e+01,-2.994164699999999790e+00,-4.213936999999999822e-01,7.460330899999999543e-01
1.346577100000000016e+01,-2.988361700000000010e+00,-4.199685100000000171e-01,7.504657599999999817e-01
1.345636799999999944e+01,-2.998618399999999795e+00,-3.989457900000000223e-01,7.518895899999999966e-01
1.345607900000000079e+01,-3.024079400000000195e+00,-4.229211900000000024e-01,7.104115300000000133e-01
1.336310399999999987e+01,-2.968348699999999951e+00,-3.410564500000000110e-01,6.905399800000000532e-01
1.327997799999999984e+01,-2.949748500000000107e+00,-3.091572899999999735e-01,6.581785300000000394e-01
1.337978400000000079e+01,-2.979938699999999940e+00,-3.520959900000000253e-01,6.903277399999999675e-01
1.325909700000000058e+01,-2.954653599999999880e+00,-3.266880099999999731e-01,6.378314400000000273e-01
1.325517499999999949e+01,-2.951505299999999998e+00,-3.187005600000000216e-01,6.402297700000000313e-01
1.338503000000000043e+01,-2.995422800000000052e+00,-3.839631299999999858e-01,6.889648200000000333e-01
1.351718699999999984e+01,-3.040586300000000186e+00,-4.377962400000000032e-01,7.755315999999999876e-01
1.351642099999999935e+01,-3.041617700000000202e+00,-4.376109899999999775e-01,7.586792300000000377e-01
1.346301099999999984e+01,-3.000858200000000142e+00,-4.495428000000000202e-01,7.225687499999999819e-01
1.350050700000000070e+01,-3.040320700000000098e+00,-5.101461000000000467e-01,7.153150999999999815e-01
1.362341799999999914e+01,-3.115179499999999990e+00,-4.732668099999999822e-01,8.661746900000000249e-01
1.364526700000000048e+01,-3.118717600000000090e+00,-4.855306099999999736e-01,8.523180200000000095e-01
1.302736100000000086e+01,-2.924520900000000090e+00,-1.351151899999999961e-01,5.930812699999999937e-01
1.305860200000000049e+01,-2.940687800000000074e+00,-1.743863400000000008e-01,5.929235600000000161e-01
1.307206900000000083e+01,-2.937568399999999968e+00,-1.687265699999999924e-01,5.884569699999999681e-01
1.307684099999999994e+01,-2.939289800000000064e+00,-1.661077300000000090e-01,5.860313799999999906e-01
1.312108800000000031e+01,-2.908705100000000154e+00,-2.343646400000000130e-01,5.959449700000000183e-01
1.310479300000000080e+01,-2.920932599999999990e+00,-2.410614699999999999e-01,5.850763900000000017e-01
1.322052099999999975e+01,-2.929182799999999975e+00,-2.874245799999999851e-01,6.369979000000000058e-01
1.339044299999999943e+01,-2.978068400000000171e+00,-2.972480100000000069e-01,7.195182300000000364e-01
1.329696299999999987e+01,-2.958480100000000057e+00,-3.236368600000000262e-01,6.531562300000000043e-01
1.327691100000000013e+01,-2.950266399999999845e+00,-2.826840899999999990e-01,6.582801700000000533e-01
1.316373300000000057e+01,-2.925427099999999836e+00,-2.669620899999999852e-01,6.084940300000000191e-01
1.316346799999999995e+01,-2.943984100000000215e+00,-2.765467300000000184e-01,6.069498500000000130e-01
1.316318300000000008e+01,-2.942792900000000156e+00,-2.752016400000000251e-01,6.062527899999999859e-01
1.325621800000000050e+01,-2.925228699999999904e+00,-3.524045699999999726e-01,6.319001899999999727e-01
1.333770499999999970e+01,-2.957226200000000027e+00,-3.060223699999999880e-01,6.901549799999999735e-01
1.346826399999999957e+01,-3.013001800000000063e+00,-4.407332700000000103e-01,7.267708999999999975e-01
1.324275699999999922e+01,-2.936888600000000071e+00,-3.069747600000000132e-01,6.246500400000000175e-01
1.324600599999999950e+01,-2.937479199999999846e+00,-3.160020399999999841e-01,6.213834900000000383e-01
1.323331400000000002e+01,-2.935812600000000216e+00,-3.300540299999999982e-01,6.170418899999999818e-01
1.324019999999999975e+01,-2.933583399999999841e+00,-3.054991499999999971e-01,6.464941600000000399e-01
1.323280199999999951e+01,-2.962336899999999940e+00,-2.645307000000000075e-01,6.437094199999999766e-01
1.323500699999999952e+01,-2.961139300000000141e+00,-2.653225599999999851e-01,6.449305199999999516e-01
1.326888399999999990e+01,-2.950087900000000207e+00,-2.961982799999999805e-01,6.604745800000000333e-01
1.334108900000000020e+01,-2.951866900000000182e+00,-4.036616100000000040e-01,6.480617400000000528e-01
1.335944199999999960e+01,-2.934566100000000066e+00,-4.559017399999999998e-01,6.601270000000000193e-01
1.334965399999999924e+01,-2.948877400000000204e+00,-4.211244199999999993e-01,6.469257299999999766e-01
1.334055799999999969e+01,-2.954282899999999934e+00,-4.075686299999999873e-01,6.688405699999999676e-01
1.333952200000000055e+01,-2.961311600000000155e+00,-4.017012099999999752e-01,6.604145900000000236e-01
1.331827799999999939e+01,-2.958374599999999965e+00,-4.009816399999999725e-01,6.462335700000000349e-01
1.331993399999999994e+01,-2.953987800000000163e+00,-3.935063799999999890e-01,6.525323200000000545e-01
1.331343400000000088e+01,-2.971707499999999946e+00,-3.709573299999999740e-01,6.414342499999999836e-01
1.332066499999999998e+01,-2.978448799999999785e+00,-3.840743200000000246e-01,6.372715500000000199e-01
1.333032000000000039e+01,-2.945983599999999925e+00,-2.617850600000000139e-01,7.049140900000000487e-01
1.329637100000000061e+01,-2.958551799999999954e+00,-2.742577400000000276e-01,6.880475299999999628e-01
1.333115699999999926e+01,-2.968063100000000176e+00,-3.776912800000000181e-01,6.522353899999999705e-01
1.333433999999999919e+01,-2.951897400000000005e+00,-3.783895099999999845e-01,6.638641100000000073e-01
1.334302199999999949e+01,-2.948830200000000179e+00,-3.683643899999999860e-01,6.825828299999999738e-01
1.334363699999999930e+01,-2.960503399999999896e+00,-3.504491800000000268e-01,6.738938799999999452e-01
1.327341900000000052e+01,-2.934030799999999939e+00,-3.464420300000000119e-01,6.396816300000000011e-01
1.326341399999999915e+01,-2.932465500000000169e+00,-3.185081200000000057e-01,6.502955500000000555e-01
1.310196200000000033e+01,-2.910871000000000208e+00,-2.167378600000000044e-01,5.943087599999999915e-01
1.309728999999999921e+01,-2.939097600000000199e+00,-1.875714599999999954e-01,5.854897900000000099e-01
1.293500000000000050e+01,-2.916622400000000059e+00,-1.446397899999999903e-01,5.559602099999999547e-01
1.314245099999999944e+01,-2.934185400000000055e+00,-1.955704400000000120e-01,6.002112699999999634e-01
1.349001299999999937e+01,-3.026907399999999804e+00,-4.531954599999999944e-01,7.438627899999999959e-01
1.344781599999999955e+01,-3.001289100000000154e+00,-4.261135500000000076e-01,7.187007499999999993e-01
1.344265200000000071e+01,-3.011616899999999930e+00,-4.181618200000000174e-01,7.076445000000000096e-01
1.328745600000000060e+01,-2.941368000000000205e+00,-3.214029999999999943e-01,6.610686099999999454e-01
1.336465800000000037e+01,-2.967079800000000045e+00,-3.778334899999999941e-01,6.810373600000000360e-01
1.336165899999999951e+01,-2.963293900000000036e+00,-3.905595900000000120e-01,6.791796900000000026e-01
1.333413900000000041e+01,-2.974276000000000142e+00,-4.046800700000000028e-01,6.520450100000000360e-01
1.326153599999999955e+01,-2.950153100000000084e+00,-2.157224199999999981e-01,6.736642999999999937e-01
1.321815999999999924e+01,-2.964730100000000146e+00,-2.272862700000000125e-01,6.346454500000000554e-01
1.320551099999999956e+01,-2.961705300000000207e+00,-2.399683699999999864e-01,6.319737199999999611e-01
1.320771599999999957e+01,-2.956710499999999797e+00,-2.203749499999999861e-01,6.394614400000000476e-01
1.339027899999999960e+01,-2.983563300000000140e+00,-3.533660399999999924e-01,7.006030899999999839e-01
1.337484599999999979e+01,-2.974332099999999812e+00,-4.093703399999999992e-01,6.688075300000000389e-01
1.339618800000000043e+01,-2.980344099999999941e+00,-3.855287199999999914e-01,7.033026999999999473e-01
1.356230900000000084e+01,-3.058638600000000096e+00,-4.697473500000000080e-01,7.841232900000000283e-01
1.355670300000000061e+01,-3.068365500000000079e+00,-4.930361400000000116e-01,7.557431999999999483e-01
1.364665199999999956e+01,-3.129539299999999802e+00,-5.228144700000000311e-01,8.563044600000000450e-01
1.364593699999999998e+01,-3.115646499999999985e+00,-5.211429800000000334e-01,8.483556100000000377e-01
1.363926299999999969e+01,-3.118714499999999834e+00,-5.227857900000000280e-01,8.435094699999999834e-01
1.366191000000000066e+01,-3.148615100000000222e+00,-5.518239000000000338e-01,8.328047600000000328e-01
1.365332899999999938e+01,-3.145826399999999801e+00,-5.061801099999999609e-01,8.905746199999999835e-01
1.359864100000000064e+01,-3.100781000000000009e+00,-5.557003799999999938e-01,8.053831099999999577e-01
1.362679800000000085e+01,-3.096918800000000083e+00,-5.370014100000000123e-01,7.959511400000000014e-01
1.358451200000000014e+01,-3.104883500000000129e+00,-5.376823600000000258e-01,7.763084599999999780e-01
1.361721000000000004e+01,-3.091746300000000058e+00,-5.474999900000000475e-01,7.797258700000000431e-01
1.360199500000000050e+01,-3.093278100000000030e+00,-5.513603000000000254e-01,7.851871900000000348e-01
1.324964100000000045e+01,-2.946767100000000195e+00,-2.957960299999999876e-01,6.355057100000000014e-01
1.318964000000000070e+01,-2.916175799999999985e+00,-2.825654699999999853e-01,6.307190599999999980e-01
1.319862799999999936e+01,-2.923590200000000028e+00,-2.896246699999999730e-01,6.191151599999999977e-01
1.326256599999999963e+01,-2.955621199999999948e+00,-2.190682899999999989e-01,6.612692100000000517e-01
1.341753699999999938e+01,-2.988768700000000056e+00,-3.544010499999999952e-01,7.162463000000000024e-01
1.340535000000000032e+01,-2.994073699999999949e+00,-3.458315599999999823e-01,7.306353799999999454e-01
1.341323599999999949e+01,-2.992494600000000116e+00,-3.405775899999999856e-01,7.308994100000000271e-01
1.322514299999999920e+01,-2.929866500000000151e+00,-3.350284800000000174e-01,6.163115500000000413e-01
1.325622800000000012e+01,-2.926130099999999956e+00,-3.713245900000000099e-01,6.280902600000000113e-01
1.328813399999999945e+01,-2.955333299999999941e+00,-3.261248299999999767e-01,6.444179100000000382e-01
1.335175500000000071e+01,-2.982065500000000036e+00,-3.217592599999999914e-01,6.847849400000000086e-01
1.357080400000000076e+01,-3.062603999999999882e+00,-5.042234899999999964e-01,7.581399399999999567e-01
1.360456100000000035e+01,-3.103230700000000120e+00,-5.435691099999999665e-01,8.000975299999999457e-01
1.358925499999999964e+01,-3.107923599999999897e+00,-5.331240099999999815e-01,7.926775200000000243e-01
1.363351199999999963e+01,-3.102146999999999988e+00,-5.546469400000000327e-01,7.863906499999999689e-01
1.357367699999999999e+01,-3.106111900000000148e+00,-5.288384200000000313e-01,7.834802400000000500e-01
1.356985000000000063e+01,-3.109332600000000113e+00,-5.296490499999999546e-01,7.825812199999999663e-01
1.349547399999999975e+01,-3.035457099999999908e+00,-4.231229599999999924e-01,7.294805800000000451e-01
1.347237600000000057e+01,-3.032550599999999985e+00,-4.683575099999999769e-01,7.198274999999999535e-01
1.348193200000000047e+01,-3.019155899999999892e+00,-4.856435299999999899e-01,7.195479099999999573e-01
1.349965500000000063e+01,-3.033366200000000124e+00,-4.323406799999999772e-01,7.473319999999999963e-01
1.346968700000000041e+01,-3.020312000000000108e+00,-4.883491600000000044e-01,6.943626200000000415e-01
1.330984300000000076e+01,-2.965161800000000181e+00,-3.423931199999999953e-01,6.570706699999999678e-01
1.326226999999999911e+01,-2.953720500000000193e+00,-3.201793700000000187e-01,6.387530000000000152e-01
1.334213699999999925e+01,-2.959390799999999988e+00,-3.075213900000000056e-01,6.919805500000000276e-01
1.331230599999999953e+01,-2.967085799999999995e+00,-3.189017699999999733e-01,6.801124400000000403e-01
1.332358600000000060e+01,-2.968681899999999985e+00,-3.140408299999999930e-01,6.749504400000000404e-01
1.341915000000000013e+01,-2.997765300000000188e+00,-4.199173900000000015e-01,6.971068000000000264e-01
1.343634699999999960e+01,-2.996123199999999986e+00,-4.507107599999999881e-01,7.018912299999999771e-01
1.343717999999999968e+01,-3.009237199999999834e+00,-4.389170600000000255e-01,6.969049099999999886e-01
1.326237700000000075e+01,-2.945353100000000168e+00,-2.653356299999999890e-01,6.613688500000000081e-01
1.326013700000000028e+01,-2.959073000000000064e+00,-2.546301999999999732e-01,6.525992499999999641e-01
1.319923499999999983e+01,-2.949218500000000187e+00,-2.099190499999999959e-01,6.313067100000000487e-01
1.314286399999999944e+01,-2.935364100000000143e+00,-2.140511800000000076e-01,6.196817399999999809e-01
1.313385800000000003e+01,-2.919068600000000124e+00,-2.271869800000000106e-01,5.996109600000000261e-01
1.324579899999999988e+01,-2.932287999999999784e+00,-3.917028699999999808e-01,6.148232399999999931e-01
1.322754800000000053e+01,-2.932819400000000076e+00,-3.593464699999999734e-01,6.149048499999999473e-01
1.324224099999999993e+01,-2.920466400000000018e+00,-3.838826499999999919e-01,6.079702299999999449e-01
1.322853899999999960e+01,-2.911572699999999791e+00,-3.838644299999999787e-01,6.057518200000000519e-01
1.320878300000000038e+01,-2.931154799999999838e+00,-3.452655199999999924e-01,6.051794999999999813e-01
1.320625899999999930e+01,-2.936844400000000022e+00,-3.465344599999999886e-01,6.008889400000000380e-01
1.317251199999999933e+01,-2.940606100000000112e+00,-2.406469999999999998e-01,6.169876699999999881e-01
1.318639800000000051e+01,-2.951179999999999914e+00,-2.448705899999999991e-01,6.135658000000000500e-01
1.318401599999999974e+01,-2.942069399999999835e+00,-1.863551599999999919e-01,6.322123400000000393e-01
1.307640699999999967e+01,-2.928616499999999956e+00,-2.011707799999999935e-01,5.899363499999999982e-01
1.310193100000000044e+01,-2.917155699999999907e+00,-2.067394700000000085e-01,6.018747899999999929e-01
1.317899799999999999e+01,-2.940175500000000053e+00,-1.683322800000000008e-01,6.339343400000000406e-01
1.340718200000000060e+01,-2.974755200000000155e+00,-4.453896800000000100e-01,6.741427599999999520e-01
1.358170400000000022e+01,-3.086543400000000048e+00,-4.868512700000000026e-01,8.171218199999999987e-01
1.360955799999999982e+01,-3.078127499999999905e+00,-4.858396999999999855e-01,8.311037100000000510e-01
1.359128800000000048e+01,-3.084798500000000221e+00,-4.757859400000000183e-01,8.198259300000000360e-01
1.358572700000000033e+01,-3.096186400000000116e+00,-4.417656899999999887e-01,7.981184199999999951e-01
1.357434300000000071e+01,-3.086490299999999909e+00,-4.502932199999999940e-01,8.046025300000000380e-01
1.359275799999999990e+01,-3.094122200000000156e+00,-4.816273600000000044e-01,8.058952299999999624e-01
1.358087199999999939e+01,-3.080084300000000219e+00,-5.518459999999999477e-01,7.632012999999999714e-01
1.336630700000000083e+01,-2.990462899999999813e+00,-3.029938200000000248e-01,7.006636800000000109e-01
1.336101200000000055e+01,-2.971271499999999843e+00,-4.059711699999999923e-01,6.883337299999999770e-01
1.327569199999999938e+01,-2.948665500000000161e+00,-3.664083699999999832e-01,6.515515100000000004e-01
1.334377300000000055e+01,-2.962285699999999800e+00,-3.559238399999999913e-01,6.487137299999999884e-01
1.330506300000000053e+01,-2.962092199999999842e+00,-2.965602600000000200e-01,6.788308299999999962e-01
1.369485799999999998e+01,-3.150776599999999927e+00,-6.273147000000000029e-01,8.128455900000000067e-01
1.369989999999999952e+01,-3.152515199999999851e+00,-6.182211100000000181e-01,8.108907100000000145e-01
1.368847000000000058e+01,-3.136594999999999800e+00,-6.132082300000000208e-01,7.985466799999999532e-01
1.368928900000000048e+01,-3.154885800000000184e+00,-5.677858300000000469e-01,8.676667500000000421e-01
1.368285200000000046e+01,-3.164439799999999803e+00,-5.719305199999999978e-01,8.650119600000000242e-01
1.369190399999999919e+01,-3.152204400000000017e+00,-5.778595600000000498e-01,8.594007000000000174e-01
1.363515300000000074e+01,-3.099198299999999850e+00,-5.521725600000000345e-01,8.216136400000000339e-01
1.360624299999999920e+01,-3.121713199999999855e+00,-5.003021800000000407e-01,7.986950099999999830e-01
1.363760100000000008e+01,-3.116781700000000210e+00,-5.700169999999999959e-01,8.325256300000000165e-01
1.365535299999999985e+01,-3.114151600000000020e+00,-5.796238799999999802e-01,8.232625700000000268e-01
1.363005000000000067e+01,-3.122166800000000020e+00,-5.805529699999999460e-01,8.511763900000000049e-01
1.362923600000000057e+01,-3.122814500000000049e+00,-5.807373799999999697e-01,8.415783500000000306e-01
1.367425000000000068e+01,-3.156422899999999920e+00,-5.395108199999999465e-01,8.382552699999999968e-01
1.367405899999999974e+01,-3.145874599999999965e+00,-5.497921900000000139e-01,8.302935299999999463e-01
1.352548799999999929e+01,-3.049106999999999790e+00,-4.433562300000000178e-01,7.852229699999999646e-01
1.352333400000000019e+01,-3.059322499999999945e+00,-4.802386499999999891e-01,7.495581700000000236e-01
1.347369899999999987e+01,-2.999640499999999932e+00,-4.129530499999999882e-01,7.405398100000000206e-01
1.345362599999999986e+01,-3.022510899999999889e+00,-3.886097499999999760e-01,7.338816599999999912e-01
1.345195400000000063e+01,-3.009884399999999793e+00,-4.423018200000000122e-01,7.059011400000000380e-01
1.351621899999999954e+01,-3.045093599999999956e+00,-4.211438100000000073e-01,7.779326300000000138e-01
1.353158700000000003e+01,-3.061582299999999979e+00,-4.146193300000000082e-01,7.660599200000000053e-01
1.355530500000000060e+01,-3.061542300000000161e+00,-4.064845699999999895e-01,8.227032199999999573e-01
1.334499199999999952e+01,-2.978345800000000043e+00,-4.367367300000000174e-01,6.559415699999999738e-01
1.337195099999999925e+01,-2.965441400000000005e+00,-3.969825499999999896e-01,6.765314199999999945e-01
1.327879199999999926e+01,-2.953059099999999937e+00,-2.576407000000000003e-01,6.687084800000000495e-01
1.339309899999999942e+01,-2.984859500000000221e+00,-4.176127399999999823e-01,6.757759399999999639e-01
1.306540399999999913e+01,-2.940290399999999860e+00,-1.678899699999999995e-01,5.831864100000000439e-01
1.301658699999999946e+01,-2.919453100000000134e+00,-1.527103200000000105e-01,5.756581800000000193e-01
1.299203600000000058e+01,-2.914305300000000098e+00,-1.405265199999999881e-01,5.731947899999999541e-01
1.307548500000000047e+01,-2.924839200000000083e+00,-1.576874900000000135e-01,5.886719400000000046e-01
1.307154899999999920e+01,-2.927674600000000016e+00,-1.640825200000000095e-01,5.997040000000000148e-01
1.314467199999999991e+01,-2.909571199999999802e+00,-2.798373800000000244e-01,5.961337100000000389e-01
1.317196099999999959e+01,-2.926791900000000002e+00,-2.846189399999999869e-01,6.034495100000000223e-01
1.324510700000000085e+01,-2.950325100000000145e+00,-2.962117400000000011e-01,6.310964199999999913e-01
1.316318399999999933e+01,-2.907193200000000033e+00,-2.583871999999999836e-01,6.171652100000000196e-01
1.314467299999999916e+01,-2.921396999999999800e+00,-2.569100400000000062e-01,5.990298200000000461e-01
1.314957899999999924e+01,-2.911499300000000012e+00,-2.915941599999999911e-01,6.001098999999999739e-01
1.314120600000000039e+01,-2.930969199999999830e+00,-2.389479800000000043e-01,6.061321499999999807e-01
1.313171999999999962e+01,-2.932038400000000156e+00,-2.442180200000000079e-01,6.066652599999999840e-01
1.314732300000000009e+01,-2.931169000000000135e+00,-2.131887399999999877e-01,6.096762000000000015e-01
1.306593999999999944e+01,-2.939768200000000054e+00,-1.384372600000000064e-01,5.936694000000000138e-01
1.307827299999999937e+01,-2.947732300000000194e+00,-1.553769000000000122e-01,5.946896999999999878e-01
1.301229000000000013e+01,-2.918365399999999887e+00,-1.225389900000000004e-01,5.814448700000000025e-01
1.299371400000000065e+01,-2.926671600000000151e+00,-1.908052100000000029e-01,5.537818100000000410e-01
1.299512200000000028e+01,-2.945819100000000024e+00,-1.188548199999999999e-01,5.670007299999999528e-01
1.300146400000000035e+01,-2.936468699999999821e+00,-1.225558000000000064e-01,5.671354800000000251e-01
1.310729399999999956e+01,-2.954464100000000037e+00,-1.227713599999999960e-01,6.109593899999999911e-01
1.333510799999999996e+01,-2.931481999999999921e+00,-4.127820200000000272e-01,6.655709199999999548e-01
1.330921500000000002e+01,-2.944179300000000055e+00,-3.736364899999999878e-01,6.502287500000000220e-01
1.322076299999999982e+01,-2.942854599999999987e+00,-2.566090999999999789e-01,6.309972999999999832e-01
1.346306700000000056e+01,-3.013876499999999847e+00,-4.222273200000000171e-01,7.335022599999999615e-01
1.361082999999999998e+01,-3.092503100000000060e+00,-5.449183699999999853e-01,7.904863600000000545e-01
1.358790899999999979e+01,-3.083857200000000187e+00,-4.416585800000000228e-01,8.025617600000000129e-01
1.324873900000000049e+01,-2.942530300000000043e+00,-3.522536600000000240e-01,6.387036299999999667e-01
1.329115700000000011e+01,-2.951262100000000110e+00,-3.363228799999999907e-01,6.386606700000000414e-01
1.328269599999999961e+01,-2.958147199999999977e+00,-3.361128199999999788e-01,6.431406800000000201e-01
1.339889100000000077e+01,-2.984671099999999910e+00,-3.569251500000000243e-01,7.143494799999999811e-01
1.340857399999999977e+01,-3.017231400000000008e+00,-2.782456999999999847e-01,7.232086800000000482e-01
1.347491199999999978e+01,-3.029239000000000015e+00,-4.941330400000000234e-01,6.993422400000000039e-01
1.350336899999999929e+01,-3.027054699999999876e+00,-5.196727100000000377e-01,7.154205000000000148e-01
1.345131399999999999e+01,-3.008187400000000178e+00,-4.687835399999999986e-01,7.019844800000000218e-01
1.338591199999999937e+01,-2.988247100000000156e+00,-3.012811300000000081e-01,7.222775799999999746e-01
1.330381299999999989e+01,-2.948837800000000176e+00,-3.421913799999999894e-01,6.667944199999999988e-01
1.331352099999999972e+01,-2.951548799999999861e+00,-3.322822400000000065e-01,6.670853799999999501e-01
1.330779000000000067e+01,-2.975481900000000124e+00,-2.521099399999999768e-01,6.741033100000000111e-01
1.321077400000000068e+01,-2.934127500000000222e+00,-2.747089300000000178e-01,6.237787000000000193e-01
1.320896699999999946e+01,-2.927889799999999987e+00,-2.812445800000000218e-01,6.248118599999999967e-01
1.324489600000000067e+01,-2.957697000000000020e+00,-2.552031699999999792e-01,6.514893800000000068e-01
1.321045400000000036e+01,-2.948315800000000042e+00,-2.051881700000000031e-01,6.543533599999999950e-01
1.323166499999999957e+01,-2.944157600000000041e+00,-2.000164700000000018e-01,6.514762100000000000e-01
1.323561699999999952e+01,-2.945534900000000178e+00,-2.028751599999999988e-01,6.512176499999999812e-01
1.322030499999999975e+01,-2.958040000000000003e+00,-2.011469499999999910e-01,6.543117299999999803e-01
1.321270999999999951e+01,-2.969062999999999786e+00,-1.681952499999999906e-01,6.504521100000000278e-01
1.320669700000000013e+01,-2.948049099999999978e+00,-2.071677299999999944e-01,6.365694100000000022e-01
1.322190100000000079e+01,-2.931367199999999951e+00,-3.120301200000000219e-01,6.272050999999999599e-01
1.321929800000000021e+01,-2.922988800000000165e+00,-3.162973499999999771e-01,6.267631999999999648e-01
1.323673299999999919e+01,-2.931042600000000053e+00,-2.958679499999999907e-01,6.358002900000000457e-01
1.324218399999999995e+01,-2.930959800000000115e+00,-3.059859400000000118e-01,6.340154000000000067e-01
1.328470300000000037e+01,-2.956163300000000049e+00,-2.962860500000000230e-01,6.672640100000000185e-01
1.328025000000000055e+01,-2.959003800000000073e+00,-2.945155300000000254e-01,6.717705600000000166e-01
1.330871499999999941e+01,-2.945489900000000105e+00,-3.900581900000000268e-01,6.298446199999999662e-01
1.322794700000000034e+01,-2.939702200000000154e+00,-2.655237300000000134e-01,6.266378999999999699e-01
1.321299499999999938e+01,-2.930172199999999894e+00,-2.753494499999999956e-01,6.405298400000000170e-01
1.322419499999999992e+01,-2.928389300000000084e+00,-2.706027400000000083e-01,6.387159799999999610e-01
1.353553800000000074e+01,-3.064485400000000137e+00,-4.480545799999999801e-01,7.599173700000000364e-01
1.353683499999999995e+01,-3.053168100000000162e+00,-4.820081999999999978e-01,7.624613099999999477e-01
1.338477199999999989e+01,-2.988372299999999981e+00,-3.592395700000000081e-01,6.947060299999999744e-01
1.330315500000000029e+01,-2.970495099999999944e+00,-3.251519600000000176e-01,6.583807999999999883e-01
1.332186500000000073e+01,-2.979578699999999802e+00,-3.280446799999999774e-01,6.532784999999999842e-01
1.330899699999999974e+01,-2.988130400000000186e+00,-3.264968200000000209e-01,6.557872300000000543e-01
1.333757600000000032e+01,-2.978794900000000023e+00,-3.238898000000000055e-01,6.687238199999999688e-01
1.341206500000000013e+01,-2.984372000000000025e+00,-4.193405800000000183e-01,6.866103099999999460e-01
1.329939800000000005e+01,-2.970673500000000189e+00,-2.529260600000000081e-01,6.787178099999999770e-01
1.340098500000000037e+01,-2.988173999999999886e+00,-4.415229399999999749e-01,6.871245700000000456e-01
1.352432899999999982e+01,-3.047640100000000185e+00,-4.159195099999999923e-01,7.912770000000000081e-01
1.349883200000000016e+01,-3.057036000000000087e+00,-3.939241499999999729e-01,7.569152999999999576e-01
1.353387299999999982e+01,-3.045139799999999841e+00,-5.011411099999999452e-01,7.738702299999999923e-01
1.339382999999999946e+01,-3.004323799999999878e+00,-3.934016799999999758e-01,6.867125899999999561e-01
1.340836599999999912e+01,-2.997137100000000220e+00,-3.624876399999999999e-01,7.055442699999999734e-01
1.339661399999999958e+01,-2.990735599999999828e+00,-3.641943500000000000e-01,7.145063900000000467e-01
1.328101500000000001e+01,-2.953591600000000206e+00,-3.126132200000000250e-01,6.642053900000000066e-01
1.329835100000000025e+01,-2.952659500000000214e+00,-3.113654100000000091e-01,6.589537300000000153e-01
1.329330599999999940e+01,-2.956200299999999892e+00,-3.152836299999999814e-01,6.569397399999999942e-01
1.327442300000000053e+01,-2.946607399999999988e+00,-3.645411900000000149e-01,6.327924299999999613e-01
1.330159800000000025e+01,-2.939455999999999847e+00,-3.680046299999999992e-01,6.425956999999999919e-01
1.328042499999999926e+01,-2.946611199999999986e+00,-3.369485300000000239e-01,6.444059600000000554e-01
1.331941899999999990e+01,-2.969586099999999895e+00,-2.933044000000000207e-01,6.743384199999999939e-01
1.335256099999999968e+01,-2.964926499999999798e+00,-3.467025699999999877e-01,6.808680599999999972e-01
1.325317199999999929e+01,-2.937630400000000197e+00,-3.678736000000000228e-01,6.232235400000000203e-01
1.324680999999999997e+01,-2.929508400000000012e+00,-3.717823499999999837e-01,6.165779999999999594e-01
1.319128199999999929e+01,-2.924746199999999963e+00,-2.392136699999999894e-01,6.316976300000000100e-01
1.329901100000000014e+01,-2.959408600000000167e+00,-3.262516699999999936e-01,6.572662900000000308e-01
1.328319399999999995e+01,-2.961618399999999873e+00,-3.259123500000000173e-01,6.589667099999999555e-01
1.344532200000000088e+01,-2.982953100000000024e+00,-4.677682200000000123e-01,7.025000999999999607e-01
1.328453799999999951e+01,-2.964679100000000123e+00,-2.411972500000000019e-01,6.795655699999999522e-01
1.316113999999999962e+01,-2.920248500000000025e+00,-3.266979199999999750e-01,5.991250900000000268e-01
1.318987599999999993e+01,-2.927376100000000037e+00,-2.929121800000000220e-01,6.074521400000000293e-01
1.313539600000000007e+01,-2.934146300000000096e+00,-2.031664300000000090e-01,6.120671500000000043e-01
1.313007700000000000e+01,-2.942988300000000113e+00,-1.563599499999999975e-01,6.224038400000000415e-01
1.312853699999999968e+01,-2.942556499999999797e+00,-1.651666599999999929e-01,6.180265700000000528e-01
1.312243999999999922e+01,-2.900518599999999836e+00,-2.444315499999999974e-01,5.959538300000000177e-01
1.311394800000000060e+01,-2.905475700000000217e+00,-2.401605199999999884e-01,5.952834900000000262e-01
1.309345000000000070e+01,-2.930188699999999979e+00,-2.414209300000000058e-01,5.828032399999999447e-01
1.353832899999999917e+01,-3.046681899999999832e+00,-4.892428500000000069e-01,7.591083800000000270e-01
